Hour,Day,Solar_Irradiance,Ambient_Temperature,Humidity,Panel_Voltage,Panel_Current,Panel_Power,Panel_Temperature,MPPT_Input_Voltage,MPPT_Output_Voltage,MPPT_Efficiency,Battery_Voltage,Battery_Current,Battery_SOC,Battery_SOH,Battery_RUL,Battery_Temperature,Charging_Status,Load_Power,Load_Current,Power_Balance,Battery_Stress_Index,Efficiency_Loss,Actual_Label,Predicted_Label,Reconstruction_Error
-0.7953100270027725,-0.74429963270961,-0.7904807747785566,0.2652990399733895,0.2778442387561445,-0.7904197960249194,-0.7904794415036949,-0.785889850843727,-0.5378384001990165,-0.8208292056470788,-1.7763568394002505e-15,-2.9821461166509304,-1.1192680252884497,-0.3757816695836272,-1.1210830636197748,0.2090132247626786,0.2090133239790109,-0.5903728121530221,0.7516283835227737,-0.8549301027001907,-0.8544133457359648,-0.333755303455708,0.6012433472773286,2.982146116650928,1,0,0.37951653393417445
1.0834205935518215,0.9703604131566128,-0.7904807747785566,-1.2775813224913977,1.3405215890286843,-0.7904197960249194,-0.7904794415036949,-0.785889850843727,-1.32884908635424,-0.8208292056470788,-1.7763568394002505e-15,0.3117044358611631,0.8060891191137748,-1.208144570906962,0.8133751840851958,-0.119798850013104,-0.1198038319823728,0.2008001924715871,0.7516283835227737,0.7178938468076185,0.7176632770861539,-1.1733313226636726,-0.2712153586808114,-0.311704435861166,0,0,0.12936616814526214
-1.228863247130756,0.6274284039833682,-0.7904807747785566,-0.7748939265402472,1.3301708356169384,-0.7904197960249194,-0.7904794415036949,-0.785889850843727,-1.0711291025716498,-0.8208292056470788,-1.7763568394002505e-15,0.6475092897904335,1.0095821506359626,-0.2469864862379841,1.0115828774646023,-0.1241283229311494,-0.1241383688417871,-0.440364474884748,0.7516283835227737,-1.097000102311487,-1.0967372953039214,-0.2045379382782986,-1.236233534426259,-0.6475092897904351,0,0,0.13954828288015955
0.2163141532958551,-0.1727462840875357,1.680298659006331,1.161867036215269,-0.3086984545761012,1.6699413076799765,1.6794847554149983,1.691855421726658,2.02820472837223,1.607865960152164,-1.7763568394002505e-15,0.5191133162292402,0.1486500941959414,1.3158565594337743,0.1536325332268413,0.65517680231707,0.6551667978216495,0.2201561069578173,-1.3304447010278462,0.6648858176956555,0.666169437802963,1.3731535412444196,0.0767396851492525,-0.5191133162292438,0,0,0.025291416693536763
-0.6507922869601114,0.9703604131566128,-0.1954667051470328,1.618855577989041,-0.3114586554858999,-0.1884165472460616,-0.1955940376215433,-0.2123508819489164,0.662623515602141,-0.2265740055047105,-1.7763568394002505e-15,-0.157434698304725,-1.8236669805575585,0.2047578135564355,-1.8174554730082044,-0.1997801654991052,-0.1997699605850299,-0.8371607218524417,0.7516283835227737,-0.8763857335312231,-0.8756166913231611,0.2523714311863471,0.7435106804689314,0.1574346983047243,1,1,0.5455903851954776
-0.5062745469174503,-0.9729209721584398,-0.711222346006594,1.1749238516945184,0.01079480073311,-0.7118976331407177,-0.7119545681912509,-0.710332269559141,-0.0045476978263836,0.3935183772525381,-1.7763568394002505e-15,-0.2364476051116141,0.4460629864206776,0.537318510851902,0.451147571954452,0.3131231232363868,0.31312322798551,-0.6774744273410525,-1.3304447010278462,-0.3046562766807677,-0.3061554098384629,-0.5519022421650155,-0.608886016978952,0.2364476051116112,0,0,0.20002655496071853
-1.373380987173417,-0.8586103024340248,-0.7904807747785566,-1.738922136091588,-0.9877078783866072,-0.7904197960249194,-0.7904794415036949,-0.785889850843727,-1.5653713225529813,-0.8208292056470788,-1.7763568394002505e-15,0.4796068628257956,-1.6671338793866464,-0.0643664501508783,-1.6713434362049042,-1.2450313932686785,-1.2450212439032016,-0.5177881328296641,0.7516283835227737,-1.4438240642154718,-1.4450779728078589,-0.0194027351982563,0.8840639494052134,-0.4796068628258004,1,1,0.526206241494296
0.5053496333811774,-1.430163651056099,1.010292714067121,-0.8793484503742527,0.6021678456575041,1.015589950311654,1.01083356145146,0.994888486144356,0.4104818864468788,0.961936394780026,-1.7763568394002505e-15,0.2079999956771246,0.1643034043130324,0.6334343193187998,0.1581095037138505,1.1976268448265917,1.1976320602928687,-0.5008517076542136,-1.3304447010278462,0.6065769856724964,0.6055884504109735,0.6843535717064458,-0.5694625391065801,-0.207999995677127,0,0,0.1660323798211455
-0.9398277670454336,1.3132924223298572,-0.7904807747785566,1.2010374826530208,-0.2638451897918707,-0.7904197960249194,-0.7904794415036949,-0.785889850843727,-0.0580999022487397,-0.8208292056470788,-1.7763568394002505e-15,0.691954049869308,-0.3366025194338859,-0.1239582514003549,-0.3433111908311784,0.4201699740989414,0.4201700845369402,-0.8807115294464577,0.7516283835227737,-1.3317499455216075,-1.3330031461326792,-0.0792280846651695,-0.2986403867659396,-0.6919540498693089,0,0,0.12274071920178968
-1.517898727216078,1.0846710828810275,-0.7904807747785566,0.8506796006264614,1.2073418951308916,-0.7904197960249194,-0.7904794415036949,-0.785889850843727,-0.237722921248727,-0.8208292056470788,-1.7763568394002505e-15,0.6129411430624189,0.8687023595821414,-0.2873551257940812,0.8630288567592976,0.4515143452833897,0.4515144573871458,-0.4064916245338471,0.7516283835227737,-1.022031603995997,-1.0210110610639351,-0.2445562463676527,-1.0751114944261306,-0.6129411430624219,0,0,0.1722439710172051
0.3608318933385163,-1.2015423116072694,1.3761954801844476,-0.7400757519289121,1.337071337891435,1.3820267104379067,1.3772829702428653,1.373193910247317,0.7931570138816344,1.3236569513884158,-1.7763568394002505e-15,-0.2364476051116141,0.8373957393479594,0.9506164872595626,0.8365740311542431,0.5579788693791919,0.5579739234295894,-0.2613222658871293,-1.3304447010278462,0.683564837477966,0.6843437340205599,1.0050390035335932,-0.8677097195323488,0.2364476051116112,0,0,0.23456485169300587
-1.228863247130756,0.8560497434321979,-0.7904807747785566,-1.3624506231065272,0.1819272571406361,-0.7904197960249194,-0.7904794415036949,-0.785889850843727,-1.3723602524474048,-0.8208292056470788,-1.7763568394002505e-15,-0.033977031418967,-2.0428133221968343,-0.120113619061679,-2.047408957113676,1.220540137170636,1.220530162720757,-0.4524619214386404,0.7516283835227737,-1.3393225211090312,-1.3390612448718782,-0.0751858313228105,1.2543018285544438,0.0339770314189637,1,0,0.42781755186180764
0.2163141532958551,0.741739073707783,1.7040918927426958,0.4350376412036477,1.3108494292483468,1.6961153619747042,1.7032801715702846,1.7169550292081812,1.6756527159250507,1.6337031427670443,-1.7763568394002505e-15,-3.658694131184901,0.8687023595821414,1.5523014482623427,0.8630288567592976,0.5991215213781623,0.5991216413263217,0.1741858100530223,-1.3304447010278462,0.2728788214533786,0.2723930197550336,1.3875709114988333,-0.5248968684682466,3.658694131184896,0,0,0.15926341466249394
-0.7953100270027725,-1.0872316418828545,-0.7166144319798518,0.8202136978415431,0.1350038416740564,-0.7118976331407177,-0.716713651422308,-0.7155074463594552,-0.1908647423791656,-0.7433176578024193,-1.7763568394002505e-15,0.1536786222473904,1.244381802392332,-0.5218776984533119,1.2513042971780943,0.474199770631747,0.4742100113636602,-0.4427839641955262,0.7516283835227737,-0.4457586017930877,-0.4454916808400379,-0.4811628086737329,-1.2619444982560664,-0.1536786222473924,0,0,0.1315990591841184
0.0717964132531941,0.0558750553612939,1.8618496702224243,0.9268443575887556,0.0073445495958617,1.853159687743108,1.8627094598107008,1.8839838604383192,2.062790527061669,1.7887262384563636,-1.7763568394002505e-15,0.4450387160977864,-1.041001474702995,1.8214257119696569,-1.0360206243666004,-1.4789495236185262,-1.478944450395626,1.2387611067956183,-1.3304447010278462,0.0653902503579816,0.0664176626222702,1.8843638472747544,1.693102277916495,-0.4450387160977875,1,0,0.2866254487235231
0.7943851134664996,-1.6587849905049288,-0.133379190930687,0.6026001065206986,-1.21197420230776,-0.1360684386565969,-0.1337259556177996,-0.1516719339652335,0.1951573978319872,-0.1748996402749406,-1.7763568394002505e-15,0.4746685561503657,-0.11745617779461,-0.8813508221195098,-0.1121367147747039,-0.6438676215372402,-0.6438776950687863,0.0290164514063062,0.7516283835227737,1.3067878083228994,1.3083279041580478,-0.8437529334833352,0.2498601749366243,-0.47466855615037,0,0,0.34163837175133965
1.0834205935518215,0.2844963948101236,-0.7904807747785566,-0.0894111138795875,-1.3527444487074989,-0.7904197960249194,-0.7904794415036949,-0.785889850843727,-0.7196927610499356,-0.8208292056470788,-1.7763568394002505e-15,0.0796040221159312,0.8530490494650503,-1.5099482094930212,0.8520399292002747,0.0016036215777088,0.0015935823489415,0.5492066532237102,0.7516283835227737,1.2898757228443212,1.2901536079404514,-1.4786561917898555,-0.0106775918720932,-0.079604022115936,0,0,0.10073864662880894
1.6614915537224662,-1.430163651056099,-0.7904807747785566,-0.2047463172796345,-1.472123138056297,-0.7904197960249194,-0.7904794415036949,-0.785889850843727,-0.7788233200996206,-0.8208292056470788,-1.7763568394002505e-15,-0.2512625251379037,0.9782755304017808,-0.2662096479313636,0.9830930652745442,1.2166410796888871,1.2166412324543672,-0.440364474884748,0.7516283835227737,-1.062671092981835,-1.0634177522383277,-0.2228628200969927,-1.200238185064528,0.2512625251379026,0,0,0.3149143524988683
-1.517898727216078,-1.430163651056099,-0.7904807747785566,-1.0447347797780948,-0.1624078063567647,-0.7904197960249194,-0.7904794415036949,-0.785889850843727,-1.209472297329404,-0.8208292056470788,-1.7763568394002505e-15,0.232691529054274,1.0721953911043265,-0.1258805675696929,1.0754814562337336,0.0307452784705186,0.0307403045017336,-0.8444191897847778,0.7516283835227737,-1.327206400169154,-1.3269450473934803,-0.0816534366705849,-1.4830587871924126,-0.2326915290542791,0,0,0.1617633449021505
-0.2172390668321281,-1.0872316418828545,1.4236248966094132,0.3610490201545606,0.6732430190848234,1.4343748190273808,1.4224942609379092,1.4226168486903166,1.3989663264095418,1.3753313166181949,-1.7763568394002505e-15,0.5487431562818249,-0.1018028676775191,0.8948693183487618,-0.1084737389216965,1.2951792375355389,1.2951895218974026,-0.1427672896589771,-1.3304447010278462,0.9491098214102748,0.9478710291757124,0.949255907409039,-0.0740979693189523,-0.5487431562818265,0,0,0.15846739907382676
0.3608318933385163,0.2844963948101236,1.5548410470168932,1.3598954043172369,1.0810627035075964,1.5652450905010378,1.5557485914075109,1.5598884133186484,2.022626373744902,1.504517229692615,-1.7763568394002505e-15,0.0351592620370568,1.0408887708701444,1.410050051731334,1.0441426628246695,0.1183474790344844,0.1183425097212102,0.2661264038626107,-1.3304447010278462,0.1888232324329806,0.1875796374062487,1.4693591707925635,-0.598601631447029,-0.035159262037062,0,0,0.12328663523623105
0.0717964132531941,-0.6299889629851951,1.7570180958394293,0.426333097550814,0.2129795173758728,1.7484634705641688,1.7580096287274427,1.7728469386515735,1.715816869241818,1.6853775079968143,-1.7763568394002505e-15,0.4104705693697718,0.1643034043130324,1.6426503082212267,0.1642144634688632,0.7425764544404223,0.7425765820123204,0.2225755962685955,-1.3304447010278462,0.188570813246733,0.1875796374062487,1.7040793482055432,0.2789992672770727,-0.4104705693697746,0,0,0.027797841870064913
1.5169738136798052,1.4276030920542722,-0.7904807747785566,1.6928441990381289,1.0789925528252473,-0.7904197960249194,-0.7904794415036949,-0.785889850843727,0.1940417269065217,-0.8208292056470788,-1.7763568394002505e-15,0.6870157431938726,0.759129188762502,-1.5618507460651463,0.7641285087280943,0.0963203361181109,0.096315365634232,1.0137486008932046,0.7516283835227737,1.3898337205983082,1.3901122371372336,-1.5320139359089946,0.229291403872778,-0.6870157431938785,0,0,0.20772748275334338
-0.2172390668321281,-0.4013676235363654,1.4243839766736095,0.1651967879658009,0.5407533754144808,1.4343748190273808,1.4248738025534378,1.4233931252103638,1.2996716140430893,1.3753313166181949,-1.7763568394002505e-15,0.6722008231675829,0.6025960875915898,1.3177788756031124,0.5992945953427562,-0.321866238076979,-0.3218661670735864,4.601851248777906,-1.3304447010278462,0.1620667986907517,0.163347242449453,1.375848376805992,0.9457702625967516,-0.6722008231675871,1,1,1.0829795479565572
-1.0843455070880947,1.0846710828810275,-0.7904807747785566,-1.1383086240460578,1.6731257986594397,-0.7904197960249194,-0.7904794415036949,-0.785889850843727,-1.2574461471244318,-0.8208292056470788,-1.7763568394002505e-15,0.5339282362555298,0.8060891191137748,-0.077822663336244,0.8064562296961815,-0.6718193063414645,-0.6718091265133316,-0.5274660900727783,0.7516283835227737,-1.4195918223357176,-1.4208455778510634,-0.0323379458938051,-1.196810056553887,-0.5339282362555352,0,0,0.18376899246307643
0.9389028535091608,1.4276030920542722,-0.7851148639799264,-1.2536438274461048,1.1928508403544482,-0.7904197960249194,-0.7857203582726376,-0.7808440534634207,-1.3121140224722538,-0.8208292056470788,-1.7763568394002505e-15,0.232691529054274,-0.3522558295509769,-1.5791515915891878,-0.359591083511212,-2.7878935025076634,-2.787903689980844,0.6459862256548548,0.7516283835227737,1.4289586944666612,1.4294898789420265,-1.5477787239441945,1.081181338767072,-0.2326915290542791,1,0,0.19004973293301422
-0.072721326789467,-0.8586103024340248,1.8383181882323336,0.6787648634829929,-0.3307800618544916,1.8269856334483705,1.8389140436554152,1.8588842529567955,1.915521964900189,1.762889055841474,-1.7763568394002505e-15,0.6228177564132786,0.3208365054839474,1.554223764431681,0.3233504144161897,-1.79819118457547,-1.7981810646069951,1.3815109761315565,-1.3304447010278462,0.5414528356206565,0.5419784136493853,1.6146108075613306,0.4161244077027137,-0.6228177564132827,0,0,0.10581913704645447
-0.5062745469174503,-1.0872316418828545,0.5101636524601559,0.5003217185999019,0.6028578958849533,0.5182829187117256,0.5111298221904527,0.486815503773519,0.6916309596642506,0.4710299250971976,-1.7763568394002505e-15,0.5586197696326847,1.306995042860696,0.6045995767787306,1.307062929607209,-2.2691163089944717,-2.2691062140527367,-0.7742539997721979,-1.3304447010278462,-0.2844627417809725,-0.2849520642512669,0.6561925400880114,-1.6321823774052968,-0.5586197696326873,0,0,0.1268864571466747
-0.5062745469174503,1.3132924223298572,0.5838205938618412,0.1739013316186344,1.110734863287933,0.5968050815959273,0.5848956122718396,0.5609499114380184,0.5867578926704695,0.5485414729418572,-1.7763568394002505e-15,-0.241385911787044,0.7904358089966839,0.7372393924630494,0.7913973289671504,0.3382897669822202,0.3382898730687936,-0.474237325235648,-1.3304447010278462,-0.4361666727156849,-0.4364045327312397,0.7899911257200943,-1.0271176952771568,0.2413859117870418,0,0,0.16635334313038233
-0.3617568068747892,0.9703604131566128,1.003879796283392,-0.8097121011515823,-1.0732741065903697,1.015589950311654,1.0036949366048742,0.9882901357239556,0.4406050014344547,0.961936394780026,-1.7763568394002505e-15,-0.0981750181995609,0.1173434739617595,1.2293523318135662,0.1137467961607598,0.9551763614160348,0.9551714365750088,-0.2177714582931141,-1.3304447010278462,-0.5563182053694671,-0.557566507515218,1.286918803274094,-0.0672417122976704,0.0981750181995594,0,0,0.15358884337003756
-1.6624164672587392,-0.8586103024340248,-0.7904807747785566,1.5470430928531629,-0.8621187369907615,-0.7904197960249194,-0.7904794415036949,-0.785889850843727,0.1192917749003156,-0.8208292056470788,-1.7763568394002505e-15,0.3462725825891778,0.4617162965377686,-0.0855119280135958,0.4539965531734582,0.0525951915013558,0.0526054098276123,-0.5081101755865489,0.7516283835227737,-1.404446671160871,-1.4057003310030662,-0.0404224525785231,-0.8899925548515158,-0.3462725825891791,0,0,0.10970588548638804
1.372456073637144,1.0846710828810275,-0.7904807747785566,0.994304570898218,0.791931658206172,-0.7904197960249194,-0.7904794415036949,-0.785889850843727,-0.1640886401679872,-0.8208292056470788,-1.7763568394002505e-15,0.0845423287913611,-0.7748952027124434,-1.4445894597355309,-0.7739143522180625,-0.5995348315986556,-0.5995297116403364,0.8613207743141524,0.7516283835227737,1.1659379023968277,1.1659625837868737,-1.4124979787532468,1.4051394830226485,-0.0845423287913664,0,0,0.1395491750603051
0.7943851134664996,0.8560497434321979,-0.0097800163397994,-0.4898201219099413,1.4191873149579493,-0.0051981671829305,-0.009989791610312,-0.0304434174178756,-0.258920668832577,-0.0457137272005111,-1.7763568394002505e-15,0.0203443420107671,0.0703835436104867,-0.5411008601466913,0.0701980832416701,-1.990916025816193,-1.9909160435124125,-0.1016359713757401,0.7516283835227737,0.8807042219372181,0.8812319430445242,-0.5004308829389775,-0.1580871178296576,-0.0203443420107709,0,1,0.5700460582323291
-1.0843455070880947,1.3132924223298572,-0.7904807747785566,-0.381013326249519,-1.610133183546237,-0.7904197960249194,-0.7904794415036949,-0.785889850843727,-0.8691926650623474,-0.8208292056470788,-1.7763568394002505e-15,0.5684963829835444,-2.1367331828993827,-0.120113619061679,-2.129622415147845,-0.4151904320881857,-0.4151903660443927,-0.5806948549099078,0.7516283835227737,-1.3373031676190514,-1.3360321955022787,-0.0762637655474396,1.288583113660854,-0.5684963829835482,1,1,0.7259825009590225
-1.373380987173417,1.6562244315031018,-0.7904807747785566,-1.1883597500498522,-0.5157135228110115,-0.7904197960249194,-0.7904794415036949,-0.785889850843727,-1.2831065784101443,-0.8208292056470788,-1.7763568394002505e-15,0.0005911153090476,0.2425699548984898,-0.0643664501508783,0.2399159644310186,-0.2229972805040642,-0.2229921405351181,-0.5202076221404422,0.7516283835227737,-1.4443289025879669,-1.4450779728078589,-0.019133251642099,-0.7254423863407466,-0.0005911153090491,0,0,0.12388637224014394
-1.6624164672587392,0.8560497434321979,-0.7904807747785566,0.8397989210604182,0.2681835355718487,-0.7904197960249194,-0.7904794415036949,-0.785889850843727,-0.2433012758760562,-0.8208292056470788,-1.7763568394002505e-15,-0.0685451781469816,0.4460629864206776,-0.298889022810109,0.4405656417124301,-0.4428636127865686,-0.4428686119247202,-0.2830976696841369,0.7516283835227737,-0.9995662964199746,-0.9998077154767387,-0.2565482646166511,-0.6774485871917721,0.0685451781469768,0,0,0.05572168477355983
-0.6507922869601114,-0.9729209721584398,-0.112255825006323,0.2848842631922655,0.9692745666607446,-0.1098943843618599,-0.112310081078042,-0.1309712267639771,0.0512358484469043,-0.149062457660051,-1.7763568394002505e-15,-0.0438536447698267,1.2287284922752413,0.2105247620644494,1.2293264420600494,-0.1700308632844622,-0.1700257205006829,-0.8178048073662131,0.7516283835227737,-0.7302350246939543,-0.7302223215823871,0.2574916187533352,-1.8190153812352323,0.0438536447698245,0,0,0.24312280735259129
-1.6624164672587392,-0.6299889629851951,-0.7904807747785566,0.3436399328488934,0.8009023111630177,-0.7904197960249194,-0.7904794415036949,-0.785889850843727,-0.4976742468822492,-0.8208292056470788,-1.7763568394002505e-15,-0.0636068714715517,0.4617162965377686,-0.2162294275285768,0.4625434968304755,0.7724523494304473,0.7724626060126298,-0.6024702587069154,0.7516283835227737,-1.1542992575896565,-1.1542892333263113,-0.1739515546544488,-0.8385706271919003,0.0636068714715463,0,0,0.06634969141917602
0.0717964132531941,-1.430163651056099,1.752332739581113,-0.5463996556533603,1.3681235981266715,1.7484634705641688,1.7532505454963851,1.7679305206912752,1.213764952782226,1.6853775079968143,-1.7763568394002505e-15,-0.0241004180681072,-1.2914544365764555,1.4677195368114728,-1.2960919099301342,0.01195891060391,0.0119640630593163,0.3822618907799839,-1.3304447010278462,0.4667367564914139,0.4662521794093988,1.5271633935882971,1.4428488966396995,0.0241004180681028,0,0,0.4514274464895931
0.7943851134664996,1.4276030920542722,-0.0140465698040761,-0.7596609751477881,-0.2983477011643557,-0.0051981671829305,-0.0147488748413692,-0.0345835588581269,-0.4017265472921943,-0.0457137272005111,-1.7763568394002505e-15,-0.2562008318133336,0.7747824988795929,-0.6583621464763068,0.768198481898103,0.1531858108194579,0.1531808433576265,0.0604698124464272,0.7516283835227737,1.0884452122188626,1.087207300177288,-0.6198120983166465,-0.6243125952768365,0.256200831813333,0,0,0.14181027118718365
-0.9398277670454336,0.6274284039833682,-0.7904807747785566,0.7222875817471625,1.7007278077574282,-0.7904197960249194,-0.7904794415036949,-0.785889850843727,-0.3035475058512072,-0.8208292056470788,-1.7763568394002505e-15,0.0845423287913611,0.3051831953668564,-0.1412590969243965,0.3062565271021545,0.9289716569120752,0.9289819218122846,-0.5323050686943355,0.7516283835227737,-1.298178193750698,-1.299683603067085,-0.0971487411496277,-0.7357267718726694,-0.0845423287913664,0,0,0.1404390118778824
-0.9398277670454336,-0.9729209721584398,-0.7904807747785566,1.351190860664403,-1.207143850715612,-0.7904197960249194,-0.7904794415036949,-0.785889850843727,0.0188813916083974,-0.8208292056470788,-1.7763568394002505e-15,-0.0685451781469816,-0.8531617532978981,-0.2008508981738731,-0.8520578370822226,0.3578103729460369,0.3578256712038653,-0.40165264591229,0.7516283835227737,-1.1863564942430815,-1.1876087763919052,-0.1568393488384623,0.3149946166388036,0.0685451781469768,0,0,0.22707109957379254
0.5053496333811774,0.1701857250857087,0.9684124346631776,0.4067478743319381,-0.5039826689443664,0.9632418417221892,0.968001812371945,0.9519345187017488,1.0341419337822388,0.910262029550256,-1.7763568394002505e-15,0.0154060353353373,0.3677964358352201,0.5238622976665364,0.3754460709922967,1.0884785538927035,1.088488827269713,-0.626665151814702,-1.3304447010278462,0.7186511043663605,0.7176632770861539,0.574000055460045,-0.8574253340004259,-0.0154060353353403,0,0,0.10541181248384396
1.5169738136798052,0.3988070645345384,-0.7904807747785566,-1.4538483314612822,1.5558172599929905,-0.7904197960249194,-0.7904794415036949,-0.785889850843727,-1.419218431316967,-0.8208292056470788,-1.7763568394002505e-15,0.1289870888702355,0.195610024547217,-1.7752278408616595,0.2012512193159391,0.4866818182843551,0.4866869959683299,1.0500409405548854,0.7516283835227737,1.7904229691729976,1.7899467539243616,-1.7458491377197856,0.8497826642988032,-0.1289870888702401,0,0,0.1360141561350703
0.5053496333811774,-1.0872316418828545,1.0690036307565238,1.5535715005927884,0.2115994169209732,1.0679380589011187,1.0679425602241466,1.0551792958680155,1.706891501838092,1.013610760009796,-1.7763568394002505e-15,-0.2512625251379037,0.9313156000505052,0.4661928125863976,0.9371023684534494,1.2487956446357749,1.2487957991100709,-0.8637751042710072,-1.3304447010278462,1.0038847848259698,1.0023939178285026,0.5153873819958394,-1.4350649880434383,0.2512625251379026,0,0,0.28969791064189687
-1.0843455070880947,0.8560497434321979,-0.7904807747785566,0.4241569616376053,-1.0518825495394293,-0.7904197960249194,-0.7904794415036949,-0.785889850843727,-0.4563944226400164,-0.8208292056470788,-1.7763568394002505e-15,0.1981233823262649,0.6652093280599536,-0.2758212287780535,0.6697051311839008,-0.0774409073704708,-0.0774408233773931,-0.437944985573969,0.7516283835227737,-1.0434872348270294,-1.0422144066511312,-0.2331031952309688,-0.9277019684685668,-0.1981233823262662,0,0,0.09487743808049816
-0.2172390668321281,-1.0872316418828545,1.4487007139025243,0.7505773486188727,-1.3962176130368296,1.4605488733221084,1.4486692187087236,1.4488808709519108,1.6198691696517626,1.4011684992330753,-1.7763568394002505e-15,0.4993600895275206,0.3834497459523111,0.9198594285501552,0.3896909770873257,1.0707302467842248,1.0707354555067363,-0.1959960544961065,-1.3304447010278462,0.9501194981552644,0.950900078545312,0.9732399439070356,-0.4940437118724773,-0.4993600895275221,0,0,0.19497387398687901
-1.228863247130756,-1.544474320780514,-0.7904807747785566,1.2837306473549408,1.291528022879755,-0.7904197960249194,-0.7904794415036949,-0.785889850843727,-0.0157044070810413,-0.8208292056470788,-1.7763568394002505e-15,0.6030645297115591,-1.6827871895037372,-0.162404574787114,-1.689658315469942,0.942010712776362,0.9420260420808024,-0.5419830259374497,0.7516283835227737,-1.2588008006960971,-1.2572769118926928,-0.1181684585298946,0.9560546481286744,-0.6030645297115611,1,0,0.3935592922351658
-1.0843455070880947,0.9703604131566128,-0.7904807747785566,1.1488102207360178,-0.5647070889599403,-0.7904197960249194,-0.7904794415036949,-0.785889850843727,-0.0848760044599181,-0.8208292056470788,-1.7763568394002505e-15,0.691954049869308,-1.776707050206283,-0.252753434745998,-1.7743137574061156,0.8568390934997218,0.856824036010114,-0.6919913632057247,0.7516283835227737,-1.0853888197441046,-1.0846210978255235,-0.2107360600699157,1.0434719251500209,-0.6919540498693089,1,0,0.354530479648086
0.7943851134664996,-0.9729209721584398,-0.0896142989535663,-0.983802974208258,-0.1285953452117293,-0.0837203300671322,-0.088514664922756,-0.1088473459426343,-0.5802338953667157,-0.1232252750451706,-1.7763568394002505e-15,-4.695738533025291,0.1016901638446686,-0.5468678086547053,0.0966529088467247,0.6127682225642825,0.6127632795263954,-0.2855171589949159,0.7516283835227737,0.7418736695011251,0.7418956720429495,-0.5723829924329676,-0.187226210170106,4.695738533025287,0,0,0.15211362109526563
-0.2172390668321281,-0.0584356143631209,-0.6608613100233522,-0.7096098491439937,1.518554547710707,-0.659549524551253,-0.6619841942651501,-0.6622031253162198,-0.9272075531865668,1.452842864462845,-1.7763568394002505e-15,0.1833084622999697,1.1974218720410563,1.2754879198776772,1.2000226352359893,-0.3808331528496596,-0.3808280212687068,-0.0145343561877106,-1.3304447010278462,0.3561771529150342,0.3572064021038182,-0.8554754681761765,-0.8591393982557467,-0.183308462299975,0,0,0.33702290871526747
-0.3617568068747892,-1.544474320780514,1.0403941648887052,-0.4550019472986061,-1.167810987750979,1.0417640046063816,1.0393880608378034,1.0258101675262328,0.6525824772729489,0.9877735773949065,-1.7763568394002505e-15,-0.0833600981732713,1.0252354607530534,1.3197011917724502,1.0282697674616368,0.9019567586456724,0.9019619583989242,0.1112790879727786,-1.3304447010278462,-0.6537520112609795,-0.6544960873424006,1.3771957945867783,-0.6877329727236956,0.083360098173268,0,0,0.2505056858655749
-0.2172390668321281,-1.430163651056099,1.5356284688403337,0.5656057959961547,0.4551871472107172,1.5390710362063105,1.536712258483282,1.539834603217431,1.5986714220679128,1.4786800470777348,-1.7763568394002505e-15,0.5191133162292402,1.0252354607530534,1.0005967076623494,1.0290837620956383,0.0360115379263892,0.0360166916600397,-0.3508433703859386,-1.3304447010278462,0.9705654522413072,0.9721034241325082,1.055432428535002,-1.0236895667665151,-0.5191133162292438,0,0,0.2318942509145628
-1.6624164672587392,0.0558750553612939,-0.7904807747785566,0.4872649031206508,1.666915346612392,-0.7904197960249194,-0.7904794415036949,-0.785889850843727,-0.424039965801509,-0.8208292056470788,-1.7763568394002505e-15,0.3709641159663272,0.8373957393479594,-0.2873551257940812,0.8386090177392471,-0.7035434558520552,-0.7035484688437174,-0.6605380021656029,0.7516283835227737,-1.0200122505060174,-1.0210110610639351,-0.2456341805922817,-1.126533422085746,-0.3709641159663311,0,0,0.15049367553462484
1.227938333594483,-0.6299889629851951,-0.7904807747785566,0.7875716591434151,-0.1727585597685101,-0.7904197960249194,-0.7904794415036949,-0.785889850843727,-0.2700773780872347,-0.8208292056470788,-1.7763568394002505e-15,0.608002836386989,-1.8393202906746493,-1.7675385761843077,-1.8317003791032331,0.6265415165257848,0.6265467016424306,1.0911722588381207,0.7516283835227737,1.7780544290468734,1.777830556445964,-1.7392467905939326,2.568989112385276,-0.6080028363869916,1,0,0.14130205848270394
1.372456073637144,1.1989817526054425,-0.7904807747785566,-0.2395644918909696,1.23356380377398,-0.7904197960249194,-0.7904794415036949,-0.785889850843727,-0.7966740549070728,-0.8208292056470788,-1.7763568394002505e-15,0.2030616890016947,1.08784870122142,-1.517637474170373,1.0803654240377438,0.5891460106781038,0.5891461300961272,0.8250284346524734,0.7516283835227737,1.3055257123916626,1.3052988547884483,-1.487010182030731,-0.1186636399572858,-0.2030616890016967,0,0,0.17862072761591907
-0.3617568068747892,-0.4013676235363654,1.0326463131989756,-0.1242292884909226,1.6379332370595046,1.0417640046063816,1.0322494359912175,1.017788643485746,0.8165861033164155,0.9877735773949065,-1.7763568394002505e-15,0.2623213691068588,-1.8862802210259224,1.1159356778226268,-1.8837960356793404,1.1000744521176444,1.100074598688335,-0.1621232041452057,-1.3304447010278462,-0.2584635655974859,-0.2576906199248715,1.171175615904548,1.555977137490853,-0.2623213691068616,1,1,0.6679896626039313
1.6614915537224662,1.3132924223298572,-0.7904807747785566,-1.151365439525308,-0.8407271799398206,-0.7904197960249194,-0.7904794415036949,-0.785889850843727,-1.264140172677226,-0.8208292056470788,-1.7763568394002505e-15,-3.866103011552978,0.6652093280599536,-0.1950839496658593,0.6627861767948866,-0.1560803394374272,-0.1560802596235477,-0.4814957931679842,0.7516283835227737,-1.1977153576242163,-1.1966959245007036,-0.1507759688249239,-0.987694217404785,3.866103011552974,0,0,0.2821900373016218
-1.6624164672587392,-0.8586103024340248,-0.7904807747785566,-1.5844164862537884,0.8354048225355027,-0.7904197960249194,-0.7904794415036949,-0.785889850843727,-1.486158686844912,-0.8208292056470788,-1.7763568394002505e-15,0.1438020088965307,0.414756366186493,-0.0566771854735264,0.4202157758623884,1.0540453189889496,1.054045463113477,-0.9121648904865796,0.7516283835227737,-1.4594740537628133,-1.4602232196558564,-0.0110487449573811,-0.9945504744260668,-0.1438020088965315,0,0,0.0813458382660993
-0.6507922869601114,0.0558750553612939,-0.0318195133761246,-1.305871089363108,0.170196403273991,-0.0313722214776675,-0.0314056661500695,-0.052049780559187,-0.6973793425406205,-0.0715509098154006,-1.7763568394002505e-15,-0.0833600981732713,0.9000089798163232,0.2816504603299538,0.8955886421193644,-0.3945558097010076,-0.3945608062718987,-1.1734697360506705,-1.3304447010278462,-0.7191285804990669,-0.7181061241039892,0.3302521789157972,-1.6064714135754894,0.083360098173268,0,0,0.1823319731687911
-0.3617568068747892,-0.4013676235363654,1.0876403550912783,1.525281733721078,-1.637735192644225,1.0941121131958464,1.0869788931483757,1.0744568294491854,1.7091228436890231,1.0394479426246763,-1.7763568394002505e-15,0.3363959692383125,0.4930229167719505,1.4984765955208803,0.4983592607265488,-2.467082091135988,-2.4670871978487536,0.3629059762937553,-1.3304447010278462,-0.8693179963162948,-0.8695585925839622,1.5574802936559895,-0.0552432625104267,-0.3363959692383182,0,0,0.21940428862375547
-0.7953100270027725,-0.9729209721584398,-0.7904807747785566,1.0008329786378436,-0.3990950343720121,-0.7904197960249194,-0.7904794415036949,-0.785889850843727,-0.1607416273915898,-0.8208292056470788,-1.7763568394002505e-15,-0.0981750181995609,-0.0391896272091525,-0.6295274039362374,-0.0409121842995577,0.4403741810498227,0.4403844199841166,-0.1185723965511905,0.7516283835227737,-0.3755860680162989,-0.3758235453392505,-0.5896299400270327,-0.012391656127414,0.0981750181995594,0,0,0.1413488462843907
0.5053496333811774,1.1989817526054425,1.060339647954833,0.9050829984566724,-0.4963921164424197,1.0679380589011187,1.060803935377561,1.0462521158874738,1.3677275404965012,1.013610760009796,-1.7763568394002505e-15,0.5141750095538102,-1.776707050206283,0.669958326536221,-1.78123271179513,0.4237398903646981,0.4237450647037001,-0.4693983466140909,-1.3304447010278462,0.6568084037357376,0.6570822896941648,0.7211380771219127,1.0966079170649563,-0.5141750095538136,1,1,0.6036036957429599
0.0717964132531941,0.3988070645345384,1.8932860549500092,0.2283047294488455,-0.2176118245527406,1.905507796332572,1.893643500812573,1.917363750800345,1.7314362621983388,1.8404006036861336,-1.7763568394002505e-15,0.6771391298430128,-0.7279352723611677,1.4292732134247137,-0.7258886688119639,-0.3399690049565267,-0.339963871203899,0.2298340642009316,-1.3304447010278462,0.896101792298312,0.8963771898925218,1.4878187943893366,0.8943483349371362,-0.6771391298430176,0,0,0.10910491314107928
0.5053496333811774,1.0846710828810275,1.1565857650600202,0.4393899130300652,-0.4625796552973847,1.146460221785311,1.155985599998705,1.1454861310334965,1.2115336109312942,1.0911223078544463,-1.7763568394002505e-15,0.6623242098167231,-1.776707050206283,0.7660741350031188,-1.7755347493571183,-0.3274110016386836,-0.3274159946412481,5.787401011059432,-1.3304447010278462,0.6752350043318005,0.6752565859117612,0.8181521573385286,2.927228541747262,-0.6623242098167262,1,1,2.827916287649265
-0.3617568068747892,0.741739073707783,1.1423726452373066,0.334935389196059,-0.4280771439248997,1.146460221785311,1.1417083503055332,1.1308662565726093,1.1457090263288148,1.0911223078544463,-1.7763568394002505e-15,-0.1722496183310201,0.8217424292308685,1.246653177337608,0.8154101706701998,0.1694403231784363,0.1694353565804313,0.0483723658925348,-1.3304447010278462,-0.3243449732080682,-0.3243297060560598,1.303222558421609,-0.5728906676172211,0.1722496183310157,0,0,0.08430319534951858
-1.517898727216078,-0.6299889629851951,-0.7904807747785566,-0.7248428005364529,-1.472123138056297,-0.7904197960249194,-0.7904794415036949,-0.785889850843727,-1.0454686712859371,-0.8208292056470788,-1.7763568394002505e-15,0.4351621027469212,1.2756884226265142,-0.2719765964393776,1.2736891496131406,0.5149120071944207,0.5149019952447996,-0.5927923014638011,0.7516283835227737,-1.0508073912282052,-1.0513015547599296,-0.2291956836666885,-1.4830587871924126,-0.4351621027469266,0,0,0.20933850142885643
0.9389028535091608,0.1701857250857087,-0.6912245125912111,0.0999127105695474,0.8022824116179168,-0.6857235788459901,-0.6905386936514935,-0.6911841153979789,-0.5389540711244825,-0.7174804751875389,-1.7763568394002505e-15,0.1882467689753996,-0.9940415443517192,-1.0908832845773468,-0.9871809463265,-0.6127764359035525,-0.6127662529376611,0.2782238504165031,0.7516283835227737,0.6770019386355328,0.6782856352813607,-1.0559712339571827,1.1925955153629055,-0.1882467689754053,0,0,0.24104248923251623
1.5169738136798052,0.1701857250857087,-0.7904807747785566,0.9072591343698804,-0.1617177561293152,-0.7904197960249194,-0.7904794415036949,-0.785889850843727,-0.2087154771866174,-0.8208292056470788,-1.7763568394002505e-15,-0.0882984048487011,0.4304096763035867,-1.300415747035184,0.4255067409833996,-0.2158827665276243,-0.2158725624693037,0.2830628290380611,0.7516283835227737,0.8925679236908478,0.8933481405229223,-1.2665726330940867,0.1384459983407908,0.0882984048486985,0,0,0.026695726794906366
-1.6624164672587392,-1.6587849905049288,-0.7904807747785566,-1.003388197427134,-1.1491796316098368,-0.7904197960249194,-0.7904794415036949,-0.785889850843727,-1.188274549745555,-0.8208292056470788,-1.7763568394002505e-15,-0.0882984048487011,0.8687023595821414,-0.0701333986588921,0.8699478111483119,-0.2349223199449971,-0.2349121168985081,-0.742800638732076,0.7516283835227737,-1.4342321351380691,-1.4329617753294617,-0.0245229227652444,-1.3167945544263229,0.0882984048486985,0,0,0.2393597760418856
-0.5062745469174503,1.4276030920542722,0.6099957684893057,-0.3309622002457247,0.3799716724187005,0.6229791358906549,0.6110705700426541,0.5874726925396284,0.3502356564717279,0.5743786555567375,-1.7763568394002505e-15,0.0005911153090476,0.9313156000505052,0.8237436200832574,0.9330323952834412,0.9077293892030674,0.9077244618405292,-0.4331060069524118,-1.3304447010278462,-0.5353674129109294,-0.5363631619280219,0.8763606054684984,-1.0802536871920925,-0.0005911153090491,0,0,0.14203697440601745
0.9389028535091608,0.9703604131566128,-0.7904807747785566,-0.098115657532421,1.2080319453583417,-0.7904197960249194,-0.7904794415036949,-0.785889850843727,-0.7241554447517985,-0.8208292056470788,-1.7763568394002505e-15,-0.2117560717344647,0.9626222202846896,-1.167775931350865,0.9688481591795146,-2.11441993747834,-2.11443008916059,0.3798424014692058,0.7516283835227737,0.6414108333746437,0.6419370428461674,-1.1325045639058466,-0.3774873425106826,0.2117560717344592,0,0,0.13367767717828496
-1.6624164672587392,-0.2870569538119506,-0.7904807747785566,0.334935389196059,0.0515077641526426,-0.7904197960249194,-0.7904794415036949,-0.785889850843727,-0.5021369305841126,-0.8208292056470788,-1.7763568394002505e-15,0.4944217828520907,-1.6671338793866464,-0.1412590969243965,-1.6709364388879036,0.7315882015373145,0.7315782011026841,-0.5661779190452364,0.7516283835227737,-1.2976733553782032,-1.2966545536974858,-0.097418224705785,0.9200592987669444,-0.4944217828520918,1,0,0.23523524706208718
1.0834205935518215,1.4276030920542722,-0.7904807747785566,0.7048784944414952,0.237131275336612,-0.7904197960249194,-0.7904794415036949,-0.785889850843727,-0.312472873254933,-0.8208292056470788,-1.7763568394002505e-15,0.0499741820633519,-0.0391896272091525,-1.6791120323947617,-0.0384702003975529,0.4963028692133482,0.4963080474086193,0.9484223895021828,0.7516283835227737,1.6109529277510668,1.6112328411179937,-1.6500477335058774,0.9611968408946362,-0.0499741820633534,0,0,0.10059223280958851
1.227938333594483,-0.0584356143631209,-0.7904807747785566,-1.3580983512801104,0.5904369917908592,-0.7904197960249194,-0.7904794415036949,-0.785889850843727,-1.3701289105964731,-0.8208292056470788,-1.7763568394002505e-15,0.3265193558874528,1.0095821506359626,-1.4580456729208966,1.005070920392589,-0.3352091166021809,-0.3352242374417351,0.7355073301536633,0.7516283835227737,1.1916846593940664,1.1932240281132689,-1.4262416401172675,-0.120377704212606,-0.3265193558874574,0,0,0.030293479905295868
0.9389028535091608,0.0558750553612939,-0.7904807747785566,-0.9337518482044638,0.1156824353054647,-0.7904197960249194,-0.7904794415036949,-0.785889850843727,-1.1525730801306502,-0.8208292056470788,-1.7763568394002505e-15,0.0845423287913611,0.2269166447813989,-1.2465908942937214,0.2268920502869915,0.3246177472410229,0.3246279800235825,0.2927407862811754,0.7516283835227737,0.7923575067506134,0.7933895113261402,-1.2130801471968693,0.2738570745111116,-0.0845423287913664,0,0,0.024117178343067616
-0.9398277670454336,0.0558750553612939,-0.7904807747785566,-0.4071269572080198,0.3930826267402447,-0.7904197960249194,-0.7904794415036949,-0.785889850843727,-0.8825807161679362,-0.8208292056470788,-1.7763568394002505e-15,0.2178766090279844,0.3521431257181292,-0.2931220743020951,0.3510262319722468,0.1379693592186096,0.1379795820819696,-0.6629574914763811,0.7516283835227737,-1.0091582254973774,-1.0088948635855373,-0.2514280770496629,-0.7117298722981822,-0.2178766090279879,0,0,0.007116033675823925
-0.9398277670454336,1.1989817526054425,-0.7904807747785566,-0.2635019869362632,-1.0491223486296306,-0.7904197960249194,-0.7904794415036949,-0.785889850843727,-0.8089464350871964,-0.8208292056470788,-1.7763568394002505e-15,0.3610875026154674,-0.0548429373262435,-0.0605218178122023,-0.0612620501495995,-1.4836081377525634,-1.48360306477724,0.0290164514063062,0.7516283835227737,-1.4491248671266683,-1.4481070221774586,-0.016573157858605,-0.3192091578297853,-0.3610875026154703,0,0,0.15387687216507118
1.372456073637144,-1.2015423116072694,-0.7904807747785566,-0.1002917934456298,0.7318972884180477,-0.7904197960249194,-0.7904794415036949,-0.785889850843727,-0.7252711156772644,-0.8208292056470788,-1.7763568394002505e-15,0.3512108892646077,1.0408887708701444,-1.6521996060240305,1.0360027164846526,1.126481705062214,1.1264767893250025,1.0814943015950065,0.7516283835227737,1.559711832942836,1.559739001834803,-1.6226951525559148,0.0767396851492525,-0.3512108892646094,0,0,0.1737171375594934
-0.3617568068747892,-0.2870569538119506,1.0506024829934162,0.7788671154905815,-1.6191038365030832,1.0417640046063816,1.0512857689154465,1.0362899005468689,1.2940932594157608,0.9877735773949065,-1.7763568394002505e-15,0.6228177564132786,0.0390769233763048,1.3100896109257605,0.0347893166625976,1.2898876595245947,1.2898726250488215,0.0943426627973281,-1.3304447010278462,-0.5649004577018801,-0.563624606254417,1.3673596447870384,0.1384459983407908,-0.6228177564132827,0,0,0.2122744536977547
1.6614915537224662,0.0558750553612939,-0.7904807747785566,0.0259240895204603,-1.3644753025741438,-0.7904197960249194,-0.7904794415036949,-0.785889850843727,-0.6605622020002502,-0.8208292056470788,-1.7763568394002505e-15,0.2623213691068588,-1.3227610568106374,-0.118191302892341,-1.318883759682181,-0.1693219437423277,-0.1693269283434407,-0.4839152824787632,0.7516283835227737,-1.3428563897164951,-1.3420902942414774,-0.0732994464297096,0.6320965038730985,-0.2623213691068616,0,1,0.6601539545060596
0.0717964132531941,-1.2015423116072694,1.7263931415252955,-0.2221554045853025,-0.3418208654936871,1.722289416269441,1.7270755877255706,1.7405020836496108,1.357686502167309,1.659540325381934,-1.7763568394002505e-15,-5.48586760109416,-1.3540676770448192,1.3485359343125196,-1.3599904886992653,0.1479448699186682,0.1479348384670268,0.2685458931733888,-1.3304447010278462,0.6575656612944799,0.6570822896941648,1.106769045982961,1.1960236438735463,5.485867601094155,1,1,0.5713541577374065
1.227938333594483,-0.6299889629851951,-0.7904807747785566,-1.1992404296158938,-0.8345167278927735,-0.7904197960249194,-0.7904794415036949,-0.785889850843727,-1.2886849330374728,-0.8208292056470788,-1.7763568394002505e-15,-0.1426197782784354,0.2895298852497627,-1.517637474170373,0.2859066612521128,0.7486782262138093,0.7486631629761247,0.8782571994896029,0.7516283835227737,1.3050208740191676,1.3052988547884483,-1.4867406984745737,0.5652479979155984,0.1426197782784332,0,0,0.07180712973384358
-0.072721326789467,1.3132924223298572,1.7551334832662515,0.3153501659771831,1.0976239089663888,1.7484634705641688,1.7556300871119137,1.770906247351456,1.657801981117598,1.6853775079968143,-1.7763568394002505e-15,-0.261139138488769,-0.0704962474433344,1.59267008781844,-0.0771349455126321,-2.084898502259384,-2.0848985249501863,0.3871008694015419,-1.3304447010278462,0.2130554743127352,0.2118120323630443,1.652742730757584,0.4966854277027775,0.2611391384887635,0,0,0.17010301546650822
-0.5062745469174503,-0.74429963270961,0.4445163144944749,1.3294295015323183,0.4289652385676289,0.4397607558275239,0.4445026569556518,0.4208319995695141,1.0598023650679511,0.3935183772525381,-1.7763568394002505e-15,0.6771391298430128,-0.1018028676775191,0.8371998332686232,-0.0995197979476782,0.7744525152814723,0.7744678356812371,-0.3411654131428244,-1.3304447010278462,-0.844328496877798,-0.8453261976271664,0.891182201057148,-0.1752277603828624,-0.6771391298430176,0,0,0.09609978103339006
0.0717964132531941,0.5131177342589534,1.7491917186258172,0.8158614260151255,-0.902141650182844,1.7484634705641688,1.748491462265328,1.764566655771071,1.908827939347394,1.6853775079968143,-1.7763568394002505e-15,-0.2216326850853244,-1.6984404996208282,1.4235062649166998,-1.6925072966889476,-0.2294788306035939,-0.2294635635565336,0.4258126983739991,-1.3304447010278462,0.5258028460733151,0.5268331668013877,1.4813511890415625,1.759950783873995,0.22163268508532,1,0,0.45198543373403766
-0.072721326789467,-1.0872316418828545,1.7770682796040669,-1.3472176717140678,-1.474193288738646,1.774637524858906,1.7770459616516712,1.7940651635328615,0.8232801288692102,1.711214690611704,-1.7763568394002505e-15,0.6277560630887086,0.759129188762502,1.2312746479829042,0.7653495006790969,-0.964476484468306,-0.9644713839043646,-0.0290512920523811,-1.3304447010278462,1.0316508953131882,1.032684411524497,1.28732302860833,-0.5626062820852982,-0.6277560630887133,0,0,0.21838497927077472
0.5053496333811774,-1.2015423116072694,1.1347294942460873,-0.7422518878421208,0.0314963075566013,1.146460221785311,1.1345697254589475,1.12297411195213,0.5867578926704695,1.0911223078544463,-1.7763568394002505e-15,0.7067689698955976,-2.074119942431019,0.5969103121013787,-2.069793809548722,0.712725878005478,0.7127209402797171,-0.5661779190452364,-1.3304447010278462,0.9559251394389556,0.9569581772845108,0.6472995827348216,1.2645862140863666,-0.7067689698956002,1,1,0.7148115057887033
-1.6624164672587392,0.1701857250857087,-0.7904807747785566,-1.1252518085668066,1.3770942510835176,-0.7904197960249194,-0.7904794415036949,-0.785889850843727,-1.250752121571637,-0.8208292056470788,-1.7763568394002505e-15,-0.093236711524131,0.915662289933414,-0.1604822586177761,0.915938507969406,0.5204567707561288,0.5204416953898924,-0.7694150211506408,0.7516283835227737,-1.2603153158135818,-1.2603059612622922,-0.1173600078614228,-1.3030820403837586,0.0932367115241288,0,0,0.1326770944030293
-0.3617568068747892,-0.0584356143631209,1.007936948350649,0.7527534845320808,-0.4398079977915442,1.015589950311654,1.0084540198359313,0.9924302771642068,1.2450037386952677,0.961936394780026,-1.7763568394002505e-15,0.045035875387922,-0.8844683735320827,1.3485359343125196,-0.8923505714653054,0.6985981242729067,0.6986134406414826,0.0604698124464272,-1.3304447010278462,-0.7610301654161422,-0.7605128152783815,1.4057610515394487,0.933771812809508,-0.0450358753879229,0,0,0.2682750289274481
0.5053496333811774,-0.74429963270961,1.1644906677975144,0.200014962577136,-0.2597048884271724,1.172634276080048,1.1655037664608197,1.1536370344939912,1.0955038346828554,1.1169594904693358,-1.7763568394002505e-15,0.5438048496063951,0.1016901638446686,0.583454098916013,0.1088628283567496,-0.6163463521693128,-0.6163412331044213,-0.8686140828925644,-1.3304447010278462,1.0248355772845077,1.023597263415699,0.635038080929666,-0.6637360731492083,-0.5438048496063961,0,0,0.17785931165228816
-1.228863247130756,-0.4013676235363654,-0.7904807747785566,-1.7280414565255455,0.4820991060812556,-0.7904197960249194,-0.7904794415036949,-0.785889850843727,-1.5597929679256524,-0.8208292056470788,-1.7763568394002505e-15,0.0499741820633519,0.0860368537275777,-0.2316079568832805,0.080373016166691,1.2949766890949288,1.2949768460234592,-0.4282670283308547,0.7516283835227737,-1.1277952430336748,-1.127027788999916,-0.1880994413527053,-0.4580483625107471,-0.0499741820633534,0,0,0.026883477436762577
-1.517898727216078,-0.1727462840875357,-0.7904807747785566,-1.0273256924724268,-0.4480886005209409,-0.7904197960249194,-0.7904794415036949,-0.785889850843727,-1.200546929925678,-0.8208292056470788,-1.7763568394002505e-15,0.3018278225103034,0.6339027078257716,-0.2239186922059286,0.6314473833858224,0.3571774090691302,0.3571775161594665,-0.810546339433877,0.7516283835227737,-1.1406686215322943,-1.1421730358479134,-0.1812276106706949,-1.035688016553759,-0.3018278225103051,0,0,0.03524583613015503
0.0717964132531941,-0.8586103024340248,1.7294818121313364,0.633066009305617,1.4233276163226476,1.722289416269441,1.7294551293410991,1.743736569149807,1.7983765177262845,1.659540325381934,-1.7763568394002505e-15,0.1388637022210953,0.4617162965377686,1.5369229189076392,0.4568455343924638,0.5387367675212092,0.5387520753941482,0.2104781497147031,-1.3304447010278462,0.3077126691555258,0.3087416121902268,1.596420667520715,-0.0381026199572214,-0.138863702221101,0,0,0.1240100562986826
0.6498673734238385,-0.8586103024340248,0.4679954461353107,0.1260263415280489,-1.37275590530354,0.4659348101222609,0.4682980731109378,0.4443790540109433,0.4640340908692357,0.4193555598674277,-1.7763568394002505e-15,0.380840729317187,0.4617162965377686,0.3104852028700232,0.4629504941474765,-0.3943026241502435,-0.3942974932851121,-1.0863681208626403,-1.3304447010278462,0.1837748487080316,0.1845505880366492,0.3585479523123102,-1.198524120809208,-0.380840729317192,0,0,0.19306510581064804
0.6498673734238385,-1.0872316418828545,0.6223766260880964,-1.0664961389101788,-0.3507915184505329,0.6229791358906549,0.6229682781202973,0.5998931168603822,-0.0157044070810413,0.5743786555567375,-1.7763568394002505e-15,0.5339282362555298,0.1016901638446686,0.0432832553320472,0.0990948927487292,0.1197399995636798,0.1197400940356945,-1.0645927170656326,0.7516283835227737,0.9915162446998448,0.9902777203501052,0.0894686214892794,-0.8317143701706184,-0.5339282362555352,0,0,0.1435466938304196
-0.072721326789467,-0.6299889629851951,1.7218648363147442,1.3011397346606095,-0.7800027599242467,1.722289416269441,1.7223165044945137,1.7357150451093202,2.1341934662914777,1.659540325381934,-1.7763568394002505e-15,0.7117072765710275,0.0390769233763048,1.6022816686651298,0.0327543300775932,-0.6690595838381471,-0.6690544675746379,0.169346831431466,-1.3304447010278462,0.2246667568801173,0.2239282298414422,1.6629831058915598,0.3492759017452137,-0.7117072765710305,0,0,0.0728741497840633
-1.0843455070880947,-1.6587849905049288,-0.7904807747785566,-1.5104278652047012,-0.9635561204258676,-0.7904197960249194,-0.7904794415036949,-0.785889850843727,-1.4482258753790764,-0.8208292056470788,-1.7763568394002505e-15,0.4944217828520907,-1.588867328801189,-0.2335302730526184,-1.5846530076837266,0.5502820286359995,0.5502872096999271,-0.4718178359248698,0.7516283835227737,-1.1247662127987057,-1.1239987396303166,-0.1897163426896489,0.932057748554188,-0.4944217828520918,1,1,0.5460476682455239
-0.5062745469174503,-1.0872316418828545,0.4170585563102646,0.5242592136451947,0.0922207275721751,0.4135867015327962,0.4159481575693085,0.3934035625278494,0.6235750332108394,0.3676811946376577,-1.7763568394002505e-15,0.4302237960714913,-0.8844683735320827,0.8237436200832574,-0.8768846734192736,0.805087966923786,0.8050830341064946,-0.2637417551979083,-1.3304447010278462,-0.8799196021386873,-0.8786457406927605,0.8758216383561838,0.4915432349368164,-0.4302237960714963,0,0,0.2942641522718464
0.5053496333811774,1.6562244315031018,1.1380799165984026,-0.2090985891060521,-1.3348031427938067,1.146460221785311,1.136949267074476,1.1263379768723345,0.8634442821859776,1.0911223078544463,-1.7763568394002505e-15,0.2573830624314289,0.9782755304017808,0.8794907889940582,0.978616094787535,0.2261285679942506,0.2261286681201573,-0.5274660900727783,-1.3304447010278462,0.3925255157346662,0.3935549945390117,0.9333563775957602,-1.109392779532541,-0.2573830624314313,0,0,0.2510902514517888
-1.228863247130756,-0.9729209721584398,-0.7904807747785566,-0.4462974036457725,-1.5266371060248232,-0.7904197960249194,-0.7904794415036949,-0.785889850843727,-0.9026627928263202,-0.8208292056470788,-1.7763568394002505e-15,0.252444755755999,0.0077703031421202,-0.252753434745998,0.0050785125215364,0.1732127878848065,0.1732230126211344,-0.3871357100476177,0.7516283835227737,-1.0874081732340843,-1.087650147195123,-0.2096581258452866,-0.36891702123408,-0.2524447557560008,0,0,0.16383037472190434
-0.7953100270027725,1.5419137617786869,-0.636282821048163,-0.0437122597022099,-0.561256837822692,-0.6333754702565254,-0.6358092364943355,-0.6386560708747906,-0.564614502410195,-0.8208292056470788,-1.7763568394002505e-15,0.6178794497378488,0.8060891191137748,-0.3969271474463446,0.8080842189641845,0.8978045156131595,0.8978198425683154,-0.6048897480176944,0.7516283835227737,-0.8132809369693627,-0.8120066545615725,-0.2061548396152422,-1.109392779532541,-0.6178794497378525,0,0,0.1704866976403531
-1.517898727216078,-1.2015423116072694,-0.7904807747785566,1.1966852108266033,0.3006158962619846,-0.7904197960249194,-0.7904794415036949,-0.785889850843727,-0.0603312440996716,-0.8208292056470788,-1.7763568394002505e-15,0.1240487821948056,-0.9470816140004464,-0.254675750915336,-0.9493301958454224,-1.6489383024007378,-1.6489433656342545,-0.3701992848721672,0.7516283835227737,-1.0818549511366404,-1.081592048455924,-0.2126224449630166,0.440121307277201,-0.1240487821948098,1,0,0.21010535753459694
-0.5062745469174503,-1.3158529813316842,0.4172941328819119,1.3294295015323183,-0.0161171581374278,0.4135867015327962,0.4183276991848371,0.3936623213678651,1.0374889465586363,0.3676811946376577,-1.7763568394002505e-15,-0.0389153380943968,1.1974218720410563,0.4834936581104392,1.190254699627969,0.3785462695535199,0.3785463777794779,-0.7839319570153123,-1.3304447010278462,-0.2604829190874654,-0.2607196692944712,0.5338470055926123,-1.6133276705967712,0.0389153380943942,0,0,0.14324438142218465
-0.072721326789467,-0.1727462840875357,1.7003750179455956,0.3806342433734365,0.7546689459238877,1.6961153619747042,1.700900629954756,1.713073646607946,1.6444139300120093,1.6337031427670443,-1.7763568394002505e-15,0.6030645297115591,0.4617162965377686,1.15053736887071,0.4596945156114699,-0.4777019445715458,-0.4777069455611359,-0.2056740117392208,-1.3304447010278462,1.0243307389120122,1.023597263415699,1.207286412429622,-0.4066264348511316,-0.6030645297115611,0,0,0.08840436221211868
-0.072721326789467,-0.74429963270961,-0.698317984915254,-0.2809110742419304,-1.507315699656232,-0.6857235788459901,-0.6976773184980792,-0.698041224658395,-0.7386591667828533,1.7370518732265845,-1.7763568394002505e-15,0.6228177564132786,0.1016901638446686,1.6926305286240135,0.0999088873827313,0.1964299028897619,0.1964148103035162,0.275804361105725,-1.3304447010278462,0.1789788841693303,0.1784924892974502,-0.7961890858215777,0.1110209702556626,-0.6228177564132827,0,1,0.5026327771135611
1.6614915537224662,-0.74429963270961,-0.7904807747785566,-1.7323937283519633,-0.0368186649609191,-0.7904197960249194,-0.7904794415036949,-0.785889850843727,-1.5620243097765842,-0.8208292056470788,-1.7763568394002505e-15,0.464791942799506,0.9313156000505052,-0.0816672956749199,0.9314044060154376,1.301838017520601,1.301853365947624,-0.7887709356368694,0.7516283835227737,-1.4120192467482944,-1.4117584297422652,-0.0363801992361641,-1.3733586748518998,-0.4647919427995092,0,0,0.22193716969358782
-1.373380987173417,0.5131177342589534,-0.7904807747785566,-0.4854678500835244,0.5345429233674333,-0.7904197960249194,-0.7904794415036949,-0.785889850843727,-0.922744869484704,-0.8208292056470788,-1.7763568394002505e-15,0.2178766090279844,1.0252354607530534,-0.2662096479313636,1.021757810389623,-0.1884374528249283,-0.1884373747306263,-0.40165264591229,0.7516283835227737,-1.0624186737955876,-1.0634177522383277,-0.2229975618750713,-1.2208069561283743,-0.2178766090279879,0,0,0.06478530572784959
0.2163141532958551,-1.2015423116072694,1.7466265515123256,0.8854977752377957,-1.4079484669034747,1.7484634705641688,1.7461119206497997,1.761849687950906,1.9422980671113677,1.6853775079968143,-1.7763568394002505e-15,0.588249609685264,0.2425699548984898,1.665718102253282,0.2447999322350288,-0.4185071628031783,-0.4184919058017974,0.5854989928853892,-1.3304447010278462,0.1443974556534307,0.1451729462318561,1.7259075162542816,0.3287071306813674,-0.5882496096852698,0,0,0.16800482548990436
-1.0843455070880947,0.1701857250857087,-0.7904807747785566,-0.8662916348950023,-0.2100212720507939,-0.7904197960249194,-0.7904794415036949,-0.785889850843727,-1.1179872814412115,-0.8208292056470788,-1.7763568394002505e-15,0.4549153294486462,0.4304096763035867,-0.1527929939404242,0.4344606819574179,0.980165775276332,0.9801557880520548,-0.7476396173536332,0.7516283835227737,-1.2772274012921605,-1.278480257479889,-0.1083323087301543,-0.8968488118727977,-0.4549153294486484,0,0,0.02236533729227662
-0.5062745469174503,0.6274284039833682,0.4390718781719623,1.3294295015323183,0.8561063293589936,0.4397607558275239,0.4397435737245945,0.4153980639291842,1.055339681366088,0.3935183772525381,-1.7763568394002505e-15,0.5684963829835444,-1.72974711985501,0.8621899434700167,-1.7271020686340188,-2.9752761286272884,-2.9752812623474054,-0.5734363869775717,-1.3304447010278462,-0.9056663591359264,-0.9059071850191556,0.915435721111302,1.1463157804692516,-0.5684963829835482,1,1,1.313854684776481
0.6498673734238385,0.5131177342589534,0.576360669093014,0.4306853693772316,-0.5736777419167866,0.5706310273011902,0.5753774458097252,0.553445905077563,0.7117130363226343,0.5227042903269675,-1.7763568394002505e-15,0.4154088760452016,0.6339027078257716,0.2758835118219399,0.6281914048498152,-0.2526706270534758,-0.2526654886614838,-0.9484572301482586,-1.3304447010278462,0.4563875698552685,0.4571650313006006,0.3247277660145732,-1.320222682936964,-0.4154088760452049,0,0,0.14335517857173355
-0.3617568068747892,-0.8586103024340248,-0.6442138989602848,0.918139813935922,-0.8082948192496847,-0.6333754702565254,-0.64532740295645,-0.646289456655254,-0.0781819789071233,1.0394479426246763,-1.7763568394002505e-15,0.5388665429309597,-1.4636408478644585,1.4927096470128662,-1.4658097911194825,0.0211748646516798,0.021169890174288,0.0725672590003214,-1.3304447010278462,-0.8183293206943115,-0.8180647533007714,-0.2112750271822303,1.000620318767008,-0.5388665429309656,1,1,0.7675181143514135
-1.517898727216078,-1.544474320780514,-0.7904807747785566,-1.07955295438943,-0.7675818558301521,-0.7904197960249194,-0.7904794415036949,-0.785889850843727,-1.2273230321368562,-0.8208292056470788,-1.7763568394002505e-15,0.0746657154405013,1.150461941689784,-0.2758212287780535,1.1564739223168996,0.7320439355286884,0.7320541899634145,-0.5153686435188851,0.7516283835227737,-1.0424775580820398,-1.0422144066511312,-0.2336421623432834,-1.361360225064656,-0.0746657154405055,0,0,0.20508260222800337
1.0834205935518215,1.5419137617786869,-0.7904807747785566,-1.0882574980422637,0.4427662431166231,-0.7904197960249194,-0.7904794415036949,-0.785889850843727,-1.231785715838719,-0.8208292056470788,-1.7763568394002505e-15,-0.2463242184624738,0.9626222202846896,-1.215833835584314,0.9578592316204922,-0.4349895421578436,-0.4349996045888204,0.4814609525219084,0.7516283835227737,0.7340486747274544,0.7328085239341513,-1.181954796460705,-0.3072107080425417,0.2463242184624721,0,0,0.14312558744478426
-0.7953100270027725,-0.6299889629851951,-0.7193104749664806,-0.9903313819478836,-0.2666053907016694,-0.7118976331407177,-0.7190931930378367,-0.7180950347596121,-1.1213342942176088,-0.7433176578024193,-1.7763568394002505e-15,0.2623213691068588,0.6965159482941382,-0.6083819260735198,0.6961599567889548,0.3483918704576572,0.3484071682149503,-0.1234113751727476,0.7516283835227737,-0.2852199993397148,-0.2849520642512669,-0.5692839315371592,-0.6483094948513237,-0.2623213691068616,0,0,0.09122980800028498
0.5053496333811774,0.3988070645345384,0.9725219370796894,-0.626916684442073,-0.0050763544982328,0.9632418417221892,0.9727608956030024,0.9562040395620084,0.5075452569624005,0.910262029550256,-1.7763568394002505e-15,-0.1524963916292951,0.759129188762502,0.6026772606093925,0.7596515382410852,0.6265415165257848,0.6265467016424306,-0.5250466007619994,-1.3304447010278462,0.5646754007554212,0.5662108086061809,0.6543061551949105,-1.1008224582559387,0.152496391629294,0,0,0.09002230018198955
0.2163141532958551,1.5419137617786869,1.7388525246479687,-1.56918353486133,-1.2802891748252798,1.7484634705641688,1.7389732958032138,1.7536987844904115,0.6771272376331955,1.6853775079968143,-1.7763568394002505e-15,-4.113018345324499,-0.0078830069749707,1.417739316408686,-0.0132363667435009,0.6641395708140757,0.6641396942175405,0.09192317348655,-1.3304447010278462,0.5321133257295011,0.5328912655405871,1.2587577716556595,0.1093069060003424,4.113018345324496,0,0,0.3105724953015298
0.3608318933385163,-1.544474320780514,1.565049365121604,0.7418728049660391,-0.2845466966153615,1.5652450905010378,1.565266757869625,1.5706269051792998,1.7147011983163525,1.504517229692615,-1.7763568394002505e-15,0.4302237960714913,1.1974218720410563,1.0505769280651365,1.2028716164549949,-0.0954677185847871,-0.0954676355497249,-0.0024369096338164,-1.3304447010278462,0.927401771392995,0.9266676835885164,1.1055563699802535,-1.0391161450643998,-0.4302237960714963,0,0,0.25255891018053783
0.0717964132531941,0.0558750553612939,1.7223883398072934,0.8528557365396694,-1.1077766179628548,1.722289416269441,1.7223165044945137,1.7362325627893511,1.9054809265709969,1.659540325381934,-1.7763568394002505e-15,0.4894834761766554,0.0547302334933958,1.6022816686651298,0.0616511395846529,0.222356103287884,0.2223511395020226,0.2032196817823669,-1.3304447010278462,0.2027062876765898,0.2027248842542459,1.663387331225796,0.3338493234473291,-0.4894834761766612,0,0,0.06354630506274188
0.6498673734238385,1.3132924223298572,0.595468546571063,-1.1143711290007643,1.099004009421289,0.5968050815959273,0.5944137787339541,0.5727234386587332,-0.063678256876069,0.5485414729418572,-1.7763568394002505e-15,0.252444755755999,0.7747824988795929,0.2585826662978983,0.7755244336041178,1.1715234145429367,1.1715235649106943,-1.037978334647068,-1.3304447010278462,0.5179778512996447,0.5177460186925895,0.3065376259739577,-1.481344722937092,-0.2524447557560008,0,0,0.22431708629102154
-1.0843455070880947,-0.5156782932607803,-0.7904807747785566,0.4154524179847716,-0.8869605451789507,-0.7904197960249194,-0.7904794415036949,-0.785889850843727,-0.4608571063418793,-0.8208292056470788,-1.7763568394002505e-15,0.2475064490805691,0.743475878645411,-0.254675750915336,0.7486626106820629,0.758653736913868,0.7586589290514567,-0.7137667670027323,0.7516283835227737,-1.0838743046266202,-1.0846210978255235,-0.2115445107383875,-1.0871099442133745,-0.2475064490805704,0,0,0.0739903153052749
0.7943851134664996,-0.2870569538119506,-0.1373578174740615,0.3762819715470197,-0.0844321306549484,-0.1360684386565969,-0.1384850388488567,-0.1555533165654691,0.0768962797326172,-0.1748996402749406,-1.7763568394002505e-15,0.5586197696326847,-0.0078830069749707,-0.4853536912358906,-0.010387385524495,0.0886741324850728,0.0886894164399818,-0.2371273727793436,0.7516283835227737,0.5535689565605338,0.5540946111277828,-0.4445130450363447,-0.1649433748509395,-0.5586197696326873,0,0,0.05262368556237033
-0.5062745469174503,-0.8586103024340248,0.4143363381490084,0.0933843028299218,-0.1837993634077051,0.4135867015327962,0.4135686159537798,0.3906865947076844,0.401556519043153,0.3676811946376577,-1.7763568394002505e-15,0.4302237960714913,-0.868815063414989,0.6142111576254202,-0.8671167378112536,0.9126411888878652,0.912636261786361,-0.5226271114512212,-1.3304447010278462,-0.4904367977588847,-0.4909274213840299,0.6652202392192799,0.2755711387664318,-0.4302237960714963,0,0,0.2648121260482436
1.5169738136798052,-0.6299889629851951,-0.7904807747785566,-1.1121949930875563,1.143857274205519,-0.7904197960249194,-0.7904794415036949,-0.785889850843727,-1.2440580960188423,-0.8208292056470788,-1.7763568394002505e-15,-1.8907803413808055,-0.0704962474433344,-1.5349383196944149,-0.0681810045386137,1.0619953452829023,1.062005617252495,0.8661597529357088,0.7516283835227737,1.3365732723000976,1.335589348484443,-1.5035834207344028,0.8703514353626489,1.890780341380804,0,0,0.20365202949518216
-1.228863247130756,-0.0584356143631209,-0.7904807747785566,1.0030091145510516,-0.6537235683009516,-0.7904197960249194,-0.7904794415036949,-0.785889850843727,-0.1596259564661243,-0.8208292056470788,-1.7763568394002505e-15,0.608002836386989,0.5243295370061324,-0.2604426994233498,0.5240000916976019,-0.6505770386324569,-0.6505820488092826,-0.6484405556117095,0.7516283835227737,-1.0725154412454851,-1.072504900347126,-0.217607890751926,-0.8745659765536312,-0.6080028363869916,0,0,0.040028125827651743
1.6614915537224662,-0.9729209721584398,-0.7904807747785566,-1.586592622166997,0.6780733706769709,-0.7904197960249194,-0.7904794415036949,-0.785889850843727,-1.4872743577703782,-0.8208292056470788,-1.7763568394002505e-15,0.1042955554930861,0.0860368537275777,-0.3065782874874608,0.0872919705557053,0.9865966882657108,0.986586701383195,-0.6629574914763811,0.7516283835227737,-0.9841687260588808,-0.9846624686287416,-0.2647675130794477,-0.4820452620852337,-0.1042955554930881,0,0,0.23631200796221263
0.3608318933385163,-0.2870569538119506,1.4377856660828716,0.8942023188906293,-1.5632097680796573,1.4343748190273808,1.4367715106310803,1.437366102571212,1.683462412403311,1.3753313166181949,-1.7763568394002505e-15,0.5141750095538102,0.1799567144301261,1.1601489497173998,0.1829363400509014,-0.5867995983952797,-0.5867995414714486,-0.3072925627919235,-1.3304447010278462,0.4745617512650847,0.4753393275181969,1.2159098862266542,-0.1975105957020289,-0.5141750095538136,0,0,0.1378609044303619
0.7943851134664996,1.7705351012275166,-0.0686741592515946,-0.006717949177666,-0.4418781484738934,-0.0575462757723952,-0.0694783319985272,-0.0882760181613857,-0.0625625859506026,-0.097388092430281,-1.7763568394002505e-15,0.1240487821948056,-1.6045206389182798,-1.0005344246184629,-1.6021538923147622,-0.5321368379855711,-0.5321418418680363,0.3411305724967486,0.7516283835227737,1.6437674219632346,1.644552384183588,-0.9643468248637124,1.670819442597328,-0.1240487821948098,1,0,0.41916820844725916
-0.3617568068747892,1.7705351012275166,1.1011990955483053,0.6635319120905353,0.5814663388340133,1.0941121131958464,1.101256142841547,1.0884298068100335,1.27847386645924,1.0394479426246763,-1.7763568394002505e-15,-0.1524963916292951,1.244381802392332,1.3946715223766306,1.2411293642530734,-0.4682074864179347,-0.4682074231916717,-0.0605046530925039,-1.3304447010278462,-0.6837898944244252,-0.6847865810383952,1.4531901574231278,-0.8677097195323488,0.152496391629294,0,0,0.26233288620301093
0.0717964132531941,0.741739073707783,1.787093371486386,-0.2243315404985105,0.7381077404650952,1.774637524858906,1.7865641281137856,1.8046742759735053,1.4078916938132686,1.711214690611704,-1.7763568394002505e-15,0.0351592620370568,0.4460629864206776,1.4946319631822045,0.4527755612224556,1.0395377869302358,1.0395429939950611,0.1887027459176946,-1.3304447010278462,0.4927359326749005,0.4935136237357939,1.5533032985355526,-0.0689557765529905,-0.035159262037062,0,0,0.0677520622321643
0.9389028535091608,-0.4013676235363654,-0.7904807747785566,-0.0698258906607115,1.1963010914916965,-0.7904197960249194,-0.7904794415036949,-0.785889850843727,-0.7096517227207437,-0.8208292056470788,-1.7763568394002505e-15,-0.1031133248749908,0.0703835436104867,-1.740626149813576,0.0775240349476855,0.7123460996793318,0.7123462256446744,0.7742191591261222,0.7516283835227737,1.725803657493653,1.7263367171627733,-1.7113552425316556,0.8532107928094442,0.1031133248749897,0,0,0.10648012819564956
-0.7953100270027725,0.0558750553612939,-0.7376854475549606,-0.4354167240797301,-1.309961334605617,-0.7380716874354547,-0.7381295259620655,-0.7355612564606723,-0.8524576011803607,-0.7691548404173089,-1.7763568394002505e-15,-0.1623730049801604,1.291341732743605,-0.5007322205905943,1.2936320181461811,0.2614985894358296,0.2614936277301468,-0.0992164820649619,0.7516283835227737,-0.5245133879022894,-0.524246964449624,-0.4597388659592302,-1.2139506991070923,0.1623730049801549,0,0,0.1542458022165529
1.0834205935518215,-0.2870569538119506,-0.7904807747785566,0.3871626511130621,-1.633594891279527,-0.7904197960249194,-0.7904794415036949,-0.785889850843727,-0.4753608283729341,-0.8208292056470788,-1.7763568394002505e-15,0.608002836386989,0.1643034043130324,-1.575306959250512,0.1695054285898739,-2.293320847647406,-2.29332088141456,6.007574538340285,0.7516283835227737,1.4153280584092995,1.4143446320940294,-1.5456228554949365,2.154185562597712,-0.6080028363869916,1,1,1.0261702241301598
0.6498673734238385,-1.6587849905049288,0.595468546571063,0.0259240895204603,1.717979063443671,0.5968050815959273,0.5944137787339541,0.5727234386587332,0.5209333080679893,0.5485414729418572,-1.7763568394002505e-15,0.5339282362555298,1.244381802392332,0.4162125921836107,1.2395013749850703,0.3712038885813966,0.3712141238397204,-0.8637751042710072,-1.3304447010278462,0.2352683627025099,0.23604442731984,0.465532924106745,-1.7213137186819636,-0.5339282362555352,0,0,0.3501839830608416
0.9389028535091608,-0.5156782932607803,-0.7904807747785566,-0.8619393630685854,0.0121749011880096,-0.7904197960249194,-0.7904794415036949,-0.785889850843727,-1.1157559395902803,-0.8208292056470788,-1.7763568394002505e-15,-4.745121599779596,0.0234236132592111,-1.6291318119919749,0.0221723998355716,-0.041513877717213,-0.0415087281035546,0.8226089453416936,0.7516283835227737,1.515538475349534,1.514303261290811,-1.599115341392154,0.8429264072775208,4.745121599779591,0,0,0.06558539730864389
-1.0843455070880947,0.6274284039833682,-0.7904807747785566,1.6536737526003769,-1.3279026405193095,-0.7904197960249194,-0.7904794415036949,-0.785889850843727,0.1739596502481381,-0.8208292056470788,-1.7763568394002505e-15,0.1388637022210953,1.0252354607530534,-0.1297251999083688,1.0331537352656466,-0.1371926973505136,-0.1372027439554433,-0.6702159594087171,0.7516283835227737,-1.320391082140473,-1.3208869486542811,-0.085291464678708,-1.3956415101710664,-0.138863702221101,0,0,0.18418561031831518
1.227938333594483,0.0558750553612939,-0.7904807747785566,0.1064411183091729,-1.2982304807389724,-0.7904197960249194,-0.7904794415036949,-0.785889850843727,-0.619282377758017,-0.8208292056470788,-1.7763568394002505e-15,0.7067689698955976,-1.96454677161138,-1.2004553062296104,-1.9586835420074944,0.0570006200846327,0.0570007112224394,0.6048549073716177,0.7516283835227737,0.7057777258677411,0.7055470796077556,-1.1668637173158982,2.1747543336615576,-0.7067689698956002,1,0,0.45602477025349725
1.372456073637144,0.6274284039833682,-0.7904807747785566,-1.2231779246611865,-1.21197420230776,-0.7904197960249194,-0.7904794415036949,-0.785889850843727,-1.300957313217596,-0.8208292056470788,-1.7763568394002505e-15,-0.2216326850853244,-0.0391896272091525,-1.7713832085229837,-0.042540173567561,0.1816438667252104,0.1816490281983143,1.21698570299861,0.7516283835227737,1.7833552319580692,1.783888655185163,-1.7420763679335838,1.1000360455755973,0.22163268508532,0,0,0.11562091792464535
-1.0843455070880947,0.0558750553612939,-0.7904807747785566,0.0302763613468771,-0.1886297149998531,-0.7904197960249194,-0.7904794415036949,-0.785889850843727,-0.6583308601493187,-0.8208292056470788,-1.7763568394002505e-15,0.3363959692383125,-1.7140938097379192,-0.2354525892219564,-1.7071592001009777,-2.8595956504837163,-2.8595957143448527,0.2274145748901518,0.7516283835227737,-1.1194654098875094,-1.1179406408911177,-0.1925459200293002,1.2354471217459182,-0.3363959692383182,1,1,0.5277360412665272
-0.5062745469174503,-0.2870569538119506,0.6213557942776253,-0.5638087429590284,1.711078561169173,0.6229791358906549,0.6205887365047685,0.5988580815003194,0.2408999057760838,0.5743786555567375,-1.7763568394002505e-15,0.5339282362555298,0.9000089798163232,0.9717619651222802,0.9069845669953878,0.308616420432805,0.3086165249424273,-0.1137334179296333,-1.3304447010278462,-0.7653212915823487,-0.7665709140175806,1.0263282044700173,-0.8728519122983105,-0.5339282362555352,0,0,0.18281431238731116
-0.9398277670454336,0.2844963948101236,-0.7904807747785566,-1.7280414565255455,0.3033760971717838,-0.7904197960249194,-0.7904794415036949,-0.785889850843727,-1.5597929679256524,-0.8208292056470788,-1.7763568394002505e-15,0.1487403155719605,0.1329967840788505,-0.2777435449473914,0.1345036593278021,0.3455815108441892,0.3455816173182759,-0.5637584297344573,0.7516283835227737,-1.0389436894745756,-1.0391853572815315,-0.2355285472363842,-0.5128984186810035,-0.1487403155719618,0,0,0.018698134712857334
-0.7953100270027725,1.1989817526054425,-0.751453589409007,-0.5072292092156084,-0.6302618605676621,-0.7642457417301824,-0.7524067756552372,-0.7487579573014733,-0.9015471219008544,-0.7949920230321893,-1.7763568394002505e-15,0.6870157431938726,0.1016901638446686,-0.3604031402289235,0.1011298793337338,-0.0573632931949716,-0.0573682718461792,-0.212932479671557,0.7516283835227737,-0.8137857753418576,-0.8150357039311719,-0.3177210318643506,-0.3329216718723497,-0.6870157431938785,0,0,0.12466729802703465
-0.9398277670454336,-1.6587849905049288,-0.7904807747785566,0.7919239309698327,-0.5591866871403428,-0.7904197960249194,-0.7904794415036949,-0.785889850843727,-0.2678460362363028,-0.8208292056470788,-1.7763568394002505e-15,-0.0882984048487011,1.0721953911043265,-0.3104229198261367,1.071818480380726,-0.2739888504277112,-0.2739938405912204,-0.5032711969649918,0.7516283835227737,-0.9788679231476844,-0.9786043698895426,-0.267597090419099,-1.2636585625113872,0.0882984048486985,0,0,0.16795589593266433
1.0834205935518215,-0.4013676235363654,-0.7904807747785566,1.5840374033777067,-0.5336548287247035,-0.7904197960249194,-0.7904794415036949,-0.785889850843727,0.1382581806332337,-0.8208292056470788,-1.7763568394002505e-15,0.5833113030098341,1.103502011338511,-1.1216403432867543,1.1051922603747948,0.4016874288932511,0.4016875383490159,0.2395120214440459,0.7516283835227737,0.5550834716780185,0.5540946111277828,-1.0864228758029542,-0.5608922178299774,-0.5833113030098396,0,0,0.07073947732843684
-0.9398277670454336,1.5419137617786869,-0.7904807747785566,-1.3755074385857782,0.1170625357603643,-0.7904197960249194,-0.7904794415036949,-0.785889850843727,-1.3790542780001995,-0.8208292056470788,-1.7763568394002505e-15,0.3018278225103034,1.291341732743605,-0.2392972215606323,1.2932250208291804,1.0016612285361035,1.0016765610105969,-0.4984322183434346,0.7516283835227737,-1.1139121877900655,-1.1149115915215182,-0.1955102391470301,-1.4950572369796562,-0.3018278225103051,0,0,0.19001618965128797
1.0834205935518215,-0.6299889629851951,-0.7904807747785566,1.21627043404548,-0.4308373448346984,-0.7904197960249194,-0.7904794415036949,-0.785889850843727,-0.0502902057704793,-0.8208292056470788,-1.7763568394002505e-15,0.0302209553616269,0.2738765751326718,-1.6079863341292573,0.2675917819870751,0.6756595133737889,0.6756647011007499,0.583079503574611,0.7516283835227737,1.4766659206674282,1.4779546688556175,-1.5783651075680445,0.554963612383675,-0.0302209553616317,0,0,0.03794551335336906
-0.7953100270027725,1.0846710828810275,-0.7904807747785566,1.6427930730343354,-0.2410735322860307,-0.7904197960249194,-0.7904794415036949,-0.785889850843727,0.1683812956208096,-0.8208292056470788,-1.7763568394002505e-15,0.4746685561503657,0.2738765751326718,-0.6968084698630658,0.2692197712550787,-0.5551260859948396,-0.5551310910990437,-0.1572842255236485,0.7516283835227737,-0.2488716365200833,-0.2486034718160733,-0.6572703126225067,-0.2420762663403624,-0.47466855615037,0,0,0.13947933145613198
-1.6624164672587392,-0.74429963270961,-0.7904807747785566,-0.1438145117097986,0.9244213018765146,-0.7904197960249194,-0.7904794415036949,-0.785889850843727,-0.7475845341865796,-0.8208292056470788,-1.7763568394002505e-15,0.5438048496063951,-2.058466632313928,-0.2162294275285768,-2.0620608605257065,-0.5433023207742116,-0.5432921341162034,-0.4984322183434346,0.7516283835227737,-1.155056515148399,-1.1542892333263113,-0.1735473293202128,1.316008141745982,-0.5438048496063961,1,0,0.4859942817105889
-0.072721326789467,1.4276030920542722,1.6479723183414117,-0.9750984305554244,-1.5390580101189175,1.6437672533852394,1.6485507144131266,1.6578286342645927,0.9047241064282104,1.5820287775372746,-1.7763568394002505e-15,0.1882467689753996,0.3521431257181292,1.3523805666511954,0.3489912453872422,0.4345002762721226,0.4345105148942555,6.414048742551095,-1.3304447010278462,0.4992988315173337,0.4995717224749926,1.4099380466598863,1.6913882136611735,-0.1882467689754053,1,1,2.2042855216004797
0.7943851134664996,1.6562244315031018,-0.0729407127158713,0.5307876213848187,0.6946345761357634,-0.0837203300671322,-0.0718578736140558,-0.092416159601637,0.2096611198630424,-0.1232252750451706,-1.7763568394002505e-15,0.7166455832464573,0.6339027078257716,-0.5564793895013951,0.6383663377748361,-0.4572192335148269,-0.457229297127173,-0.0459877172278316,0.7516283835227737,0.8145703951403885,0.8145928569133365,-0.5172736051988067,-0.6106000812342721,-0.7166455832464611,0,0,0.2205457404541642
0.2163141532958551,0.9703604131566128,1.7806542785280297,-1.2949904097970657,0.6973947770455626,1.774637524858906,1.7818050448827285,1.797817166713089,0.8545189147822516,1.711214690611704,-1.7763568394002505e-15,0.0549124887387818,-1.917586841260104,1.7041644256400414,-1.9135068398204012,-0.0046500615261337,-0.0046449099533937,0.6217913325470682,-1.3304447010278462,0.0833120125815501,0.0845919588398671,1.7663300496778715,2.18161059068284,-0.0549124887387838,1,1,0.6205726334520445
-0.9398277670454336,1.7705351012275166,-0.7904807747785566,0.0759752155242546,-0.641302664206857,-0.7904197960249194,-0.7904794415036949,-0.785889850843727,-0.6349017707145377,-0.8208292056470788,-1.7763568394002505e-15,-0.1475580849538652,-2.058466632313928,-0.075900347166906,-2.0535139168686887,0.0862182326426703,0.0862284527557812,-0.6048897480176944,0.7516283835227737,-1.4223684333844393,-1.4208455778510634,-0.0308557863349401,1.1891673868522643,0.1475580849538635,1,1,0.6139788795334513
0.3608318933385163,-1.3158529813316842,1.4149085634584675,0.8115091541887094,-0.2962775504820066,1.4082007647326438,1.415355636091323,1.413560289289767,1.622100511502694,1.349494134003305,-1.7763568394002505e-15,-0.0241004180681072,0.4930229167719505,0.8660345758086925,0.4946962848735417,0.3022361445535803,0.3022463761466989,-0.3266484772781521,-1.3304447010278462,0.9397703115191196,0.9387838810669143,0.9185347820071106,-0.6534516876172849,0.0241004180681028,0,0,0.15688999043723326
-1.6624164672587392,0.0558750553612939,-0.7904807747785566,0.3371115251092678,-0.3397507148113379,-0.7904197960249194,-0.7904794415036949,-0.785889850843727,-0.5010212596586466,-0.8208292056470788,-1.7763568394002505e-15,-0.1129899382258561,0.0860368537275777,-0.2719765964393776,0.0832219973856972,1.132229017064532,1.1322190379214696,-0.4669788573033127,0.7516283835227737,-1.0513122296007,-1.0513015547599296,-0.2289262001105312,-0.4460499127235034,0.1129899382258506,0,0,0.02769626465401086
0.2163141532958551,0.5131177342589534,1.808687890554044,-1.1426608958724749,-1.2368160104959491,1.8008115791536337,1.807980002653543,1.8275744333148956,0.9560449689996354,1.7370518732265845,-1.7763568394002505e-15,0.3709641159663272,-1.6671338793866464,1.4946319631822045,-1.660354508645882,1.2612776922883866,1.2612626562921716,0.1451519383236794,-1.3304447010278462,0.5697237844803701,0.5692398579757803,1.553842265647867,1.6982444706824555,-0.3709641159663311,1,0,0.3682932178300786
1.372456073637144,-0.5156782932607803,-0.7904807747785566,1.0791738715133474,-1.6936292610676509,-0.7904197960249194,-0.7904794415036949,-0.785889850843727,-0.1205774740748225,-0.8208292056470788,-1.7763568394002505e-15,0.1141721688439459,0.0077703031421202,-1.4657349375982482,0.0103694776425474,0.8105314562651856,0.8105214600259006,0.4814609525219084,0.7516283835227737,1.20809190650015,1.2083692749612658,-1.4349998556923784,0.650951210681624,-0.1141721688439489,0,0,0.13779579998394134
0.7943851134664996,1.3132924223298572,-0.082782578375798,0.8397989210604182,-0.985637727704258,-0.0837203300671322,-0.0837555816916987,-0.1021196161022259,0.3602766948009201,-0.1232252750451706,-1.7763568394002505e-15,0.5191133162292402,0.4930229167719505,-0.8332929178860609,0.4861493412165238,0.5269889579658127,0.5269941377918581,0.0314359407170844,0.7516283835227737,1.3118361920478487,1.3113569535276473,-0.7955153769311846,-0.2832138084680544,-0.5191133162292438,0,0,0.15410130191806856
-0.2172390668321281,-0.5156782932607803,1.5805188933264356,-0.3461951516381839,-1.4065683664485755,1.5914191447957748,1.5795440075627971,1.5869287121002895,1.1702537866890614,1.5303544123075046,-1.7763568394002505e-15,-0.2068177650590293,-2.058466632313928,1.1197803101613026,-2.0632818524767087,-0.1146591833326155,-0.1146591013174598,0.0290164514063062,-1.3304447010278462,0.7671155881258693,0.7661280669997451,1.175622094581143,1.7650929766399557,0.2068177650590286,1,1,0.6857489048908363
0.6498673734238385,0.9703604131566128,0.5455263133818606,0.2391854090148879,0.430345339022528,0.5444569730064626,0.5444434048078532,0.5223948442756785,0.5867578926704695,0.4968671077120872,-1.7763568394002505e-15,0.0993572488176562,1.1661152518068747,0.272038879483264,1.1678698471929232,0.7416903050127551,0.7417056236714098,-1.083948631551862,-1.3304447010278462,0.3884868087547068,0.3874968957998129,0.3205507708941356,-1.8155872527245915,-0.0993572488176578,0,0,0.21611728297815747
-0.3617568068747892,-0.8586103024340248,1.0667787409131892,1.4186510739738654,1.2197627992249866,1.0679380589011187,1.0679425602241466,1.0529798457278818,1.636604233533749,1.013610760009796,-1.7763568394002505e-15,0.5092367028783804,-2.0115067019626527,1.3831376253606027,-2.018919144923617,0.4432351777734413,0.4432403531484969,0.2274145748901518,-1.3304447010278462,-0.6792463490719712,-0.6787284822991964,1.4409286556179723,1.951925980469892,-0.509236702878383,1,1,0.780615126435665
-1.373380987173417,1.1989817526054425,-0.7904807747785566,1.6558498885135848,-0.4018552352818109,-0.7904197960249194,-0.7904794415036949,-0.785889850843727,0.1750753211736036,-0.8208292056470788,-1.7763568394002505e-15,0.5833113030098341,0.1643034043130324,-0.1489483616017483,0.1589234983478525,-0.6306260172323397,-0.6306208989263244,-0.8226437859877702,0.7516283835227737,-1.2842951385070889,-1.284538356219088,-0.1045595389439526,-0.6894470369790158,-0.5833113030098396,0,0,0.08586239954500748
-0.2172390668321281,-1.6587849905049288,1.4443032845651105,-0.0785304343135451,-0.2590148381997228,1.4343748190273808,1.4439101354776664,1.4442232118316285,1.1914515342729106,1.3753313166181949,-1.7763568394002505e-15,0.0104677286599074,1.2600351125094231,1.238963912660256,1.2627002220541177,0.4365510792333018,0.4365461268305696,0.1959612138500308,-1.3304447010278462,0.2950917098431537,0.2935963653422296,1.295003309958812,-0.9139894544260032,-0.01046772865991,0,0,0.22297035506882143
0.9389028535091608,-0.2870569538119506,-0.7904807747785566,1.4774067436304923,-1.541818211028717,-0.7904197960249194,-0.7904794415036949,-0.785889850843727,0.0835903052854113,-0.8208292056470788,-1.7763568394002505e-15,0.1388637022210953,-0.7122819622440768,-1.7809947893696734,-0.7055388029619221,-0.3945811282560847,-0.3945911885396051,0.7887360949907928,0.7516283835227737,1.80203425174038,1.80206295140276,-1.7520472595114027,1.5422646234482895,-0.138863702221101,0,0,0.15299282061033412
-0.9398277670454336,-1.544474320780514,-0.7904807747785566,0.1760774675318432,-0.0209475097295757,-0.7904197960249194,-0.7904794415036949,-0.785889850843727,-0.5835809081431127,-0.8208292056470788,-1.7763568394002505e-15,-0.1278048582521457,0.5556361572403142,-0.208540162851225,0.5492339253516533,-0.4482311464627441,-0.4482361458861445,-0.7621565532183047,0.7516283835227737,-1.1709589238819875,-1.172463529543908,-0.165058597301259,-0.9636973178302978,0.127804858252142,0,0,0.11673528469482547
1.6614915537224662,-0.4013676235363654,-0.7904807747785566,1.579685131551289,0.3806617226461496,-0.7904197960249194,-0.7904794415036949,-0.785889850843727,0.1360268387823018,-0.8208292056470788,-1.7763568394002505e-15,0.3561491959400376,0.6339027078257716,-0.0797449795055819,0.6310403860688214,0.6323647841933306,0.6323598421968795,-0.5903728121530221,0.7516283835227737,-1.4125240851207892,-1.4117584297422652,-0.0361107156800069,-1.0648271088942078,-0.3561491959400397,0,0,0.1797982078042241
-1.373380987173417,1.5419137617786869,-0.7904807747785566,-1.2166495169215616,1.6848566525260846,-0.7904197960249194,-0.7904794415036949,-0.785889850843727,-1.2976103004411992,-0.8208292056470788,-1.7763568394002505e-15,-0.1179282449012859,-0.4774823104877072,-0.1335698322470447,-0.4759923161734509,0.0547472686828436,0.0547422959896136,-0.5952117907745792,0.7516283835227737,-1.3138281832980394,-1.3148288499150824,-0.0887947509087525,-0.0998089331487603,0.1179282449012811,0,0,0.22198397709546933
0.2163141532958551,-1.430163651056099,1.812404765351144,1.5470430928531629,0.8167734663943611,1.8008115791536337,1.8127390858846,1.831455815915131,2.338361245651712,1.7370518732265845,-1.7763568394002505e-15,0.3956556493434821,0.7904358089966839,1.683018947777324,0.7942463101861565,-0.1453199535300028,-0.1453148094329923,0.2346730428224879,-1.3304447010278462,0.2234046609488802,0.2239282298414422,1.7439629145168185,-0.2232215595318369,-0.3956556493434832,0,0,0.13689259033527587
0.5053496333811774,1.0846710828810275,1.1008849934527758,1.6514976166871689,0.0680689696114355,1.0941121131958464,1.101256142841547,1.08804166855001,1.7849884666206948,1.0394479426246763,-1.7763568394002505e-15,-0.0636068714715517,-1.808013670440468,0.9832958621383078,-1.8089085293511864,0.0276310961961359,0.0276210583505662,-0.2976146055488092,-1.3304447010278462,0.0992144213151388,0.0997372056878644,1.0384549644970944,1.3708581979162384,0.0636068714715463,1,1,0.585208729391816
-0.2172390668321281,-1.6587849905049288,1.5540296166034415,-0.796655285672332,-0.03474851427857,1.5652450905010378,1.553369049791982,1.5591121367986012,0.9158808156828682,1.504517229692615,-1.7763568394002505e-15,0.109233862168516,0.9313156000505052,1.2178184347975387,0.923671456992422,-0.488183826373129,-0.4881787004971984,0.1620883634991299,-1.3304447010278462,0.5581125019129876,0.5571236604973827,1.2750615268031746,-0.6500235591066439,-0.1092338621685184,0,0,0.1867772577813943
0.6498673734238385,-0.1727462840875357,0.4172417825326568,-1.5017233215518675,-0.9683864720180154,0.4135867015327962,0.4183276991848371,0.3935329419478572,-0.4151145983977831,0.3676811946376577,-1.7763568394002505e-15,0.4450387160977864,-1.808013670440468,0.1547775931536487,-1.8072805400831835,0.931908609300925,0.9318986195120766,-0.887969997378793,0.7516283835227737,0.3836908442160055,0.3844678464302132,0.2019780061849382,0.7537950660008542,-0.4450387160977875,1,0,0.24814930290535364
-0.072721326789467,1.6562244315031018,1.6421090792248596,-1.6148823890387067,-0.5246841757678578,1.6437672533852394,1.641412089566541,1.6516184221042158,0.5722541706394143,1.5820287775372746,-1.7763568394002505e-15,0.6129411430624189,0.9626222202846896,1.361992147497885,0.9603012155224974,-0.4122534796993356,-0.4122635409220311,0.353228019050641,-1.3304447010278462,0.5096480181534792,0.5086588705837913,1.4200436800157838,-0.53518125400017,-0.6129411430624219,0,0,0.13173708685279772
1.6614915537224662,-0.8586103024340248,-0.7904807747785566,0.3458160687621014,-1.365855403029043,-0.7904197960249194,-0.7904794415036949,-0.785889850843727,-0.4965585759567836,-0.8208292056470788,-1.7763568394002505e-15,0.2030616890016947,1.306995042860696,-0.1739384718031417,1.3005509725351956,-2.47812098114925,-2.4781159610260963,-0.4427839641955262,0.7516283835227737,-1.2355782355613325,-1.2360735663054965,-0.1305647021131288,-1.5259103935754252,-0.2030616890016967,0,0,0.15383767516382293
-1.6624164672587392,0.3988070645345384,-0.7904807747785566,0.5634296600829466,-1.5459585123934148,-0.7904197960249194,-0.7904794415036949,-0.785889850843727,-0.3849914834102073,-0.8208292056470788,-1.7763568394002505e-15,0.2178766090279844,0.5243295370061324,-0.0643664501508783,0.5288840595016114,0.8258238635312655,0.8258239955272447,-0.8661945935817854,0.7516283835227737,-1.4425619682842346,-1.4420489234382596,-0.0200764440886495,-1.066541173149528,-0.2178766090279879,0,0,0.17747724058547618
0.6498673734238385,-1.430163651056099,0.4364281855345884,-0.402774685381603,-0.6164608560186678,0.4397607558275239,0.437364032109066,0.4128104755290274,0.1661499537698777,0.3935183772525381,-1.7763568394002505e-15,0.5981262230361292,-2.0115067019626527,0.050972520009399,-2.007116222730593,0.6484167481116991,0.6484320618134469,-0.6411820876793735,0.7516283835227737,0.6242463287098174,0.6237627466285705,0.0968794192836042,1.0588985034479057,-0.5981262230361307,1,0,0.34267666895136945
-0.2172390668321281,1.1989817526054425,1.4619453522640211,-1.7302175924387544,-1.0629233531786242,1.4605488733221084,1.4629464684018954,1.4627244688927512,0.3591610238754538,1.4011684992330753,-1.7763568394002505e-15,0.252444755755999,0.9000089798163232,1.0275091340330809,0.8935536555343603,1.137875054846545,1.1378701397148183,-0.3435849024536025,-1.3304447010278462,0.7489414067160536,0.7479537707821483,1.082650267706886,-0.8899925548515158,-0.2524447557560008,0,0,0.15040616751640232
-1.517898727216078,-1.544474320780514,-0.7904807747785566,1.52310559780787,0.4938299599479006,-0.7904197960249194,-0.7904794415036949,-0.785889850843727,0.1070193947201923,-0.8208292056470788,-1.7763568394002505e-15,0.4598536361240761,0.9782755304017808,-0.2392972215606323,0.978616094787535,-0.0577430715211142,-0.057732859058653,-0.476656814546427,0.7516283835227737,-1.1141646069763131,-1.1149115915215182,-0.1953754973689515,-1.224235084639015,-0.4598536361240789,0,0,0.18105646585219923
0.3608318933385163,-1.3158529813316842,1.48497950593619,-1.4451437878084483,-0.1154843908901851,1.4867229276168454,1.4843623429416528,1.4867890410142115,0.5253959917698522,1.4270056818479648,-1.7763568394002505e-15,0.5141750095538102,-1.4323342276302766,1.3139342432644363,-1.4259240540534006,-0.6291575410379129,-0.6291422952312904,-0.0895385248218468,-1.3304447010278462,0.2764126900608428,0.2754220691246329,1.371940865241712,1.319436270256623,-0.5141750095538136,1,0,0.46689404517221345
1.6614915537224662,1.1989817526054425,-0.7904807747785566,-1.6409960199972082,0.3199373026305763,-0.7904197960249194,-0.7904794415036949,-0.785889850843727,-1.515166130907022,-0.8208292056470788,-1.7763568394002505e-15,-2.7697989296074232,-1.0723080949371768,-0.1604822586177761,-1.0746853694816798,-0.4572698706249776,-0.4572698068174478,-0.5419830259374497,0.7516283835227737,-1.261072573372324,-1.2603059612622922,-0.1169557825271869,0.43669317876656,2.76979892960742,1,1,0.7581796561311851
-0.7953100270027725,-0.8586103024340248,-0.7574477043986964,-1.214473381008353,-1.1229577229667485,-0.7642457417301824,-0.7571658588862944,-0.7544506517818188,-1.2686028563790892,-0.7949920230321893,-1.7763568394002505e-15,0.6425709831150036,-1.4949474680986403,-0.3392576623662061,-1.4898226328225317,-0.2569494628613706,-0.2569595158306237,-0.587953322842244,0.7516283835227737,-0.8650268701500883,-0.8635004938447632,-0.296297089149848,0.8874920779158543,-0.6425709831150045,1,1,0.5095643241274257
0.0717964132531941,-1.6587849905049288,1.74885144135566,-0.9250473045516302,0.4710583024420606,1.7484634705641688,1.748491462265328,1.7641785175110476,1.0162911989747865,1.6853775079968143,-1.7763568394002505e-15,0.252444755755999,0.6652093280599536,1.3216235079417882,0.6705191258179023,-1.0800050512814188,-1.0800050205683864,0.2128976390254812,-1.3304447010278462,0.7661059113808797,0.7661280669997451,1.3785432123675647,-0.356918571446837,-0.2524447557560008,0,0,0.1844222132902473
1.372456073637144,0.9703604131566128,-0.7904807747785566,1.4208272098870731,0.8733575850452361,-0.7904197960249194,-0.7904794415036949,-0.785889850843727,0.0545828612233017,-0.8208292056470788,-1.7763568394002505e-15,-0.2166943784098945,0.6652093280599536,-1.5887631724358775,0.6717401177689049,0.1273862031967179,0.1273761706525135,1.0064901329608702,0.7516283835227737,1.438550623544064,1.4385770270508245,-1.5580190990781706,0.3218508736600855,0.2166943784098895,0,0,0.12168146299749698
-0.7953100270027725,1.4276030920542722,-0.7835443535022786,-0.5289905683476932,1.640693437969304,-0.7904197960249194,-0.7833408166571091,-0.7792915004233265,-0.93947993336669,-0.8208292056470788,-1.7763568394002505e-15,0.6623242098167231,0.759129188762502,-0.6679737273229965,0.7608725301920878,0.1651614873705451,0.1651717116789977,-0.2806781803733588,0.7516283835227737,-0.2905208022509109,-0.2910101629904656,-0.6283008303356006,-0.710015808042862,-0.6623242098167262,0,0,0.2854368663883671
-0.9398277670454336,0.741739073707783,-0.7904807747785566,0.8528557365396694,-0.0361286147334696,-0.7904197960249194,-0.7904794415036949,-0.785889850843727,-0.2366072503232614,-0.8208292056470788,-1.7763568394002505e-15,0.5783729963344042,-1.6827871895037372,-0.2354525892219564,-1.6811113718129245,0.5555229695367894,0.5555332145905267,-0.3871357100476177,0.7516283835227737,-1.1194654098875094,-1.1209696902607171,-0.1925459200293002,1.0400437966393798,-0.578372996334409,1,0,0.32452089815087576
0.0717964132531941,-0.6299889629851951,1.8475318497012012,0.0520377204789618,-0.2258924272821373,1.853159687743108,1.8484322101175292,1.8687170888773923,1.60201843484431,1.7887262384563636,-1.7763568394002505e-15,0.6129411430624189,0.211263334664308,1.5138551248755838,0.2053211924859478,-0.0788840650098169,-0.0788789173821522,0.5177532921835875,-1.3304447010278462,0.6358576112772,0.6358789441069685,1.5737840488035046,0.2464320464259834,-0.6129411430624219,0,0,0.0372456051201133
-1.228863247130756,-0.74429963270961,-0.7904807747785566,0.0346286331732939,-0.4294572443797988,-0.7904197960249194,-0.7904794415036949,-0.785889850843727,-0.6560995182983873,-0.8208292056470788,-1.7763568394002505e-15,0.5635580763081146,1.0252354607530534,-0.162404574787114,1.030304754046641,0.0009200205906479,0.0009150450368368,-0.8589361256494493,0.7516283835227737,-1.2575387047648598,-1.2572769118926928,-0.1188421674202878,-1.424780602511515,-0.5635580763081178,0,0,0.10363101309299427
-0.072721326789467,-1.430163651056099,1.6753515510017396,1.6514976166871689,-1.5376779096640183,1.6699413076799765,1.674725672183941,1.686680244926344,2.274768002900164,1.607865960152164,-1.7763568394002505e-15,0.5191133162292402,-1.6984404996208282,1.1582266335480618,-1.6957632752249543,0.0489240010152942,0.0489291554351648,0.0798257269326558,-1.3304447010278462,0.9516340132727492,0.950900078545312,1.2148319520020254,1.494270824299315,-0.5191133162292438,1,1,0.5727597456472611
-0.5062745469174503,1.4276030920542722,0.5280936470799692,-1.5778880785141636,-1.183682142982322,0.5182829187117256,0.527786613499153,0.5047992431546106,-0.3582153811990296,0.4710299250971976,-1.7763568394002505e-15,0.0549124887387818,0.195610024547217,0.7410840248017254,0.2004372246819376,0.1141699174468945,0.1141598842003264,-0.6290846411254801,-1.3304447010278462,-0.5333480594209499,-0.5333341125584222,0.7938986372843747,-0.5711766033619009,-0.0549124887387838,0,0,0.178149630060377
-0.3617568068747892,0.6274284039833682,1.091331054713751,-0.779246198366664,-1.3210021382448125,1.0941121131958464,1.0917379763794326,1.0782088326294132,0.5309743463971816,1.0394479426246763,-1.7763568394002505e-15,0.025282648686197,0.9313156000505052,1.4292732134247137,0.9305904113814362,0.9496315978543266,0.9496418638524844,0.2637069145518325,-1.3304447010278462,-0.7564866200636883,-0.7574837659087822,1.4887619868358868,-0.4906155833618364,-0.0252826486862012,0,0,0.21296842838923025
1.227938333594483,-0.6299889629851951,-0.7904807747785566,-0.1002917934456298,-0.1637879068116638,-0.7904197960249194,-0.7904794415036949,-0.785889850843727,-0.7252711156772644,-0.8208292056470788,-1.7763568394002505e-15,0.2672596757822887,-2.121079872782292,-1.575306959250512,-2.1231104580758315,0.167845254208631,0.1678352238145722,0.9484223895021828,0.7516283835227737,1.4125514473605774,1.4113155827244297,-1.5441406959360713,2.64955013238534,-0.2672596757822922,1,0,0.284635153682165
-0.9398277670454336,0.9703604131566128,-0.7904807747785566,-1.403797205457488,-0.4756906096189289,-0.7904197960249194,-0.7904794415036949,-0.785889850843727,-1.3935580000312544,-0.8208292056470788,-1.7763568394002505e-15,0.1536786222473904,1.2130751821581502,-0.1431814130937344,1.2167095252330236,1.2943690437730957,1.294369200669336,-0.7742539997721979,0.7516283835227737,-1.294139486770739,-1.293625504327886,-0.0993046095988859,-1.5704760642137583,-0.1536786222473924,0,0,0.14423582449015582
-0.2172390668321281,1.1989817526054425,1.5294511276282523,-0.985979110121466,0.8291943704884552,1.5390710362063105,1.5295736336366963,1.5333656322170384,0.7987353685089637,1.4786800470777348,-1.7763568394002505e-15,0.0005911153090476,0.6652093280599536,1.05634387657315,0.6676701445988967,-0.5505940646361842,-0.5505838783656856,-0.1572842255236485,-1.3304447010278462,0.8075026579254602,0.8085347581741378,1.1106765575472417,-0.6294547880427982,-0.0005911153090491,0,0,0.11278551491360927
0.2163141532958551,-0.0584356143631209,1.795547952891057,0.5569012523433211,-1.2375060607233983,1.8008115791536337,1.7960822945759,1.8136014559540472,1.816227252533736,1.7370518732265845,-1.7763568394002505e-15,0.6573859031412933,1.2130751821581502,1.76183391072018,1.2106045654780109,0.4604517952253182,0.4604670989378994,0.4379101449278932,-1.3304447010278462,0.0681668614067034,0.0694467119918696,1.8231910800270548,-0.464904619532029,-0.6573859031412959,0,0,0.19979063619840745
1.5169738136798052,0.9703604131566128,-0.7904807747785566,-1.3646267590197358,1.315679780840494,-0.7904197960249194,-0.7904794415036949,-0.785889850843727,-1.3734759233728706,-0.8208292056470788,-1.7763568394002505e-15,0.6771391298430128,0.2425699548984898,-1.2485132104630592,0.2500908973560395,-1.6787888788356855,-1.678788879944289,1.2798924250788537,0.7516283835227737,0.7941244410543458,0.7933895113261402,-1.21402333964342,0.5361089055751495,-0.6771391298430176,0,0,0.16045716837450616
-0.2172390668321281,-0.1727462840875357,1.4749805892284988,-1.5626551271217044,-0.4970821666698698,1.4867229276168454,1.474844176479538,1.4763093079935754,0.4562243943909754,1.4270056818479648,-1.7763568394002505e-15,-0.2117560717344647,-0.11745617779461,1.233196964152242,-0.1105087255067006,0.0490759123457534,0.0490810667736958,-0.0459877172278316,-1.3304447010278462,0.3438086127889098,0.3450902046254203,1.290691573060296,0.1727272834472009,0.2117560717344592,0,0,0.07138635334379874
1.5169738136798052,0.9703604131566128,-0.7904807747785566,0.2957649427583071,1.6696755475221914,-0.7904197960249194,-0.7904794415036949,-0.785889850843727,-0.5222190072424961,-0.8208292056470788,-1.7763568394002505e-15,0.608002836386989,-2.152386493016474,-1.165853615181527,-2.147123299778881,-0.0927333146365505,-0.0927231040336002,0.2999992542135116,0.7516283835227737,0.6404011566296537,0.6419370428461674,-1.1319655967935325,2.2244621970658525,-0.6080028363869916,1,1,0.6287690227097258
-0.2172390668321281,-1.3158529813316842,1.4619715274386489,1.6841396553852952,0.4517368960734689,1.4605488733221084,1.4629464684018954,1.4627244688927512,2.109648705931231,1.4011684992330753,-1.7763568394002505e-15,-0.0981750181995609,-1.9802000817284704,1.0832563029438815,-1.9741494400535256,-3.1739001932007853,-3.1739104011878214,-0.1185723965511905,-1.3304447010278462,0.6123826269561877,0.6116465491501729,1.138972330943755,1.6245397077036736,0.0981750181995594,1,1,0.8065637560886976
1.6614915537224662,1.1989817526054425,-0.7904807747785566,-1.2340586042272288,1.16455878102901,-0.7904197960249194,-0.7904794415036949,-0.785889850843727,-1.306535667844925,-0.8208292056470788,-1.7763568394002505e-15,0.4697302494749358,-1.6358272591524616,-0.1893170011578454,-1.6338996830408274,0.190581316667139,0.1905712874813615,5.978540666610942,0.7516283835227737,-1.2073072867016192,-1.2088121219791017,-0.1456557812579358,2.7746768230237366,-0.4697302494749397,1,1,4.7969032384436225
0.2163141532958551,-0.0584356143631209,1.6597249717491434,-0.2090985891060521,0.1329336909917073,1.6699413076799765,1.6604484224907696,1.670119679165339,1.3074813105213496,1.607865960152164,-1.7763568394002505e-15,0.2475064490805691,-0.9157749937662646,1.2774102360470152,-0.9192123943873608,1.010142944486662,1.0101329588554822,0.2516094679979384,-1.3304447010278462,0.6679148479306249,0.6691984871725625,1.3354258433824022,0.966339033660598,-0.2475064490805704,0,0,0.123052718289063
-0.2172390668321281,0.0558750553612939,1.5389003656687668,1.2510886086568145,0.8057326627551662,1.5390710362063105,1.5390918000988103,1.5431984681376354,1.953454776366025,1.4786800470777348,-1.7763568394002505e-15,0.6326943697641384,0.8060891191137748,1.371603728344575,0.809305210915187,-0.51173008259408,-0.5117249579694855,4.901867923314454,-1.3304447010278462,0.287266715069483,0.2875382666030308,1.429206120925131,0.8874920779158543,-0.6326943697641436,1,1,1.544896511845468
1.0834205935518215,-0.1727462840875357,-0.7904807747785566,-1.6562289713896674,-0.8020843672026372,-0.7904197960249194,-0.7904794415036949,-0.785889850843727,-1.5229758273852825,-0.8208292056470788,-1.7763568394002505e-15,0.2721979824577186,-2.0271600120797437,-1.609908650298595,-2.033164051018647,-0.4703342450443454,-0.4703443093536725,0.8298674132740298,0.7516283835227737,1.480704627647387,1.480983718225217,-1.5805209760173025,2.5638469196193143,-0.2721979824577225,1,0,0.2864741662641059
-0.5062745469174503,-0.6299889629851951,0.519508189802161,1.0791738715133474,1.2494349590053233,0.5182829187117256,0.5206479886525671,0.4962602014340921,0.9962091223164028,0.4710299250971976,-1.7763568394002505e-15,0.3413342759137479,-1.103614715171359,0.7045600175843042,-1.0995122058187308,0.2274198143031411,0.227424978208954,-0.3097120521027016,-1.3304447010278462,-0.4669618134378727,-0.4666950264272342,0.757383615425065,0.5909589617454059,-0.3413342759137485,0,0,0.38437054605508597
-0.5062745469174503,0.8560497434321979,0.4479714375453003,-0.3244337925060991,-0.3632124225446275,0.4397607558275239,0.4468821985711804,0.4243252439097262,0.2152394744903709,0.3935183772525381,-1.7763568394002505e-15,0.4697302494749358,-2.152386493016474,0.798753509881864,-2.149565283680886,0.5775501124531628,0.577560358677505,-0.2201909476038931,-1.3304447010278462,-0.7726414479835245,-0.7726290127567794,0.8511638929677938,1.559405266001495,-0.4697302494749397,1,1,1.0281023429232585
-0.5062745469174503,-0.74429963270961,0.4242043789835625,-0.7901268779327064,0.9009595941432246,0.4135867015327962,0.4230867824158942,0.4005194306282813,-0.042480509292219,0.3676811946376577,-1.7763568394002505e-15,0.2228149157034143,-1.041001474702995,0.6026772606093925,-1.0425325814386135,-0.5013747935678753,-0.5013646046816792,-0.6121482159500297,-1.3304447010278462,-0.4586319802917071,-0.4576078783184358,0.6530934791922027,0.3904134438729063,-0.2228149157034184,0,0,0.396907655168988
0.7943851134664996,0.6274284039833682,-0.156203943205836,1.2750261037021071,-1.2057637502607124,-0.1622424929513339,-0.155141830157557,-0.174054573626592,0.5198176371425237,-0.2007368228898301,-1.7763568394002505e-15,0.5042983962029505,0.1643034043130324,-1.0831940198999952,0.1650284581028647,-3.1207312275405767,-3.120741432702012,0.505655845629695,0.7516283835227737,1.6493206440606782,1.6506104829227868,-1.0488299197190152,0.2824273957877137,-0.5042983962029527,0,0,0.39001225903265874
0.6498673734238385,-0.9729209721584398,0.5728270205183061,-1.286285866144232,1.1507577764800163,0.5706310273011902,0.5729979041941966,0.549952660737351,-0.170782665720782,0.5227042903269675,-1.7763568394002505e-15,0.2771362891331485,-0.0548429373262435,0.1528552769843107,-0.0592270635645954,-0.2315802706749274,-0.2315903222959659,-0.8323217432308846,0.7516283835227737,0.67725435782178,0.6782856352813607,0.1991484288452869,-0.7014454867662594,-0.2771362891331531,0,0,0.18484854058836353
1.6614915537224662,0.3988070645345384,-0.7904807747785566,1.618855577989041,-0.3273298107172433,-0.7904197960249194,-0.7904794415036949,-0.785889850843727,0.1561089154406855,-0.8208292056470788,-1.7763568394002505e-15,0.3462725825891778,0.7278225685283201,-0.2681319641007016,0.7291267394660226,0.0263145313321683,0.0263146208392006,-0.5444025152482288,0.7516283835227737,-1.0591372243743709,-1.060388702868728,-0.2247492049900936,-1.0151192454899132,-0.3462725825891791,0,0,0.10920365141985394
-1.0843455070880947,1.0846710828810275,-0.7904807747785566,1.2010374826530208,0.7422480418297935,-0.7904197960249194,-0.7904794415036949,-0.785889850843727,-0.0580999022487397,-0.8208292056470788,-1.7763568394002505e-15,0.252444755755999,-1.4949474680986403,-0.2738989126087155,-1.4947066006265417,-1.3977782360439392,-1.3977731585072903,0.2370925321332678,0.7516283835227737,-1.047273522620741,-1.04827250539033,-0.2310820685597893,1.084609467277713,-0.2524447557560008,1,0,0.3899196033671661
0.6498673734238385,1.0846710828810275,0.5448719340161741,-0.3570758312042262,-1.229915508221452,0.5444569730064626,0.5444434048078532,0.5217479471756391,0.2810640590928511,0.4968671077120872,-1.7763568394002505e-15,0.5289899295800999,-0.8375084431808071,0.316252151378037,-0.8304869792811785,0.7798960046228756,0.7798860067555057,-1.0186224201608385,-1.3304447010278462,0.3266441081240839,0.3269159084078237,0.364880815882006,-0.0860964191061959,-0.5289899295801047,0,0,0.35754535044735447
-1.0843455070880947,0.6274284039833682,-0.7904807747785566,1.166219308041685,1.2880777717425067,-0.7904197960249194,-0.7904794415036949,-0.785889850843727,-0.0759506370561923,-0.8208292056470788,-1.7763568394002505e-15,0.4203471827206315,0.6182493977086807,-0.1797054203111557,0.6106905202187796,-0.1286856628448819,-0.1286957089977136,-0.7234447242458466,0.7516283835227737,-1.2269959832289197,-1.226986418196698,-0.1351459225678024,-1.0219755025111952,-0.4203471827206355,0,0,0.10537123945236143
-0.7953100270027725,1.3132924223298572,-0.7904807747785566,1.7037248786041703,-0.6785653764891408,-0.7904197960249194,-0.7904794415036949,-0.785889850843727,0.1996200815338502,-0.8208292056470788,-1.7763568394002505e-15,0.4697302494749358,-0.2739892789655222,-0.3719370372449513,-0.2663886979180205,-0.1790949060017764,-0.1790998911222611,-0.2564832872655722,0.7516283835227737,-0.8630075166601088,-0.8635004938447632,-0.3294435665571917,-0.0278182344252985,-0.4697302494749397,0,0,0.14233431560830023
-1.0843455070880947,-0.1727462840875357,-0.7904807747785566,0.859384144279295,1.1259159682918265,-0.7904197960249194,-0.7904794415036949,-0.785889850843727,-0.233260237546864,-0.8208292056470788,-1.7763568394002505e-15,0.52405162290467,-0.5714021711902556,-0.1105020382149892,-0.5675667124986389,0.5579029137139605,0.5579030314716087,-0.7645760425290836,0.7516283835227737,-1.3559821874013622,-1.357235541089475,-0.0662928739696207,-0.0843823548508757,-0.5240516229046744,0,0,0.08548526342297953
0.2163141532958551,0.2844963948101236,1.659594095876006,-0.0306554442229595,-1.2009333986685644,1.6699413076799765,1.6604484224907696,1.6699902997453309,1.3989663264095418,1.607865960152164,-1.7763568394002505e-15,0.7215838899218873,0.1173434739617595,1.288944133063043,0.1235147317687797,0.3890281513551031,0.3890282601381089,0.1306350024590072,-1.3304447010278462,0.694923700859101,0.6964599314989575,1.3453967349602212,0.0595990425960477,-0.7215838899218914,0,0,0.08127246929597788
0.2163141532958551,-0.9729209721584398,1.808059686362985,-0.4702348986910653,-0.737909696049815,1.8008115791536337,1.807980002653543,1.826927536214856,1.2996716140430893,1.7370518732265845,-1.7763568394002505e-15,0.7117072765710275,-1.808013670440468,1.3177788756031124,-1.8068735427661824,0.6336053933920704,0.6336156425954012,0.2128976390254812,-1.3304447010278462,0.9392654731466248,0.9387838810669143,1.3746357008032843,1.7273835630229044,-0.7117072765710305,1,0,0.46606719363307153
-1.228863247130756,-1.3158529813316842,-0.7904807747785566,1.668906703992836,1.1507577764800163,-0.7904197960249194,-0.7904794415036949,-0.785889850843727,0.1817693467263984,-0.8208292056470788,-1.7763568394002505e-15,-0.093236711524131,0.0077703031421202,-0.1950839496658593,0.0103694776425474,-3.0854624803193027,-3.085477747317709,5.574485951710912,0.7516283835227737,-1.1962008425067316,-1.1966959245007036,-0.1515844194933957,1.278298728128931,0.0932367115241288,1,1,1.8664875440817743
-0.6507922869601114,-1.0872316418828545,-0.0521576240616645,-1.606177845385873,0.5600747817830725,-0.0575462757723952,-0.0528215406898269,-0.0721035906604041,-0.866961323211416,-0.097388092430281,-1.7763568394002505e-15,0.6771391298430128,0.915662289933414,0.0855742110574823,0.9167525026034076,0.7151058221826492,0.7151110120059365,-0.6581185128548238,0.7516283835227737,-0.3637223662626692,-0.3637073478608527,0.1319122815840489,-1.431636859532797,-0.6771391298430176,0,0,0.20856604295789816
1.0834205935518215,-0.9729209721584398,-0.7904807747785566,-1.3015188175366912,0.9768651191626913,-0.7904197960249194,-0.7904794415036949,-0.785889850843727,-1.3411214665343638,-0.8208292056470788,-1.7763568394002505e-15,0.025282648686197,0.4460629864206776,-1.1639312990121893,0.450740574637451,0.2608403070038457,0.2608454726857485,0.5467871639129303,0.7516283835227737,0.6363624496496947,0.6358789441069685,-1.129809728344274,0.1041647132343807,-0.0252826486862012,0,0,0.10246357365693075
0.2163141532958551,-1.544474320780514,1.636167314584425,-0.9511609355101308,0.3917025262853456,1.6437672533852394,1.6366530063354834,1.6454082099438387,0.9069554482791422,1.5820287775372746,-1.7763568394002505e-15,0.6475092897904335,0.4617162965377686,1.502321227859556,0.4670204673174846,-1.06245929261355,-1.0624744521019225,0.1257960238374509,-1.3304447010278462,0.2372877161924894,0.23604442731984,1.5608488381079555,-0.0946667403827986,-0.6475092897904351,0,0,0.1600507508136186
-0.2172390668321281,-1.430163651056099,1.4092285505643076,-0.5050530733024005,-0.8296863763006257,1.4082007647326438,1.4082170112447374,1.4076088359694057,0.9426569178940466,1.349494134003305,-1.7763568394002505e-15,-0.0586685647961219,0.6965159482941382,0.8641122596393546,0.6941249702039507,0.6188699943376696,0.6188599879127682,-0.6121482159500297,-1.3304447010278462,0.9284114481379844,0.9296967329581156,0.9169178806701668,-0.9037050688940796,0.0586685647961159,0,0,0.21652282945775667
0.9389028535091608,0.741739073707783,-0.7904807747785566,-0.1264054244041306,0.3951527774225939,-0.7904197960249194,-0.7904794415036949,-0.785889850843727,-0.7386591667828533,-0.8208292056470788,-1.7763568394002505e-15,0.3907173426680522,-1.4166809175131858,-1.7329368851362243,-1.414935126494378,-2.116040325003222,-2.116050476771586,1.132303577121358,0.7516283835227737,1.7101536679463116,1.7111914703147757,-1.7030012522907805,2.207321554512648,-0.3907173426680528,1,0,0.1554233140876218
-0.072721326789467,-1.544474320780514,1.8384752392800985,0.3632251560677693,-0.2645352400193203,1.8269856334483705,1.8389140436554152,1.8591430117968115,1.7537496807076534,1.762889055841474,-1.7763568394002505e-15,0.7117072765710275,-2.058466632313928,1.767600859228194,-2.0636888497937096,0.7511847631663625,0.7511848911957371,0.4524270807925655,-1.3304447010278462,0.1504555161233695,0.1512310449710551,1.8287154929282792,2.301595088555276,-0.7117072765710305,1,1,0.6494928398854493
1.0834205935518215,-1.430163651056099,-0.7904807747785566,-1.0947859057818885,-0.4494687009758401,-0.7904197960249194,-0.7904794415036949,-0.785889850843727,-1.2351327286151164,-0.8208292056470788,-1.7763568394002505e-15,-0.157434698304725,0.0860368537275777,-1.565695378403822,0.07996601884969,0.5289131681516099,0.5289082206573471,0.999231665028534,0.7516283835227737,1.3966490386269887,1.3961703358764324,-1.5356519639171176,0.8035029294051496,0.1574346983047243,0,0,0.13139223131745473
-1.0843455070880947,0.2844963948101236,-0.7904807747785566,-1.5626551271217044,0.8450655257197986,-0.7904197960249194,-0.7904794415036949,-0.785889850843727,-1.4750019775902548,-0.8208292056470788,-1.7763568394002505e-15,-0.261139138488769,-0.9783882342346284,-0.0989681411989615,-0.9753780241334756,0.3269723728631169,0.326977542059527,-0.6460210663009306,0.7516283835227737,-1.3797095909086217,-1.378438886676671,-0.0536271468302292,0.2841414600430345,0.2611391384887635,0,0,0.18798040193230725
0.3608318933385163,1.4276030920542722,1.4539880991772722,0.0128672740412099,1.7248795657181673,1.4605488733221084,1.453428301939781,1.4543148065922409,1.246119409620733,1.4011684992330753,-1.7763568394002505e-15,0.380840729317187,0.6965159482941382,1.381215309191265,0.6969739514229569,-1.4356041573279172,-1.435609209224049,0.1088595986620004,-1.3304447010278462,0.074729760249137,0.0755048107310687,1.440254946727579,-0.36891702123408,-0.380840729317192,0,0,0.2024661301926546
-1.0843455070880947,0.3988070645345384,-0.7904807747785566,0.0716229436978378,0.6394305579397875,-0.7904197960249194,-0.7904794415036949,-0.785889850843727,-0.6371331125654691,-0.8208292056470788,-1.7763568394002505e-15,0.5931879163606993,1.2287284922752413,-0.2623650155926877,1.2232214823050367,0.4244994470169869,0.424494493973786,-0.4935932397218774,0.7516283835227737,-1.0674670575205365,-1.066446801607927,-0.2203027263134987,-1.4196384097455537,-0.5931879163607005,0,0,0.11545093561735527
-1.373380987173417,0.5131177342589534,-0.7904807747785566,-0.0306554442229595,-1.0946656636413106,-0.7904197960249194,-0.7904794415036949,-0.785889850843727,-0.6895696460623602,-0.8208292056470788,-1.7763568394002505e-15,-0.1524963916292951,0.7121692584112291,-0.1297251999083688,0.7185448092240012,0.1778207649086896,0.1778107350447673,-0.5516609831805641,0.7516283835227737,-1.319381405395483,-1.3178578992846817,-0.0858304317910226,-1.095680265489977,0.152496391629294,0,0,0.11072666144784367
-0.7953100270027725,-0.0584356143631209,-0.7862142213142799,0.4393899130300652,-0.2452138336507285,-0.7904197960249194,-0.7857203582726376,-0.7818790888234834,-0.4452377133853582,-0.8208292056470788,-1.7763568394002505e-15,0.2277532223788441,-2.1367331828993827,-0.5660909703480848,-2.1430533266088725,1.2983946940302264,1.2983999148516885,-0.3218094986565949,0.7516283835227737,-0.4884174442689052,-0.4878983720144305,-0.525223370105446,1.6588209928100843,-0.2277532223788487,1,1,0.5808710850904525
0.0717964132531941,0.6274284039833682,1.828083694952995,-0.9772745664686324,-0.2548745368350244,1.8269856334483705,1.827016335577772,1.848145761096144,1.0564553522915536,1.762889055841474,-1.7763568394002505e-15,0.1289870888702355,-0.0235363170920616,1.408127735561996,-0.020969315766517,-0.2885723381516565,-0.2885672016676165,0.2999992542135116,-1.3304447010278462,0.7456599572948369,0.7449247214125488,1.467338044121384,0.3064242953622009,-0.1289870888702401,0,0,0.02336087861298911
1.5169738136798052,-0.74429963270961,-0.7904807747785566,-1.2993426816234823,-0.5046727191718164,-0.7904197960249194,-0.7904794415036949,-0.785889850843727,-1.3400057956088978,-0.8208292056470788,-1.7763568394002505e-15,-0.2166943784098945,-1.72974711985501,-1.4580456729208966,-1.726695071317018,1.1143794357357484,1.1143947742005131,0.8540623063818163,0.7516283835227737,1.1906749826490763,1.1901949787436694,-1.425702673004953,2.21417781153393,0.2166943784098895,1,0,0.18004455023135493
-1.6624164672587392,-1.2015423116072694,-0.7904807747785566,1.098759094732224,0.5221220192733381,-0.7904197960249194,-0.7904794415036949,-0.785889850843727,-0.1105364357456303,-0.8208292056470788,-1.7763568394002505e-15,0.3413342759137479,-0.0861495575604254,-0.0932011926909476,-0.0905658569736598,-0.0163472339713796,-0.0163420830202715,-0.8952284653111291,0.7516283835227737,-1.3887966816135298,-1.3875260347854694,-0.0487764428193984,-0.53518125400017,-0.3413342759137485,0,0,0.08216074831235745
0.0717964132531941,-1.6587849905049288,1.848238579416143,-0.2417406278041784,1.4557599770127836,1.853159687743108,1.8484322101175292,1.86949336539744,1.4514028599064333,1.7887262384563636,-1.7763568394002505e-15,0.0104677286599074,1.1191553214556018,1.7752901239055456,1.1161811879338173,-3.0976913424211543,-3.097691418935592,0.909710560529724,-1.3304447010278462,0.0805354015328283,0.0815629094702675,1.837204224947233,-0.2420762663403624,-0.01046772865991,0,0,0.3218944386119658
0.9389028535091608,0.9703604131566128,-0.7904807747785566,-1.081729090302638,1.1003841098761882,-0.7904197960249194,-0.7904794415036949,-0.785889850843727,-1.2284387030623218,-0.8208292056470788,-1.7763568394002505e-15,-0.17718792500645,0.8687023595821414,-1.4119100848567856,0.873610787001319,0.2932733760565746,0.2932836071733769,0.616952353925512,0.7516283835227737,1.1066193936286783,1.1053815963948843,-1.380833660904768,-0.0723839050636321,0.1771879250064461,0,0,0.11891527682539221
-0.6507922869601114,1.1989817526054425,-0.1370698905531595,-1.6040017094726644,0.0832500746153289,-0.1360684386565969,-0.1361054972333281,-0.1552945577254534,-0.93947993336669,-0.1748996402749406,-1.7763568394002505e-15,-0.1080516315504262,-0.5244422408389828,0.1759230710163662,-0.5293089647005602,-1.4874312395690843,-1.487441357930787,-0.1838986079422133,0.7516283835227737,-0.7133229392153759,-0.7120480253647902,0.2231324653432837,-0.1375183467658113,0.1080516315504202,1,0,0.38605725445155653
-0.5062745469174503,0.8560497434321979,0.5164456943707475,-0.0654736188342947,0.9327019046059104,0.5182829187117256,0.51588890542151,0.4931550953539037,0.4071348736704814,0.4710299250971976,-1.7763568394002505e-15,-0.1327431649275756,0.8530490494650503,0.9064032153647896,0.8552959077362818,1.0970615440635665,1.097056626762855,-0.1161529072404124,-1.3304447010278462,-0.8763857335312231,-0.8756166913231611,0.9600352496553296,-0.8711378480429903,0.1327431649275723,0,0,0.1505717379095787
1.372456073637144,0.8560497434321979,-0.7904807747785566,0.689645543049036,0.747768443649391,-0.7904197960249194,-0.7904794415036949,-0.785889850843727,-0.3202825697331934,-0.8208292056470788,-1.7763568394002505e-15,0.5635580763081146,0.7904358089966839,-1.665655819209396,0.7913973289671504,0.5637261813815099,0.563716172026057,0.8226089453416936,0.7516283835227737,1.5844489131950852,1.5839713967915985,-1.635899846807621,0.2190070183408552,-0.5635580763081178,0,0,0.11669668045761301
0.7943851134664996,-0.2870569538119506,-0.0707158228725368,-0.383189462162727,0.7401778911474444,-0.0837203300671322,-0.0718578736140558,-0.0902167094615035,-0.2566893269816451,-0.1232252750451706,-1.7763568394002505e-15,0.6277560630887086,0.195610024547217,-0.9736219982477315,0.1984022380969335,0.8544085122124,0.8544035820161887,-0.0242123134308249,0.7516283835227737,1.6033803521636434,1.6021456930091955,-0.9373984692479856,0.0338880787662397,-0.6277560630887133,0,0,0.10273498791996943
-0.9398277670454336,-1.2015423116072694,-0.7904807747785566,0.8659125520189206,-0.9387143122376784,-0.7904197960249194,-0.7904794415036949,-0.785889850843727,-0.2299132247704666,-0.8208292056470788,-1.7763568394002505e-15,0.316642742536593,0.5869427774744989,-0.254675750915336,0.5907476516857388,0.2420792576923142,0.2420793586659002,-0.5153686435188851,0.7516283835227737,-1.0846315621853624,-1.0846210978255235,-0.2111402854041516,-0.8985628761281185,-0.3166427425365965,0,0,0.10140941613328665
-0.2172390668321281,1.3132924223298572,1.3872937542264927,0.6352421452188249,0.8733575850452361,1.3820267104379067,1.38680113670498,1.3848380580480235,1.5083020771051867,1.3236569513884158,-1.7763568394002505e-15,0.3018278225103034,-2.08977325254811,1.198595273104159,-2.094620645885773,0.5856267315225013,0.5856319144647796,-0.0677631210248392,-1.3304447010278462,0.283985265648266,0.2845092172334314,1.2545807765352222,1.81308677578893,-0.3018278225103051,1,1,0.6877093996526975
0.6498673734238385,0.5131177342589534,0.5277271946351848,-0.1351099680569642,-0.4667199566620826,0.5182829187117256,0.527786613499153,0.504411104894587,0.3803587714593038,0.4710299250971976,-1.7763568394002505e-15,-0.1821262316818799,0.9000089798163232,-0.0989681411989615,0.8927396609003582,1.2236290008899415,1.2236392814493564,-0.8032878715015417,0.7516283835227737,1.0420000819493334,1.041771559633296,-0.0540313721644651,-1.333935196979528,0.1821262316818766,0,0,0.21029973866833906
0.6498673734238385,-0.4013676235363654,0.510556280079568,0.2674751758865975,-0.6088703035167211,0.5182829187117256,0.5111298221904527,0.4872036420335426,0.5722541706394143,0.4710299250971976,-1.7763568394002505e-15,0.6524475964658634,0.414756366186493,0.2797281441606158,0.4071918617183619,0.1146762885484227,0.1146662553287627,-0.8032878715015417,-1.3304447010278462,0.335983618015239,0.3360030565166221,0.3279615686884605,-1.092252136979336,-0.6524475964658654,0,0,0.12080502523028917
-1.373380987173417,-0.6299889629851951,-0.7904807747785566,0.3001172145847247,-0.2990377513918053,-0.7904197960249194,-0.7904794415036949,-0.785889850843727,-0.5199876653915643,-0.8208292056470788,-1.7763568394002505e-15,-3.8562263982021183,0.7278225685283201,-0.1489483616017483,0.7295337367830236,0.8307863003262211,0.8307763051633519,-0.7669955318398618,0.7516283835227737,-1.2840427193208412,-1.284538356219088,-0.1046942807220312,-1.1539584501708744,3.8562263982021134,0,0,0.051070425909463035
1.227938333594483,1.4276030920542722,-0.7904807747785566,0.4415660489432732,1.6703655977496406,-0.7904197960249194,-0.7904794415036949,-0.785889850843727,-0.4474690552362901,-0.8208292056470788,-1.7763568394002505e-15,0.3759024226417571,-2.08977325254811,-1.3811530261473783,-2.096655632470777,1.2666958630747127,1.2667010822115772,0.5443676746021522,0.7516283835227737,1.0452815313705504,1.0448006090028952,-1.34809140883166,2.3890123655766216,-0.3759024226417615,1,0,0.30526854016707133
1.372456073637144,-0.5156782932607803,-0.7904807747785566,0.6765887275697848,1.1190154660173297,-0.7904197960249194,-0.7904794415036949,-0.785889850843727,-0.3269765952859882,-0.8208292056470788,-1.7763568394002505e-15,0.0351592620370568,0.743475878645411,-1.7271699366282107,0.7470346214140592,0.2975015747543151,0.2974966149619666,0.7887360949907928,0.7516283835227737,1.6995520621239186,1.6990752728363785,-1.6973420976114777,0.2841414600430345,-0.035159262037062,0,0,0.11187120266848886
-0.7953100270027725,1.1989817526054425,-0.7662425630735245,-1.2797574584046063,0.198488462599429,-0.7642457417301824,-0.7666840253484088,-0.7628603140823291,-1.3098826806213224,-0.7949920230321893,-1.7763568394002505e-15,0.6475092897904335,0.5556361572403142,-0.6103042422428578,0.5504549173026558,-0.4972731876455167,-0.4972629985413451,-0.40165264591229,0.7516283835227737,-0.3654893005664011,-0.3667363972304521,-0.571574541764496,-0.6037438242129902,-0.6475092897904351,0,0,0.1410556886442744
0.2163141532958551,-0.5156782932607803,1.7617034520977453,-1.73674600017838,0.3613403162775579,1.774637524858906,1.7627687119584998,1.7777633566118722,0.6113026530307161,1.711214690611704,-1.7763568394002505e-15,0.1981233823262649,-0.8218551330637162,1.3889045738686163,-0.8231610275751635,0.2497254613253559,0.2497255627052877,0.0193384941631902,-1.3304447010278462,0.6580704996669747,0.6570822896941648,1.4467225520753533,0.8892061421711751,-0.1981233823262662,0,0,0.15114573206643325
-0.7953100270027725,0.8560497434321979,-0.7904807747785566,-0.5920985098307379,0.6366703570299892,-0.7904197960249194,-0.7904794415036949,-0.785889850843727,-0.977412744832526,-0.8208292056470788,-1.7763568394002505e-15,0.0746657154405013,-1.0096948544688131,-0.5353339116386776,-1.0022398470555312,0.1376908551127683,0.137696014250045,-0.1524452469020914,0.7516283835227737,-0.5542988518794876,-0.5545374581456185,-0.4942327611473603,0.7263700379157261,-0.0746657154405055,0,0,0.298718796111142
0.2163141532958551,1.5419137617786869,1.7331463365791813,-1.2732290506649808,0.5421334758693799,1.722289416269441,1.7342142125721562,1.7476179517500423,0.8243957997946758,1.659540325381934,-1.7763568394002505e-15,-0.0043471913663822,0.0077703031421202,1.5638353452783704,0.0022295313025306,1.216261301362741,1.2162665178193235,0.2685458931733888,-1.3304447010278462,0.2504135138773563,0.2511896741678373,1.6232342813583631,0.3784149940856627,0.0043471913663813,0,0,0.12955950709813374
0.7943851134664996,-0.2870569538119506,-0.200099711056094,0.913787542109506,-1.570800320581604,-0.1884165472460616,-0.2003531208526005,-0.2168791616491913,0.2977991229748373,-0.2265740055047105,-1.7763568394002505e-15,0.7215838899218873,0.759129188762502,-1.0716601228839673,0.7539535758030734,-0.1843358469025662,-0.1843357685902923,0.2951602755919535,0.7516283835227737,1.550624742237928,1.5506518537260048,-1.0372421268042529,-0.2797856799574135,-0.7215838899218914,0,0,0.20672793916073795
-0.5062745469174503,1.5419137617786869,0.4173464832311668,0.6591796402641177,0.3986030285598422,0.4135867015327962,0.4183276991848371,0.3936623213678651,0.6927466305897162,0.3676811946376577,-1.7763568394002505e-15,0.4252854893960614,0.8217424292308685,0.5584639887146196,0.8227361223762145,-0.1149376874384568,-0.1149426691493843,-0.474237325235648,-1.3304447010278462,-0.3806344517412478,-0.3818816440784494,0.6095718848728042,-1.169385028468759,-0.4252854893960657,0,0,0.13710096088246718
-0.5062745469174503,0.2844963948101236,0.5273607421904003,0.1869581470978848,-1.4776435398758945,0.5182829187117256,0.527786613499153,0.5041523460545712,0.5454780684282359,0.4710299250971976,-1.7763568394002505e-15,-0.2562008318133336,-0.3052958991997041,0.5853764150853509,-0.307495426935105,-0.275204141071374,-0.2751990038768984,-0.8540971470278921,-1.3304447010278462,-0.2551821161762693,-0.2546615705552721,0.636116015154295,-0.3072107080425417,0.256200831813333,0,0,0.22821175507314403
-0.9398277670454336,0.5131177342589534,-0.7904807747785566,1.1074636383850578,-0.5771279930540348,-0.7904197960249194,-0.7904794415036949,-0.785889850843727,-0.1060737520437673,-0.8208292056470788,-1.7763568394002505e-15,-0.157434698304725,1.0408887708701444,-0.2758212287780535,1.042514673556666,-1.3461030651332313,-1.3461030485616523,0.2782238504165031,0.7516283835227737,-1.045001749944514,-1.0452434560207309,-0.2322947445624971,-1.0408302093197206,0.1574346983047243,0,0,0.09354829963966195
-0.3617568068747892,-1.0872316418828545,1.0902316973793975,1.6819635194720872,-1.6701675533343614,1.0941121131958464,1.089358434763904,1.0770444178493426,1.7916824921734895,1.0394479426246763,-1.7763568394002505e-15,-4.992036933551117,0.6495560179428627,1.4523410074567693,0.647320278748855,-0.0006497298240802,-0.0006445780387468,0.0290164514063062,-1.3304447010278462,-0.7696124177485553,-0.7695999633871801,1.297563403742306,-0.4409077199575417,4.992036933551112,0,0,0.3162154071991169
1.6614915537224662,-0.8586103024340248,-0.7904807747785566,-0.5289905683476932,-1.1098467686452038,-0.7904197960249194,-0.7904794415036949,-0.785889850843727,-0.945058287994019,-0.8208292056470788,-1.7763568394002505e-15,-0.0092854980418175,1.244381802392332,-0.122035935231017,1.24926931059309,-0.1634480389646277,-0.1634428958310112,-0.9049064225542436,0.7516283835227737,-1.33351687982534,-1.3330031461326792,-0.0782848922186191,-1.6476089557031814,0.0092854980418116,0,0,0.16933305879472216
-0.072721326789467,0.5131177342589534,1.7799737239877156,0.8354466492340022,-0.198980468411599,1.774637524858906,1.7794255032672,1.79717026961305,1.9456450798877647,1.711214690611704,-1.7763568394002505e-15,-0.0438536447698267,0.5556361572403142,1.6810966316079858,0.5585948636426726,0.8648144383487554,0.8648145724168383,0.541948185291374,-1.3304447010278462,0.1183982794699445,0.117911501905461,1.7411333371771671,0.0613131068513679,0.0438536447698245,0,0,0.058094558872962075
0.9389028535091608,-0.4013676235363654,-0.7904807747785566,1.614503306162625,1.7269497164005163,-0.7904197960249194,-0.7904794415036949,-0.785889850843727,0.1538775735897544,-0.8208292056470788,-1.7763568394002505e-15,0.5339282362555298,-1.8706269109088316,-1.1716205636895412,-1.8780980732413288,-0.1109120371813261,-0.1109018275444626,0.3314526152536343,0.7516283835227737,0.6504979240795515,0.6510241909549656,-1.1373552679166776,2.0102041651507885,-0.5339282362555352,1,1,0.5666717398796184
-0.6507922869601114,1.1989817526054425,-0.1947599754320913,1.124872725690725,-0.6026598514696736,-0.1884165472460616,-0.1955940376215433,-0.2117039848488771,0.4115975573723451,-0.2265740055047105,-1.7763568394002505e-15,0.6129411430624189,-1.557560708567007,0.1220982182749034,-1.5500582357386552,-0.6712369795747084,-0.6712318634269141,-0.9170038691081368,0.7516283835227737,-0.7019640758342409,-0.702960877255992,0.169370495889909,0.5498214196177138,-0.6129411430624219,1,1,0.5911645680602404
-1.517898727216078,0.0558750553612939,-0.7904807747785566,-0.8445302757629175,-1.0325611431708377,-0.7904197960249194,-0.7904794415036949,-0.785889850843727,-1.106830572186554,-0.8208292056470788,-1.7763568394002505e-15,0.4549153294486462,0.2582232650155808,-0.2700542802700396,0.2651497980850706,0.130677615356637,0.1306878378324868,-0.7500591066644113,0.7516283835227737,-1.055855774953154,-1.0573596534991283,-0.2265008481051158,-0.680876715702413,-0.4549153294486484,0,0,0.0663787679328536
-0.6507922869601114,-1.2015423116072694,-0.6094270918803844,-1.4342631082424062,-1.3610250514368951,-0.6072014159617884,-0.6096342787235208,-0.612909566293228,-1.2552148052735004,-0.1748996402749406,-1.7763568394002505e-15,0.4450387160977864,1.08784870122142,0.1663114901696764,1.0929823408647692,-0.6000412027001802,-0.6000462101913417,-0.9920080377422738,0.7516283835227737,-0.6936342426880754,-0.6938737291471936,-0.2442867628114954,-1.4350649880434383,-0.4450387160977875,0,0,0.17836330511332996
-1.373380987173417,1.3132924223298572,-0.7904807747785566,-0.5072292092156084,-1.394147462354481,-0.7904197960249194,-0.7904794415036949,-0.785889850843727,-0.9339015787393612,-0.8208292056470788,-1.7763568394002505e-15,0.316642742536593,0.5086762268890413,-0.1105020382149892,0.501208241945555,1.043031747530761,1.0430166999361346,-0.7137667670027323,0.7516283835227737,-1.3562346065876094,-1.357235541089475,-0.0661581321915421,-0.9705535748515796,-0.3166427425365965,0,0,0.18734818612799842
-1.517898727216078,-0.2870569538119506,-0.7904807747785566,-0.1198770166645058,0.758119197061136,-0.7904197960249194,-0.7904794415036949,-0.785889850843727,-0.7353121540064563,-0.8208292056470788,-1.7763568394002505e-15,0.2820745958085783,-1.651480569269553,-0.0912788765216097,-1.6461096025508524,-1.1909256410706448,-1.1909205525410695,-0.7718345104614189,0.7516283835227737,-1.391068454289757,-1.390555084155069,-0.0475637668166907,0.8086451221711106,-0.2820745958085834,1,0,0.3189467790928176
-1.373380987173417,-1.0872316418828545,-0.7904807747785566,1.710253286343796,1.5026833924793637,-0.7904197960249194,-0.7904794415036949,-0.785889850843727,0.2029670943102476,-0.8208292056470788,-1.7763568394002505e-15,-2.1574489018540524,-1.9802000817284704,-0.0528325531348505,-1.975777429321529,-2.6693013905303187,-2.66929131685593,-0.626665151814702,0.7516283835227737,-1.465027275860257,-1.4662813183950554,-0.0080844258396511,1.103464174086239,2.157448901854047,1,1,3.1931586063500954
0.9389028535091608,1.3132924223298572,-0.7225038462710313,-1.0120927410799676,1.6158516297811147,-0.7118976331407177,-0.7214727346533653,-0.7210707614197928,-1.134722345323198,-0.8208292056470788,-1.7763568394002505e-15,0.6623242098167231,0.0547302334933958,-1.2350569972776937,0.0624651342186544,1.2120837397751547,1.2120940197210086,0.578240524953053,0.7516283835227737,0.7719115526645707,0.7721861657389439,-1.1361425919139698,0.4452635000431627,-0.6623242098167262,0,0,0.20941780041438116
-0.5062745469174503,0.5131177342589534,0.5158698405289432,-0.1633997349286745,0.9444327584725554,0.5182829187117256,0.51588890542151,0.4925081982538645,0.3558140110990572,0.4710299250971976,-1.7763568394002505e-15,-0.0241004180681072,0.2269166447813989,0.8468114141153129,0.2272990476039926,-1.170341655793621,-1.1703517573039877,-0.4887542611003203,-1.3304447010278462,-0.7607777462298948,-0.7605128152783815,0.9006141255226523,-0.4854733905958753,0.0241004180681028,0,0,0.11357981567744589
1.227938333594483,-0.1727462840875357,-0.7904807747785566,-1.225354060574395,-1.4541818321426048,-0.7904197960249194,-0.7904794415036949,-0.785889850843727,-1.302072984143062,-0.8208292056470788,-1.7763568394002505e-15,0.4401004094223565,0.6495560179428627,-1.6752674000560857,0.6513902519188631,0.8225071328162729,0.8225123283472715,0.7790581377476784,0.7516283835227737,1.6043900289086337,1.6051747423787948,-1.646544447275833,0.3304211949366882,-0.4401004094223572,0,0,0.12473453952497521
0.9389028535091608,-0.9729209721584398,-0.7142324910887524,-1.3211040407555672,0.2357511748817128,-0.7118976331407177,-0.7143341098067795,-0.7131786167993138,-1.2853379202610755,-0.7433176578024193,-1.7763568394002505e-15,0.5536814629572548,0.8530490494650503,-1.1696982475202031,0.846748964079264,1.147091008894315,1.147096221674928,0.2975797649027334,0.7516283835227737,0.7865518654669226,0.7873314125869415,-1.136007850135891,-0.295212258255298,-0.553681462957257,0,0,0.0786164511633094
1.0834205935518215,-1.544474320780514,-0.7904807747785566,0.7527534845320808,-1.177471690935275,-0.7904197960249194,-0.7904794415036949,-0.785889850843727,-0.2879281128946865,-0.8208292056470788,-1.7763568394002505e-15,-0.0092854980418175,0.4460629864206776,-1.175465196028217,0.4523685639054546,0.8129873561075882,0.8129824237101008,0.3508085297398629,0.7516283835227737,0.6563035653632424,0.6570822896941648,-1.140454328812486,0.054456849830086,0.0092854980418116,0,0,0.16350136177567257
0.7943851134664996,-0.0584356143631209,-0.0551677691438229,0.2565944963205551,-0.6620041710303484,-0.0575462757723952,-0.0552010823053555,-0.0749499379005769,0.0847059762108776,-0.097388092430281,-1.7763568394002505e-15,-0.1228665515767158,1.08784870122142,-0.5545570733320572,1.0832144052567494,-0.9210804810675428,-0.921085505619944,-0.215351968982336,0.7516283835227737,0.8191139404928424,0.817621906282936,-0.5144440278591553,-1.035688016553759,0.1228665515767114,0,0,0.14739312720825945
0.2163141532958551,-0.2870569538119506,1.73233490616573,0.76798643592454,-0.3935746325524146,1.722289416269441,1.7318346709566277,1.7467122958099874,1.8708951278815589,1.659540325381934,-1.7763568394002505e-15,0.6771391298430128,0.3364898156010383,1.686863580116,0.3384093151452208,1.1213673569368063,1.1213725683503646,0.4137152518201066,-1.3304447010278462,0.0830595933953026,0.0845919588398671,1.747870426081099,0.2155788898302136,-0.6771391298430176,0,0,0.044285124631049284
1.227938333594483,0.1701857250857087,-0.7904807747785566,-1.7345698642651712,1.0555308450919572,-0.7904197960249194,-0.7904794415036949,-0.785889850843727,-1.5631399807020498,-0.8208292056470788,-1.7763568394002505e-15,-2.256215035362661,-0.1644161081458828,-1.31387196022055,-0.1638253740338101,-0.454408873901359,-0.454413873653067,0.5177532921835875,0.7516283835227737,0.9210912917368088,0.9206095848493174,-1.2817984540169725,0.7109434596178414,2.256215035362655,1,0,0.27055069484657496
0.0717964132531941,0.2844963948101236,1.829026001239584,0.952957988547258,-1.5452684621659654,1.8269856334483705,1.8293958771933003,1.849051417036199,2.0471711341051484,1.762889055841474,-1.7763568394002505e-15,0.0104677286599074,0.8843556696992323,1.3908268900379546,0.8829717252923384,0.9810266061489256,0.9810267463929648,0.0798257269326558,-1.3304447010278462,0.7676204264983645,0.7691571163693446,1.4499563547492405,-0.5283249969788881,-0.01046772865991,0,0,0.19425571788240625
1.5169738136798052,0.741739073707783,-0.7904807747785566,-1.3515699435404855,-0.6371623628421587,-0.7904197960249194,-0.7904794415036949,-0.785889850843727,-1.3667818978200763,-0.8208292056470788,-1.7763568394002505e-15,0.1191104755193758,-0.7905485128295343,-1.6637335030400582,-0.7853102770940856,0.5008602091270807,0.5008552601419773,0.8201894560309154,0.7516283835227737,1.5819247213326109,1.5809423474219992,-1.6345524290268345,1.5439786877036097,-0.1191104755193793,0,0,0.08657089378181176
1.0834205935518215,-1.0872316418828545,-0.7904807747785566,-1.7128085051330866,-1.0339412436257367,-0.7904197960249194,-0.7904794415036949,-0.785889850843727,-1.551983271447392,-0.8208292056470788,-1.7763568394002505e-15,-0.261139138488769,-1.8549736007917403,-1.2350569972776937,-1.857341210074286,-0.5484166688996229,-0.5484166099359784,0.5250117601159235,0.7516283835227737,0.7691349416158488,0.7691571163693446,-1.2006839036136352,2.089051120895532,0.2611391384887635,1,1,0.5972438745260497
1.0834205935518215,-0.2870569538119506,-0.7904807747785566,0.4807364953810252,0.5938872429281075,-0.7904197960249194,-0.7904794415036949,-0.785889850843727,-0.4273869785779065,-0.8208292056470788,-1.7763568394002505e-15,0.4796068628257956,-0.7592418925953525,-1.386919974655392,-0.7588554514890313,0.9995344699096964,0.9995396748485952,0.4717829952787941,0.7516283835227737,1.0576500714966748,1.0569168064812928,-1.3546937559575132,1.245731507277841,-0.4796068628258004,0,0,0.0638217087524277
-1.517898727216078,-0.0584356143631209,-0.7904807747785566,-0.9772745664686324,0.2474820287483579,-0.7904197960249194,-0.7904794415036949,-0.785889850843727,-1.1748864986399654,-0.8208292056470788,-1.7763568394002505e-15,0.5586197696326847,0.2425699548984898,-0.1124243543843272,0.2439859376010267,0.651784115936846,0.6517741112611265,-0.7742539997721979,0.7516283835227737,-1.3519434804214032,-1.3511774423502758,-0.0684487424188789,-0.7700080569790801,-0.5586197696326873,0,0,0.021387282444414863
-0.072721326789467,-0.5156782932607803,1.6798013306884088,0.1739013316186344,0.5255722704105874,1.6699413076799765,1.6794847554149983,1.6913379040466263,1.5216901282107755,1.607865960152164,-1.7763568394002505e-15,0.5042983962029505,0.9939288405188716,1.192828324596145,0.988791027712556,-2.3671244356947923,-2.367129537095432,0.5516261425344883,-1.3304447010278462,0.89433485799458,0.8933481405229223,1.2494605889682342,-0.6106000812342721,-0.5042983962029527,0,0,0.08909306619129481
-1.373380987173417,-1.430163651056099,-0.7904807747785566,-0.8597632271553767,0.1722665539563402,-0.7904197960249194,-0.7904794415036949,-0.785889850843727,-1.1146402686648145,-0.8208292056470788,-1.7763568394002505e-15,-0.17718792500645,1.0252354607530534,-0.2892774419634191,1.0294907594126397,1.245681462361392,1.2456765529589036,-0.4331060069524118,0.7516283835227737,-1.0192549929472752,-1.0179820116943354,-0.2460384059265176,-1.2225210203836945,0.1771879250064461,0,0,0.16922584692530318
-0.2172390668321281,1.4276030920542722,1.443727430723306,-0.5355189760873188,0.05702816597224,1.4343748190273808,1.4439101354776664,1.4435763147315888,0.9560449689996354,1.3753313166181949,-1.7763568394002505e-15,0.2475064490805691,-0.0391896272091525,1.3139342432644363,-0.0364352138125485,0.064115134061069,0.0641202892882533,0.2443510000656022,-1.3304447010278462,0.1698917934644224,0.1694053411886517,1.3723450905759478,0.2430039179153418,-0.2475064490805704,0,0,0.09902930641642065
-0.9398277670454336,-1.544474320780514,-0.7904807747785566,0.1717251957054257,0.9444327584725554,-0.7904197960249194,-0.7904794415036949,-0.785889850843727,-0.5858122499940445,-0.8208292056470788,-1.7763568394002505e-15,-3.4957300108956986,0.1643034043130324,-0.0682110824895542,0.1707264205408764,-0.6109788184931374,-0.6109736991429966,-0.9145843797973576,0.7516283835227737,-1.4344845543243163,-1.4359908246990607,-0.0243881809871657,-0.776864314000362,3.4957300108956924,0,0,0.23966036013534428
-0.3617568068747892,0.5131177342589534,1.0883209096315924,0.2174240498828032,0.6352902565750891,1.0941121131958464,1.089358434763904,1.0751037265492247,1.039720288409567,1.0394479426246763,-1.7763568394002505e-15,-0.0191621113926773,-0.1487627980287919,1.3427689858045058,-0.1560924250107943,-2.025121393724264,-2.025126476949568,0.1741858100530223,-1.3304447010278462,-0.5997343054040272,-0.5999731986896105,1.4003713804163034,0.3424196447239318,0.0191621113926725,1,0,0.16562330945413453
-1.373380987173417,-1.6587849905049288,-0.7904807747785566,-0.0437122597022099,1.642073538424203,-0.7904197960249194,-0.7904794415036949,-0.785889850843727,-0.6962636716151546,-0.8208292056470788,-1.7763568394002505e-15,0.4203471827206315,-0.7592418925953525,-0.2143071113592388,-0.7604834407570347,-0.3855677226489248,-0.3855676550308702,-0.3847162207368395,0.7516283835227737,-1.1596000605008527,-1.16034733206551,-0.1711219773147975,0.2515742391919445,-0.4203471827206355,0,0,0.3115208954390449
0.7943851134664996,-0.74429963270961,-0.0942734800372549,-1.5300130884235772,0.6891141743161658,-0.0837203300671322,-0.0932737481538132,-0.1133756256429092,-0.8647299813604844,-0.1232252750451706,-1.7763568394002505e-15,-0.0734834848224115,1.1348086315726928,-0.7621672196205564,1.1353100618328564,-1.3904611736268897,-1.3904712868352391,0.7088929477350986,0.7516283835227737,1.139938726213341,1.138701139460479,-0.7235632674371943,-0.6843048442130546,0.0734834848224071,0,0,0.2774293883171597
-0.7953100270027725,-0.2870569538119506,-0.7288382385308776,1.658026024426793,1.143167223978069,-0.7380716874354547,-0.7286113594999512,-0.7271515941601618,0.2286275255959605,-0.7691548404173089,-1.7763568394002505e-15,-0.0438536447698267,-0.1018028676775191,-0.5238000146226498,-0.1003337925816797,-0.6902765329920776,-0.6902916727012558,-0.062924142403282,0.7516283835227737,-0.4626706872716663,-0.4636659770576348,-0.4842618695695415,-0.0141057203827347,0.0438536447698245,0,0,0.1347154497188502
0.0717964132531941,-1.3158529813316842,1.7540079507572706,-0.1481667835362154,0.6939445259083142,1.7484634705641688,1.7532505454963851,1.7697418325713852,1.4190484030679256,1.6853775079968143,-1.7763568394002505e-15,0.4351621027469212,-2.105426562665201,1.6426503082212267,-2.099504613689783,0.3829010610266425,0.3829011694840297,0.4596855487249,-1.3304447010278462,0.1865514597567535,0.1875796374062487,1.703001413980914,2.2518872251509814,-0.4351621027469266,1,1,0.6878939328736311
1.372456073637144,-1.3158529813316842,-0.7904807747785566,1.1988613467398113,1.1024542605585372,-0.7904197960249194,-0.7904794415036949,-0.785889850843727,-0.059215573174206,-0.8208292056470788,-1.7763568394002505e-15,0.5536814629572548,0.3834497459523111,-1.2292900487696796,0.3791090468453044,1.1938037430100708,1.1937937671393215,0.4717829952787941,0.7516283835227737,0.7580284974209615,0.7570409188909465,-1.1947552653781752,0.1847257332344445,-0.553681462957257,0,0,0.17547456232483136
-0.7953100270027725,-0.9729209721584398,-0.6900466297329751,0.8724409597585446,-1.3603350012094455,-0.6857235788459901,-0.6905386936514935,-0.6901490800379161,-0.1406595507332061,-0.7174804751875389,-1.7763568394002505e-15,-4.552527639437808,0.8373957393479594,-0.5853141320414644,0.8300620740822299,0.9900146932010084,0.9900097702114244,-0.3363264345212672,0.7516283835227737,-0.2776474237522917,-0.2788939655120678,-0.5548665612827454,-0.8300003059152977,4.552527639437804,0,0,0.18348678559196707
0.5053496333811774,0.0558750553612939,1.0864624722330427,-1.4582006032876988,-0.8648789379005603,1.0941121131958464,1.0869788931483757,1.0731630352491068,0.1795380048754665,1.0394479426246763,-1.7763568394002505e-15,0.5783729963344042,-1.7923603603233766,0.9410049064128728,-1.7914076447201508,-0.2887748865922663,-0.2887798775415597,-0.2274494155362284,-1.3304447010278462,0.1984151615103832,0.1996958348846465,0.9957418208461674,1.348575362597072,-0.578372996334409,1,1,0.5765698186740676
-1.6624164672587392,-0.6299889629851951,-0.7904807747785566,0.730992125399996,-0.7358395453674659,-0.7904197960249194,-0.7904794415036949,-0.785889850843727,-0.2990848221493442,-0.8208292056470788,-1.7763568394002505e-15,0.2228149157034143,-1.557560708567007,-0.077822663336244,-1.559012176712674,0.4680473617482056,0.4680626658644436,-0.9460377408374804,0.7516283835227737,-1.4178248880319857,-1.417816528481464,-0.0332811383403555,0.6766621745114314,-0.2228149157034184,1,0,0.25714931587962436
0.0717964132531941,-0.1727462840875357,1.819445887325932,1.122696589777517,1.1190154660173297,1.8269856334483705,1.8198777107311863,1.8389598222755863,2.1263837698132178,1.762889055841474,-1.7763568394002505e-15,0.1191104755193758,0.6339027078257716,1.7445330651961384,0.6302263914348198,1.2907738089522656,1.2907840930800074,0.3048382328350678,-1.3304447010278462,0.0918942649139629,0.0906500575790659,1.8063483577672257,-0.0243901059146576,-0.1191104755193793,0,0,0.09968094544346572
0.0717964132531941,0.9703604131566128,1.865592720194152,-0.248269035543804,-0.0243977608668245,1.853159687743108,1.8650890014262296,1.8878652430385543,1.4636752400865565,1.7887262384563636,-1.7763568394002505e-15,0.1833084622999697,-0.0548429373262435,1.504243544028894,-0.0543430957605855,0.5530417511393133,0.5530418686386201,0.2153171283362593,-1.3304447010278462,0.6467116362858397,0.6479951415853662,1.563274190113371,0.3715587370643802,-0.183308462299975,0,0,0.03821633468245173
-0.3617568068747892,-1.6587849905049288,1.0482990676261994,1.5644521801588298,0.6235594027084451,1.0417640046063816,1.048906227299918,1.0339610709867275,1.6957347925834343,0.9877735773949065,-1.7763568394002505e-15,0.5734346896589744,1.2130751821581502,1.1409257880240202,1.211825557429013,0.3215288835217136,0.3215391161401215,-0.0072758882553744,-1.3304447010278462,-0.2539200202450318,-0.2546615705552721,1.1969112955175671,-0.991122345915426,-0.5734346896589787,0,0,0.17769893760461355
-0.072721326789467,-0.4013676235363654,1.7967258357492926,1.4121226662342397,0.6125185990692491,1.8008115791536337,1.7960822945759,1.814895250154126,2.2558015971672454,1.7370518732265845,-1.7763568394002505e-15,0.1487403155719605,-2.152386493016474,1.58305850697175,-2.1499722809978867,-0.6684013014061633,-0.6684164399528081,0.4088762731985486,-1.3304447010278462,0.3561771529150342,0.3572064021038182,1.6426370974016864,2.2416028396190577,-0.1487403155719618,1,1,0.6331584768377782
1.6614915537224662,-1.544474320780514,-0.7904807747785566,1.2075658903926465,1.176979685123105,-0.7904197960249194,-0.7904794415036949,-0.785889850843727,-0.0547528894723423,-0.8208292056470788,-1.7763568394002505e-15,0.2870129024840082,0.3834497459523111,-0.1431814130937344,0.3864349985513191,0.4851880235348548,0.4851881374281585,-0.7911904249476484,0.7516283835227737,-1.2951491635157288,-1.2966545536974858,-0.0987656424865714,-0.8762800408089514,-0.2870129024840139,0,0,0.28778513357537033
-1.0843455070880947,-1.0872316418828545,-0.7904807747785566,0.8049807464490839,0.9237312516490646,-0.7904197960249194,-0.7904794415036949,-0.785889850843727,-0.261152010683508,-0.8208292056470788,-1.7763568394002505e-15,0.1981233823262649,0.9000089798163232,-0.2392972215606323,0.8927396609003582,-0.5021596687752411,-0.5021545436420399,-0.5710168976667935,0.7516283835227737,-1.1131549302313233,-1.1118825421519187,-0.195914464481266,-1.1779553497453616,-0.1981233823262662,0,0,0.11349491318494641
0.5053496333811774,-1.3158529813316842,0.967601004249726,-0.248269035543804,0.5062508640419957,0.9632418417221892,0.968001812371945,0.9511582421817018,0.6983249852170454,0.910262029550256,-1.7763568394002505e-15,-0.1524963916292951,0.6025960875915898,0.5699978857306472,0.5956316194897485,-0.5417072518044064,-0.5417122561954822,-0.8032878715015417,-1.3304447010278462,0.6186931066123738,0.6177046478893716,0.6204859688971734,-1.0648271088942078,0.152496391629294,0,0,0.1816318177592621
-0.072721326789467,1.0846710828810275,1.7012911490575573,-1.699751689653836,1.3067091278836485,1.6961153619747042,1.700900629954756,1.7139793025480008,0.5789481961922092,1.6337031427670443,-1.7763568394002505e-15,0.6722008231675829,-0.320949209316795,1.4715641691501486,-0.3192983491281292,1.3119148024409646,1.3119098965583686,0.0411138979601987,-1.3304447010278462,0.4263496866918231,0.4268745376046058,1.5312056469306563,0.5258245200432266,-0.6722008231675871,0,0,0.15235360464496747
0.5053496333811774,-0.1727462840875357,1.113475252448586,-1.0251495565592188,1.4219475158677486,1.1202861674905833,1.11315385091919,1.1009796105507952,0.4238699375524685,1.065285125239566,-1.7763568394002505e-15,0.5388665429309597,0.8373957393479594,0.710326966092318,0.8369810284712441,-0.2863189867498674,-0.2863290412799281,-0.3072925627919235,-1.3304447010278462,0.6848269334092035,0.6843437340205599,0.762908028326289,-1.035688016553759,-0.5388665429309656,0,0,0.15842123970885244
0.6498673734238385,0.9703604131566128,0.4283662317493293,-0.9946836537743003,0.2046989146464761,0.4397607558275239,0.4278458656469515,0.4046595720685325,-0.1440065635096035,0.3935183772525381,-1.7763568394002505e-15,0.4598536361240761,0.4304096763035867,-0.0874342441829337,0.4352746765914194,1.267506056837152,1.2675112760170757,-0.5564999618021212,0.7516283835227737,0.8637921364586394,0.8630576468269279,-0.0425783210277813,-0.8848503620855541,-0.4598536361240789,0,0,0.13230556465865742
-0.3617568068747892,0.8560497434321979,1.047225885466473,-1.662757379129293,-0.731699244002768,1.0417640046063816,1.0465266856843891,1.0327966562066568,0.0400791391922466,0.9877735773949065,-1.7763568394002505e-15,0.5586197696326847,-1.96454677161138,1.2601093905229737,-1.9599045339584968,-0.3182203661459909,-0.3182101675262764,0.0265969620955264,-1.3304447010278462,-0.4826118029852142,-0.4818402732752315,1.3173704451198651,1.766807040895277,-0.5586197696326873,1,1,0.7768290578761787
-0.5062745469174503,-1.430163651056099,0.5358676739443262,-1.1317802163064323,0.01079480073311,0.5444569730064626,0.5349252383457389,0.5126913877750896,-0.1239244868512199,0.4968671077120872,-1.7763568394002505e-15,0.7166455832464573,1.1661152518068747,0.8429667817766371,1.1666488552419203,0.7934161130336137,0.7934263707298916,-0.2830976696841369,-1.3304447010278462,-0.6782366723269815,-0.6787284822991964,0.8971108392926078,-1.2208069561283743,-0.7166455832464611,0,0,0.16544733000690506
-0.3617568068747892,-0.9729209721584398,1.1187626377233335,0.1173217978752145,-1.135378627060843,1.1202861674905833,1.1179129341502472,1.1064135461911249,1.0140598571238553,1.065285125239566,-1.7763568394002505e-15,-0.0586685647961219,-0.0704962474433344,1.3081672947564225,-0.0714369830746203,1.1472935573349248,1.1472987701263024,-0.0992164820649619,-1.3304447010278462,-0.4783206768190076,-0.4788112239056321,1.3654732598939372,0.1710132191918807,0.0586685647961159,0,0,0.14029954496473002
0.9389028535091608,-0.4013676235363654,-0.7904807747785566,-0.9424563918572972,-0.5026025684894673,-0.7904197960249194,-0.7904794415036949,-0.785889850843727,-1.1570357638325133,-0.8208292056470788,-1.7763568394002505e-15,0.1981233823262649,-1.9802000817284704,-1.354240599776647,-1.975777429321529,-3.168279473973849,-3.16827955423961,0.9629393253668552,0.7516283835227737,0.9975743051697836,0.996335819089304,-1.3226252127747984,2.3890123655766216,-0.1981233823262662,1,1,0.8209541470240103
-0.2172390668321281,0.5131177342589534,1.4542498509235466,-1.643172155910417,-0.65786386966565,1.4605488733221084,1.453428301939781,1.4545735654322562,0.39709383534129,1.4011684992330753,-1.7763568394002505e-15,-0.0586685647961219,0.0547302334933958,0.975606597460956,0.0526971986106345,-0.1438514773355796,-0.1438463331605272,-0.40165264591229,-1.3304447010278462,0.8032115317592536,0.8024766594349384,1.0309094249246908,-0.2317918808084396,0.0586685647961159,0,0,0.06184103642915847
-0.3617568068747892,-0.2870569538119506,1.0618316329085984,-0.666087130879825,-0.7572311024184067,1.0679380589011187,1.060803935377561,1.0478046689275675,0.5633288032356885,1.013610760009796,-1.7763568394002505e-15,0.4549153294486462,0.9782755304017808,1.5176997572142596,0.9741391243005252,1.219527394967583,1.2195275478864531,0.2975797649027334,-1.3304447010278462,-0.9475679440530016,-0.948313876193548,1.5768831096993134,-0.4631905552767082,-0.4549153294486484,0,0,0.1949529760984968
0.6498673734238385,0.8560497434321979,0.4461130001467503,0.861560280192503,-0.7399798467321642,0.4397607558275239,0.4468821985711804,0.4225139320296163,0.8221644579437447,0.3935183772525381,-1.7763568394002505e-15,0.7067689698955976,0.7747824988795929,0.0394386229933713,0.7706404658001076,0.7124726924547139,0.7124677547154991,-0.6194066838823659,0.7516283835227737,0.6714487165380891,0.6722275365421618,0.0843484339222913,-1.2670866910220282,-0.7067689698956002,0,0,0.1665414240109723
-0.6507922869601114,0.5131177342589534,-0.041818430083816,1.4621737922380331,-1.225085156629304,-0.0313722214776675,-0.0409238326121839,-0.0618826164797838,0.7139443781735654,-0.0715509098154006,-1.7763568394002505e-15,-2.784613849633713,-0.0235363170920616,0.1509329608149728,-0.0238182969855228,-0.4377492646611573,-0.4377441361049446,-1.0210419094716174,0.7516283835227737,-0.4874077675239155,-0.4878983720144305,0.1553573509697311,-0.7562955429365158,2.784613849633711,0,0,0.4053168901709359
-0.7953100270027725,0.8560497434321979,-0.7638606221824251,0.2935888068450991,0.1570854489524469,-0.7642457417301824,-0.7643044837328803,-0.7605314845221878,-0.5010212596586466,-0.7949920230321893,-1.7763568394002505e-15,-0.0142238047172474,0.0077703031421202,-0.3950048312770067,0.0148464481295566,-0.765270093128053,-0.7652751094001004,-0.4718178359248698,0.7516283835227737,-0.7696124177485553,-0.7695999633871801,-0.3538318283894244,-0.3106388365531826,0.0142238047172422,0,0,0.07041758357458704
1.5169738136798052,0.3988070645345384,-0.7904807747785566,-0.230859948238136,0.9264914525588638,-0.7904197960249194,-0.7904794415036949,-0.785889850843727,-0.7922113712052098,-0.8208292056470788,-1.7763568394002505e-15,-0.0241004180681072,0.1799567144301261,-1.4042208201794335,0.1874133105379105,-1.9379496085965944,-1.9379496234779772,0.7476047767075574,0.7516283835227737,1.0884452122188626,1.087207300177288,-1.3711322528831065,0.5378229698304702,0.0241004180681028,0,0,0.06307893504886736
0.7943851134664996,0.741739073707783,-0.0900854520968606,-1.6388198840839994,-0.0326783635962208,-0.0837203300671322,-0.0908942065382846,-0.1092354842026579,-0.917166514857375,-0.1232252750451706,-1.7763568394002505e-15,0.1734318489491099,0.6808626381770445,-0.5833918158721264,0.6766240855729151,0.8006319012303585,0.8006472230213931,-0.1234113751727476,0.7516283835227737,0.816589748630368,0.817621906282936,-0.543278768367983,-0.6483094948513237,-0.1734318489491141,0,0,0.04043934320661644
1.227938333594483,1.0846710828810275,-0.7904807747785566,0.3501683405885182,-1.3044409327860196,-0.7904197960249194,-0.7904794415036949,-0.785889850843727,-0.4943272341058521,-0.8208292056470788,-1.7763568394002505e-15,-5.243890573998069,0.8530490494650503,-1.333095121913929,0.848783950664268,1.259024340886594,1.2590346233270522,0.4475881021710075,0.7516283835227737,0.9571872353701928,0.9569581772845108,-1.301066528282217,-0.149516796553055,5.243890573998064,0,0,0.21268561900886032
1.372456073637144,-1.2015423116072694,-0.7904807747785566,0.1934865548375104,0.4765787042616581,-0.7904197960249194,-0.7904794415036949,-0.785889850843727,-0.5746555407393867,-0.8208292056470788,-1.7763568394002505e-15,-0.1722496183310201,0.7278225685283201,-1.6829566647334375,0.728312744832021,0.2671952643279969,0.2671953666363394,6.310010702187613,0.7516283835227737,1.6167585690347577,1.6172909398571929,-1.6531467944016858,1.8370836753634168,0.1722496183310157,1,1,1.342611236319302
0.3608318933385163,-1.6587849905049288,1.5538725655556769,1.222798841785104,-0.544695632363899,1.5652450905010378,1.553369049791982,1.5588533779585854,1.9512234345150927,1.504517229692615,-1.7763568394002505e-15,-2.0586827683454434,-0.7435885824782588,1.0909455676212334,-0.7450175427110031,0.1426532919077241,0.1426381964635832,-1.742032303832192e-05,-1.3304447010278462,0.849656662028783,0.8509414493485298,1.0120455759936822,0.5412510983411112,2.0586827683454385,1,0,0.4679010391275546
0.9389028535091608,0.3988070645345384,-0.7077148726065138,-1.3624506231065272,-0.0105967563178303,-0.7118976331407177,-0.7071954849601937,-0.7069684046389368,-1.302072984143062,-0.7433176578024193,-1.7763568394002505e-15,-0.1426197782784354,0.2738765751326718,-1.4964919963076555,0.2785807095460981,0.5368125573354121,0.5368076102609532,0.583079503574611,0.7516283835227737,1.4145708008505573,1.4143446320940294,-1.4661252064285426,0.4744025923836111,0.1426197782784332,0,0,0.03446803182406302
-0.6507922869601114,0.0558750553612939,-0.1976392446411123,-0.0502406674418355,1.1590383792094123,-0.1884165472460616,-0.1979735792370718,-0.2145503320890499,-0.1942117551555623,-0.2265740055047105,-1.7763568394002505e-15,0.2079999956771246,0.946968910167596,-0.033609391441471,0.9464633067444688,-0.2183133478149497,-0.218303143885798,-0.7210252349350684,0.7516283835227737,-0.4217787790995806,-0.4212592858832423,0.0119920990940652,-1.397355574426387,-0.207999995677127,0,0,0.2139672918993425
0.5053496333811774,1.4276030920542722,0.9822329268664788,-0.4724110346042733,0.6256295533907933,0.989415896016917,0.9822790620651168,0.9661662549026128,0.5945675891487291,0.9360992121651364,-1.7763568394002505e-15,0.1438020088965307,0.1173434739617595,0.7199385469390078,0.1096768229907511,0.5897030188897827,0.5896930109148383,-0.5661779190452364,-1.3304447010278462,0.3829335866572632,0.3844678464302132,0.7722052110137148,-0.4906155833618364,-0.1438020088965315,0,0,0.13844021403288662
-0.9398277670454336,-0.74429963270961,-0.7904807747785566,0.6417705529584505,-1.135378627060843,-0.7904197960249194,-0.7904794415036949,-0.785889850843727,-0.34482733009344,-0.8208292056470788,-1.7763568394002505e-15,-0.2463242184624738,1.0408887708701444,-0.1662492071257899,1.0380377030696568,0.4140935208806315,0.4141037584182733,-0.5226271114512212,0.7516283835227737,-1.2497137099911892,-1.2481897637838943,-0.1230191625407254,-1.333935196979528,0.2463242184624721,0,0,0.15430595298519345
-0.5062745469174503,-1.430163651056099,0.4835958502132795,1.5056965105022029,1.1266060185192766,0.4921088644169886,0.4825753228041093,0.4601633432519014,1.1836418377946505,0.445192742482308,-1.7763568394002505e-15,-0.2562008318133336,1.1661152518068747,0.9025585830261136,1.165834860607919,0.3256051708889986,0.3256002125901802,6.689870523979858,-1.3304447010278462,-0.937471176603104,-0.93619767871515,0.9562624798691278,0.7932185438732261,0.256200831813333,1,1,2.7176976355442317
0.9389028535091608,-0.0584356143631209,-0.7904807747785566,-1.0447347797780948,-1.1588403347941327,-0.7904197960249194,-0.7904794415036949,-0.785889850843727,-1.209472297329404,-0.8208292056470788,-1.7763568394002505e-15,-0.0734834848224115,0.2738765751326718,-1.6252871796532988,0.2806156961311021,-1.8482966050714495,-1.8483016788996185,1.4540956554549145,0.7516283835227737,1.509227995693348,1.5082451625516122,-1.5957467969401882,0.8017888651498287,0.0734834848224071,0,0,0.09090408371205509
0.5053496333811774,1.0846710828810275,1.0598161444622838,-0.8380018680232919,-1.5342276585267698,1.0679380589011187,1.060803935377561,1.045734598207442,0.4729594582729616,1.013610760009796,-1.7763568394002505e-15,-0.2216326850853244,0.8217424292308685,0.7545402379870909,0.8150031733531988,0.1030044346582504,0.1029994645295908,-0.5419830259374497,-1.3304447010278462,0.4430093529841545,0.4420197844526031,0.8062948808676089,-1.0562567876176052,0.22163268508532,0,0,0.208844889125353
0.6498673734238385,-0.0584356143631209,0.5740572537257967,0.047685448652545,-0.0168072083648779,0.5706310273011902,0.5729979041941966,0.5511170755174217,0.5142392825151945,0.5227042903269675,-1.7763568394002505e-15,0.6425709831150036,-1.6827871895037372,0.0817295787188063,-1.689251318152941,-0.6311070697787872,-0.6311070152096232,-0.9073259118650224,0.7516283835227737,0.8342590916676891,0.8357962025005329,0.1269268357951395,0.6955168813199569,-0.6425709831150045,1,0,0.3010193599279669
-1.228863247130756,-1.544474320780514,-0.7904807747785566,-1.1100188571743477,0.2336810241993636,-0.7904197960249194,-0.7904794415036949,-0.785889850843727,-1.2429424250933767,-0.8208292056470788,-1.7763568394002505e-15,0.6030645297115591,0.2895298852497627,-0.2162294275285768,0.2911976263731241,1.170409398119579,1.170409548428134,-0.5395635366266717,0.7516283835227737,-1.1560661918933886,-1.1573182826959103,-0.1730083622078983,-0.6774485871917721,-0.6030645297115611,0,0,0.1325473587848793
-0.3617568068747892,-0.1727462840875357,0.9606384077988206,-1.5038994574650764,1.071402000323301,0.9632418417221892,0.9608631875253594,0.94404237408127,0.0478888356705069,0.910262029550256,-1.7763568394002505e-15,0.3907173426680522,0.0077703031421202,1.2274300156442284,0.0030435259365324,-2.360136514493738,-2.3601416155230117,0.0024020689877398,-1.3304447010278462,-0.6015012397077593,-0.5999731986896105,1.2844934512686788,0.0853100064258551,-0.3907173426680528,0,0,0.1959357713698208
-0.6507922869601114,0.6274284039833682,-0.2006232145486433,-0.5812178302646955,-1.00357903361795,-0.1884165472460616,-0.2003531208526005,-0.2173966793292227,-0.4686668028201396,-0.2265740055047105,-1.7763568394002505e-15,0.3067661291857332,1.2130751821581502,-0.0720557148282301,1.217523519867025,-2.27276218092546,-2.2727723410226157,-0.0846995462002896,0.7516283835227737,-0.3523635028815342,-0.3515911503824548,-0.0268135329925811,-1.4213524740008745,-0.3067661291857356,0,0,0.1832628845078983
-0.9398277670454336,0.9703604131566128,-0.7904807747785566,-1.5104278652047012,-1.1388288781980915,-0.7904197960249194,-0.7904794415036949,-0.785889850843727,-1.4482258753790764,-0.8208292056470788,-1.7763568394002505e-15,-0.0586685647961219,1.1974218720410563,-0.0643664501508783,1.193103680846975,-0.2885723381516565,-0.2885773290901849,-0.7040888097596181,0.7516283835227737,-1.4443289025879669,-1.4450779728078589,-0.019133251642099,-1.5807604497456818,0.0586685647961159,0,0,0.14958261035689735
0.6498673734238385,-1.6587849905049288,0.4616087035262093,0.6722364557433689,0.781580904794426,0.4659348101222609,0.4611594482643519,0.4380394624305584,0.7384891385338127,0.4193555598674277,-1.7763568394002505e-15,0.3314576625628826,0.7904358089966839,0.2316702399271669,0.7840713772611356,0.0121361404894463,0.0121261018204158,-0.8347412325416635,-1.3304447010278462,0.3165473406741861,0.3178287602990253,0.279993495692467,-1.4470634378306817,-0.3314576625628877,0,0,0.2235038792884236
-0.5062745469174503,1.7705351012275166,0.5698692257854027,-0.3266099284193079,-0.8076047690222352,0.5706310273011902,0.5706183625786678,0.5468475546571626,0.317881199633221,0.5227042903269675,-1.7763568394002505e-15,0.1635552355982502,1.150461941689784,0.7910642452045122,1.151182957195889,0.6991551324845856,0.6991501940376247,-0.3943941779799538,-1.3304447010278462,-0.5409206350083731,-0.5424212606672207,0.8432141280611545,-1.27394294804331,-0.1635552355982532,0,0,0.21847593658951767
0.0717964132531941,-0.2870569538119506,1.8815072263676504,1.5818612674644985,-0.698576833085182,1.8793337420378355,1.88174579273493,1.9048139470595835,2.415342539508849,1.814563421071244,-1.7763568394002505e-15,0.6326943697641384,0.2582232650155808,1.3600698313285473,0.2647428007680695,0.508202590099204,0.5082077689268719,-0.026631802741603,-1.3304447010278462,0.9968170476110414,0.996335819089304,1.4188310040130765,-0.0569573267657475,-0.6326943697641436,0,0,0.08312830846048158
1.227938333594483,0.9703604131566128,-0.7904807747785566,-0.7009053054911601,0.6042379963398533,-0.7904197960249194,-0.7904794415036949,-0.785889850843727,-1.033196291105814,-0.8208292056470788,-1.7763568394002505e-15,0.6820774365184427,0.7121692584112291,-1.4042208201794335,0.711625854834987,0.7765033182426515,0.7764933201949822,0.8177699667201374,0.7516283835227737,1.0912218232675843,1.0902363495468872,-1.3726144124419712,0.1161631630216243,-0.682077436518448,0,0,0.0841270592096941
-0.7953100270027725,-1.2015423116072694,-0.7904807747785566,-1.0534393234309285,-1.5266371060248232,-0.7904197960249194,-0.7904794415036949,-0.785889850843727,-1.2139349810312672,-0.8208292056470788,-1.7763568394002505e-15,0.0993572488176562,0.3521431257181292,-0.5949257128881542,0.3457352668512355,-0.264317162388571,-0.2643221520380873,-0.362940816939832,0.7516283835227737,-0.4414674756268811,-0.4424626314704385,-0.5544623359485095,-0.4306233344256189,-0.0993572488176578,0,0,0.21084010419655916
-0.7953100270027725,0.5131177342589534,-0.7904807747785566,0.4850887672074427,1.0279288359939698,-0.7904197960249194,-0.7904794415036949,-0.785889850843727,-0.4251556367269746,-0.8208292056470788,-1.7763568394002505e-15,-0.2068177650590293,0.2738765751326718,-0.3604031402289235,0.2716617551570838,-0.7740809502945997,-0.7740859670348914,-0.2806781803733588,0.7516283835227737,-0.8834534707461514,-0.8847038394319594,-0.3185294825328225,-0.4940437118724773,0.2068177650590286,0,0,0.08425325181079506
1.372456073637144,-1.544474320780514,-0.7904807747785566,-1.6344676122575827,0.2495521794307066,-0.7904197960249194,-0.7904794415036949,-0.785889850843727,-1.5118191181306246,-0.8208292056470788,-1.7763568394002505e-15,0.4796068628257956,-1.228841196108089,-1.5580061137264705,-1.232193331161003,-1.594376816211334,-1.5943869402565294,1.521841356156716,0.7516283835227737,1.3820087258246374,1.381025089028435,-1.527836940788557,2.051341707278481,-0.4796068628258004,1,0,0.2633973090158573
0.6498673734238385,-1.544474320780514,0.5520701070387266,0.6591796402641177,-0.9835675770219088,0.5444569730064626,0.5515820296544389,0.5289931946960789,0.8087764068381551,0.4968671077120872,-1.7763568394002505e-15,0.1438020088965307,-1.4792941579815495,0.0701956817027786,-1.486973651603526,0.3019070033375884,0.3019222986244996,-0.6556990235440449,0.7516283835227737,0.7873091230256649,0.7873314125869415,0.1156085264365343,0.6046714757879702,-0.1438020088965315,1,0,0.28958145953575504
-0.072721326789467,0.0558750553612939,1.808504664331652,-1.5256608165971604,-0.301797952301604,1.8008115791536337,1.807980002653543,1.8273156744748795,0.7596868861176619,1.7370518732265845,-1.7763568394002505e-15,0.4351621027469212,-1.541907398449916,1.711853690317393,-1.5419182893986387,1.0759965062400916,1.0760017152424737,0.4645245273464579,-1.3304447010278462,0.1656006672982159,0.1663762918190524,1.772797655025646,1.8285133540868157,-0.4351621027469266,1,0,0.3511617289163269
-1.373380987173417,1.0846710828810275,-0.7904807747785566,-1.717160776959504,-0.9614859697435184,-0.7904197960249194,-0.7904794415036949,-0.785889850843727,-1.554214613298324,-0.8208292056470788,-1.7763568394002505e-15,-0.1327431649275756,0.8373957393479594,-0.2719765964393776,0.8357600365202416,-0.6524759302631769,-0.6524657494070653,-0.3701992848721672,0.7516283835227737,-1.0495452952969682,-1.04827250539033,-0.2298693925570816,-1.0511145948516434,0.1327431649275723,0,0,0.10244759782017294
1.0834205935518215,1.1989817526054425,-0.7904807747785566,1.2010374826530208,0.1032615312113701,-0.7904197960249194,-0.7904794415036949,-0.785889850843727,-0.0580999022487397,-0.8208292056470788,-1.7763568394002505e-15,0.7067689698955976,0.3521431257181292,-1.565695378403822,0.3559101997762564,0.7178149075758122,0.7178150338317864,0.6024354180608397,0.7516283835227737,1.3969014578132366,1.3961703358764324,-1.5357867056951964,0.4589760140857265,-0.7067689698956002,0,0,0.09709383940454279
-0.5062745469174503,-1.2015423116072694,0.6168013138924465,-0.0676497547475027,-1.668097402652012,0.6229791358906549,0.6158296532737114,0.5943298018000446,0.4908101930804134,0.5743786555567375,-1.7763568394002505e-15,0.0944189421422263,0.7121692584112291,0.9140924800421414,0.71325384410299,0.2552955434421376,0.2552855176955184,-0.2710002231302436,-1.3304447010278462,-0.6888382781493739,-0.6878156304079948,0.9679850145619692,-0.7905768280429258,-0.0944189421422272,0,0,0.19971519931076567
-1.517898727216078,1.0846710828810275,-0.7904807747785566,-0.666087130879825,-1.0367014445355358,-0.7904197960249194,-0.7904794415036949,-0.785889850843727,-1.0153455562983618,-0.8208292056470788,-1.7763568394002505e-15,0.3067661291857332,0.399103056069402,-0.2335302730526184,0.4051568751333578,-0.0265506116671251,-0.0265505249695469,-0.4597203893709766,0.7516283835227737,-1.1229992784949736,-1.1239987396303166,-0.1906595351361993,-0.7391549003833104,-0.3067661291857356,0,0,0.10223700318116459
1.372456073637144,-1.544474320780514,-0.7904807747785566,1.5383385492003292,1.292218073107205,-0.7904197960249194,-0.7904794415036949,-0.785889850843727,0.1148290911984526,-0.8208292056470788,-1.7763568394002505e-15,0.2870129024840082,0.3834497459523111,-1.256202475140411,0.3791090468453044,-2.826580254664235,-2.8265701893482382,0.4330711663063352,0.7516283835227737,0.8090171730429448,0.8085347581741378,-1.2219731045500593,0.191581990255727,-0.2870129024840139,0,0,0.18951607260157713
0.0717964132531941,-0.5156782932607803,1.814577304845224,-1.5082517292914932,-1.2961603300566231,1.8269856334483705,1.8151186275001288,1.833784645475272,0.7741906081487171,1.762889055841474,-1.7763568394002505e-15,-2.399425928950144,-1.776707050206283,1.636883359713213,-1.7820467064291314,-0.3616416881018312,-0.3616466829235404,0.6387277577225187,-1.3304447010278462,0.3438086127889098,0.3450902046254203,1.5275676189225331,1.924500952384763,2.399425928950138,1,1,0.6554111374373316
-1.373380987173417,-0.6299889629851951,-0.7904807747785566,-0.6008030534835715,-1.6301446401422783,-0.7904197960249194,-0.7904794415036949,-0.785889850843727,-0.9818754285343888,-0.8208292056470788,-1.7763568394002505e-15,0.6376326764395683,-1.573214018684098,-0.0720557148282301,-1.5691871096376946,-2.2881558624118443,-2.2881558959045094,-0.6315041304362591,0.7516283835227737,-1.43019342815811,-1.4299327259598618,-0.0266787912145025,0.7709357085540596,-0.6376326764395742,1,1,0.5601417745797187
-1.6624164672587392,-0.5156782932607803,-0.7904807747785566,0.4154524179847716,-1.0615432527237252,-0.7904197960249194,-0.7904794415036949,-0.785889850843727,-0.4608571063418793,-0.8208292056470788,-1.7763568394002505e-15,0.6722008231675829,-1.588867328801189,-0.2219963760365906,-1.5891299781707358,-2.608865999563214,-2.608860986388344,-0.4427839641955262,0.7516283835227737,-1.1464742628159856,-1.1452020852175129,-0.1781285497748864,0.9371999413201488,-0.6722008231675871,1,0,0.46224647404017066
-0.3617568068747892,-0.74429963270961,1.1412994630775808,0.9703670758529253,-1.5238769051150245,1.146460221785311,1.1417083503055332,1.1297018417925384,1.4703692656393506,1.0911223078544463,-1.7763568394002505e-15,-0.1623730049801604,-0.2426826587313403,1.5388452350769772,-0.2464458293849797,0.8114429242479336,0.8114329280570856,0.1741858100530223,-1.3304447010278462,-0.880929278883677,-0.88167479006236,1.599384986638445,0.5446792268517521,0.1623730049801549,0,0,0.26226947358649594
-0.3617568068747892,0.3988070645345384,1.0428546313036866,-0.0720020265739195,-1.5052455489738827,1.0417640046063816,1.041767602453332,1.0283977559263895,0.8522875729313197,0.9877735773949065,-1.7763568394002505e-15,0.0796040221159312,0.5399828471232233,1.1390034718546824,0.5394659897436334,-0.0737697168844091,-0.0737746964075146,-0.1621232041452057,-1.3304447010278462,-0.296831281907097,-0.2970682617296647,1.1954291359587024,-0.4700468122979907,-0.079604022115936,0,0,0.12060749090539906
1.0834205935518215,1.3132924223298572,-0.7904807747785566,0.9224920857623397,-1.6053028319540892,-0.7904197960249194,-0.7904794415036949,-0.785889850843727,-0.2009057807083571,-0.8208292056470788,-1.7763568394002505e-15,0.0351592620370568,0.5556361572403142,-1.5464722167104423,0.5516759092536584,-0.5522650892712209,-0.5522549030895254,0.6580836722087472,0.7516283835227737,1.358281322317378,1.3567926940716393,-1.5151712136491655,0.2961399098302781,-0.035159262037062,0,0,0.2043823232156691
1.372456073637144,-0.6299889629851951,-0.7904807747785566,0.8702648238453365,0.1812372069131865,-0.7904197960249194,-0.7904794415036949,-0.785889850843727,-0.2276818829195355,-0.8208292056470788,-1.7763568394002505e-15,0.0005911153090476,0.5556361572403142,-1.7617716276762938,0.5500479199856554,-0.0866062243080864,-0.08660614080209,1.0379434940009913,0.7516283835227737,1.7679576615969756,1.7687434083371658,-1.7338571194707872,0.5446792268517521,-0.0005911153090491,0,0,0.060743772914294246
1.227938333594483,1.6562244315031018,-0.7904807747785566,1.4295317535399068,1.686926803208434,-0.7904197960249194,-0.7904794415036949,-0.785889850843727,0.0590455449251647,-0.8208292056470788,-1.7763568394002505e-15,0.3709641159663272,-1.4479875377473677,-1.3311728057445915,-1.4515648850244534,-1.5257382133995097,-1.5257432700857072,0.4814609525219084,0.7516283835227737,0.9508767557140068,0.950900078545312,-1.297697983830251,1.7959461332357247,-0.3709641159663311,1,0,0.45995393092568887
-0.5062745469174503,0.0558750553612939,0.5356059221980516,0.4154524179847716,1.5330456024871504,0.5444569730064626,0.5349252383457389,0.5124326289350737,0.6693175411549351,0.4968671077120872,-1.7763568394002505e-15,-0.1920028450327397,0.0077703031421202,0.8660345758086925,0.0001945447175265,-0.1268880454344668,-0.1268727729353433,-0.440364474884748,-1.3304447010278462,-0.766583387513586,-0.7665709140175806,0.919073749119425,-0.2695012944254906,0.1920028450327374,0,0,0.18122760099750193
1.227938333594483,0.1701857250857087,-0.7904807747785566,1.0400034250755954,-1.4507315810053565,-0.7904197960249194,-0.7904794415036949,-0.785889850843727,-0.1406595507332061,-0.8208292056470788,-1.7763568394002505e-15,0.5289899295800999,1.1191553214556018,-1.3119496440512115,1.1157741906168162,1.0450825504919403,1.0450725667175855,0.5975964394392816,0.7516283835227737,0.91503323126687,0.9145514861101188,-1.2785646513430853,-0.3466341859149135,-0.5289899295801047,0,0,0.1676871455394395
-0.9398277670454336,-1.430163651056099,-0.7904807747785566,1.2140942981322704,1.6979676068476288,-0.7904197960249194,-0.7904794415036949,-0.785889850843727,-0.0514058766959457,-0.8208292056470788,-1.7763568394002505e-15,-0.1623730049801604,0.5869427774744989,-0.1970062658351972,0.5915616463197404,-0.142079178480238,-0.1420740342110002,-0.476656814546427,0.7516283835227737,-1.1909000395955354,-1.190637825761505,-0.1544139968330469,-0.924273839957926,0.1623730049801549,0,0,0.22749231663450228
-1.6624164672587392,0.3988070645345384,-0.7904807747785566,-0.663910994966617,1.1818100367152524,-0.7904197960249194,-0.7904794415036949,-0.785889850843727,-1.0142298853728962,-0.8208292056470788,-1.7763568394002505e-15,-0.1524963916292951,-1.2914544365764555,-0.248908802407322,-1.292428934077127,0.0727234427870093,0.072738725894239,-0.5927923014638011,0.7516283835227737,-1.0949807488215075,-1.093708245934322,-0.2056158725029276,0.6629496604688676,0.152496391629294,0,0,0.22573516322130863
-1.517898727216078,-1.2015423116072694,-0.7904807747785566,-0.8271211884572504,0.226090471697417,-0.7904197960249194,-0.7904794415036949,-0.785889850843727,-1.0979052047828282,-0.8208292056470788,-1.7763568394002505e-15,-2.9772078099755004,0.6495560179428627,-0.2277633245446046,0.648948268016858,0.9347442874694666,0.934744425253889,-0.7258642135566257,0.7516283835227737,-1.1356202378073457,-1.1361149371087145,-0.1839224462322677,-1.0236895667665151,2.9772078099754977,0,0,0.11185753489045254
-0.3617568068747892,-1.430163651056099,1.1410115361566786,0.7592818922717063,1.6075710270517178,1.146460221785311,1.1417083503055332,1.1294430829525226,1.362149185869172,1.0911223078544463,-1.7763568394002505e-15,0.6376326764395683,0.3208365054839474,1.3427689858045058,0.3241644090501912,-0.4729926933273542,-0.47298756664411,0.0580503231356491,-1.3304447010278462,-0.4497973087730467,-0.4485207302096376,1.401314572862854,-0.0946667403827986,-0.6376326764395742,0,0,0.22501592453225297
-0.2172390668321281,1.0846710828810275,1.573216019605373,0.0629184000450034,-0.3480313175407341,1.5652450905010378,1.572405382716211,1.5791659468998185,1.3733058951238295,1.504517229692615,-1.7763568394002505e-15,0.5833113030098341,-1.0879614050542676,1.4023607870539825,-1.0820113211876947,1.2266925460541735,1.226677508219974,0.3991983159554343,-1.3304447010278462,0.2930723563531738,0.2935963653422296,1.460466213439374,1.2251627362139947,-0.5833113030098396,0,0,0.23879430192369178
-1.228863247130756,0.5131177342589534,-0.7904807747785566,0.7875716591434151,1.37295394971882,-0.7904197960249194,-0.7904794415036949,-0.785889850843727,-0.2700773780872347,-0.8208292056470788,-1.7763568394002505e-15,0.2129383023525545,0.1643034043130324,-0.120113619061679,0.1609584849328566,-0.0134609186926838,-0.0134658950107538,-0.8855505080680148,0.7516283835227737,-1.3367983292465566,-1.3360321955022787,-0.0765332491035969,-0.7271564505960674,-0.2129383023525576,0,0,0.08483664014384555
0.6498673734238385,0.5131177342589534,0.4802454278609641,0.4763842235546076,-0.7178982394537737,0.4921088644169886,0.4801957811885808,0.4567994783316971,0.6536981481984144,0.445192742482308,-1.7763568394002505e-15,0.1339253955456654,0.743475878645411,0.3104852028700232,0.7380806804400408,0.8023282444204687,0.8023385025903704,-0.6944108525165029,-1.3304447010278462,0.1943764545304243,0.1936377361454474,0.3590869194246248,-1.3185086186816433,-0.1339253955456707,0,0,0.11437280919615522
-0.072721326789467,-0.8586103024340248,1.723775624062549,-1.4146778850235302,0.5600747817830725,1.722289416269441,1.724696046110042,1.7377851158294455,0.7440674931611412,1.659540325381934,-1.7763568394002505e-15,0.5931879163606993,-0.0391896272091525,1.67725199926931,-0.035214221861546,-0.6478426346842167,-0.6478577721382954,0.5467871639129303,-1.3304447010278462,0.0764966945528689,0.0755048107310687,1.7377647927252016,0.5601058051496367,-0.5931879163607005,0,0,0.14120554548102002
-1.373380987173417,0.5131177342589534,-0.7904807747785566,-0.1068202011852546,1.0576009957743064,-0.7904197960249194,-0.7904794415036949,-0.785889850843727,-0.7286181284536615,-0.8208292056470788,-1.7763568394002505e-15,0.5586197696326847,-1.96454677161138,-0.2354525892219564,-1.9607185285924984,-0.3306770952435255,-0.3306668972858086,-0.5081101755865489,0.7516283835227737,-1.1184557331425196,-1.1179406408911177,-0.1930848871416147,1.2423033787672002,-0.5586197696326873,1,0,0.4397889012269121
0.5053496333811774,-1.0872316418828545,1.1063556049499157,0.9203159498491316,-0.4908717146228222,1.0941121131958464,1.1060152260726042,1.0937343630303555,1.4145857193660625,1.0394479426246763,-1.7763568394002505e-15,0.2079999956771246,-1.8862802210259224,0.6872591720602625,-1.8890870008003515,0.5927412454989377,0.5927514925305933,-0.5298855793835565,-1.3304447010278462,0.6903801555066472,0.6904018327597587,0.7393282171625282,1.182311129830982,-0.207999995677127,1,1,0.5892686013164388
-1.228863247130756,1.6562244315031018,-0.7904807747785566,-1.2210017887479785,0.3744512705991031,-0.7904197960249194,-0.7904794415036949,-0.785889850843727,-1.2998416422921306,-0.8208292056470788,-1.7763568394002505e-15,-0.1969411517081696,0.0860368537275777,-0.2027732143432112,0.0897339544577104,-0.2936613677219907,-0.2936714226422541,-0.5782753655991296,0.7516283835227737,-1.181308110518133,-1.1815506776527065,-0.159534184400035,-0.5266109327235673,0.1969411517081678,0,0,0.12262757645137336
1.6614915537224662,-0.0584356143631209,-0.7904807747785566,-0.79883142158554,-1.1850622434372216,-0.7904197960249194,-0.7904794415036949,-0.785889850843727,-1.083401482751773,-0.8208292056470788,-1.7763568394002505e-15,-0.17718792500645,0.3677964358352201,-0.2931220743020951,0.3713760978222886,0.487694560487408,0.4876997382252024,-0.5976312800853583,0.7516283835227737,-1.0119348365460994,-1.0119239129551365,-0.249945917490798,-0.7117298722981822,0.1771879250064461,0,0,0.1659321974417298
0.2163141532958551,1.3132924223298572,1.7000085655008117,-0.1024679293588378,-1.5321575078444212,1.6961153619747042,1.700900629954756,1.7126855083479222,1.3967349845586108,1.6337031427670443,-1.7763568394002505e-15,0.4549153294486462,0.414756366186493,1.2601093905229737,0.4088198509863655,0.3363149196862687,0.3363150256678918,0.0846647055542138,-1.3304447010278462,0.803968789317996,0.8055057088045379,1.3166967362294724,-0.2112231097445933,-0.4549153294486484,0,0,0.17623682476368716
0.6498673734238385,-0.5156782932607803,0.5417570882355057,-1.1426608958724749,-1.241646362088097,0.5444569730064626,0.5420638631923246,0.5186428410954507,-0.1239244868512199,0.4968671077120872,-1.7763568394002505e-15,-0.033977031418967,1.150461941689784,0.2951066735153195,1.1434500081728731,-0.1393194559769243,-0.1393193752723071,-0.7669955318398618,-1.3304447010278462,0.333711845339012,0.3329740071470225,0.3423789389428742,-1.692174626341515,0.0339770314189637,0,0,0.19410447025111677
1.5169738136798052,-1.544474320780514,-0.7904807747785566,-1.3689790308461527,0.3351184076344696,-0.7904197960249194,-0.7904794415036949,-0.785889850843727,-1.3757072652238025,-0.8208292056470788,-1.7763568394002505e-15,0.5092367028783804,-0.868815063414989,-1.440744827396855,-0.8715937082982629,0.0519369090693756,0.0519369999380766,0.5274312494267017,0.7516283835227737,1.1601322611131362,1.1599044850476743,-1.4093989178574384,1.3914269689800849,-0.509236702878383,0,0,0.21208011569235574
-0.2172390668321281,0.5131177342589534,1.5131178186607146,-0.1459906476230066,0.5862966904261608,1.5128969819115732,1.512916842327996,1.5161581693559942,1.2148806237076917,1.452842864462845,-1.7763568394002505e-15,-5.6685849480850825,1.1661152518068747,1.1678382143947517,1.160950892803909,0.5574724982776637,0.5574776797237221,0.0701477696895415,-1.3304447010278462,0.6000140868300632,0.5995303516717748,0.929044640697244,-1.095680265489977,5.66858494808508,0,0,0.05915576258093443
0.3608318933385163,-0.5156782932607803,1.439408526909774,0.8854977752377957,0.2530024305679554,1.4343748190273808,1.4391510522466089,1.4391774144513216,1.6812310705523792,1.3753313166181949,-1.7763568394002505e-15,0.3067661291857332,-0.11745617779461,1.0505769280651365,-0.1153926933107108,0.6402388548220593,0.6402389769553477,-0.251644308644015,-1.3304447010278462,0.6643809793231608,0.6631403884333636,1.106499562426804,0.0013208579151497,-0.3067661291857356,0,0,0.051647616455441726
0.0717964132531941,0.1701857250857087,1.810598678301849,-1.701927825567045,-1.4369305764563622,1.8008115791536337,1.810359544269072,1.8295151246150128,0.671548883005867,1.7370518732265845,-1.7763568394002505e-15,0.6771391298430128,1.2756884226265142,1.6541842052372546,1.272061160345137,0.9632529804853696,0.9632531197848512,0.3556475083614192,-1.3304447010278462,0.3014021894993398,0.302683513451028,1.715801882898384,-0.608886016978952,-0.6771391298430176,0,0,0.2280559741885366
-0.6507922869601114,-1.544474320780514,-0.213004072147434,-1.2601722351857303,-0.9552755176964712,-0.2145906015407986,-0.2122508289302435,-0.2294289653899529,-0.8267971698946482,-0.2524111881196001,-1.7763568394002505e-15,-0.1376814716030055,0.6182493977086807,-0.1393367807550586,0.6155744880227898,-0.10739275802572,-0.107387611913115,-0.4960127290326556,0.7516283835227737,-0.2554345353625165,-0.2546615705552721,-0.09593606514692,-0.987694217404785,0.1376814716030028,0,0,0.2608799972098887
-1.228863247130756,-0.2870569538119506,-0.7904807747785566,-1.4168540209367382,1.1624886303466606,-0.7904197960249194,-0.7904794415036949,-0.785889850843727,-1.4002520255840487,-0.8208292056470788,-1.7763568394002505e-15,0.7166455832464573,-0.1644161081458828,-0.0585995016428644,-0.1646393686678116,0.8817778702498682,0.8817780052194538,-0.6677964700979382,0.7516283835227737,-1.4534159932928747,-1.4541651209166575,-0.0142825476312682,-0.4306233344256189,-0.7166455832464611,0,0,0.09705285281155707
0.5053496333811774,0.3988070645345384,1.0320966345317988,1.7146055581702135,-0.8752296913123057,1.0417640046063816,1.0322494359912175,1.0172711258057143,1.7582123644095171,0.9877735773949065,-1.7763568394002505e-15,0.0697274087650715,0.0703835436104867,0.7718410835111327,0.0689770912906676,-0.0609585280158055,-0.0609432520129391,-0.4524619214386404,-1.3304447010278462,0.377632783746067,0.3784097476910145,0.8239460537959099,-0.391199856553247,-0.0697274087650752,0,0,0.11249667600373069
1.0834205935518215,1.7705351012275166,-0.7904807747785566,-0.5268144324344844,-0.742740047641963,-0.7904197960249194,-0.7904794415036949,-0.785889850843727,-0.9439426170685532,-0.8208292056470788,-1.7763568394002505e-15,0.608002836386989,-1.6045206389182798,-1.6695004515480718,-1.6074448574357731,1.265708439426737,1.2656984673772735,0.8685792422464886,0.7516283835227737,1.5910118120375192,1.5900294955307974,-1.6394031330376655,2.2536012894063013,-0.6080028363869916,1,0,0.14921580372231819
1.5169738136798052,-1.430163651056099,-0.7904807747785566,-0.5246382965212764,-1.254757316409641,-0.7904197960249194,-0.7904794415036949,-0.785889850843727,-0.9428269461430876,-0.8208292056470788,-1.7763568394002505e-15,-2.226585195310076,0.6339027078257716,-1.4484340920742067,0.6330753726538254,-0.5494547296577529,-0.5494597344605574,0.4645245273464579,0.7516283835227737,1.1727532204255082,1.1720206825260724,-1.41613600676137,0.1110209702556626,2.226585195310073,0,0,0.2660572088110384
1.5169738136798052,-0.0584356143631209,-0.7904807747785566,-0.2961440256343896,-0.4929418653051714,-0.7904197960249194,-0.7904794415036949,-0.785889850843727,-0.8256814989691826,-0.8208292056470788,-1.7763568394002505e-15,0.1882467689753996,-1.6984404996208282,-1.563773062234484,-1.7047172161989728,-0.0976451143213484,-0.0976349039794321,0.8129309880985793,0.7516283835227737,1.3936200083920194,1.393141286506833,-1.5340350625801735,2.2536012894063013,-0.1882467689754053,1,0,0.21459887069225114
0.6498673734238385,-0.8586103024340248,0.465534979720329,0.2348331371884711,-0.8200256731163298,0.4659348101222609,0.4659185314954093,0.4419208450307942,0.5175862952915918,0.4193555598674277,-1.7763568394002505e-15,0.5833113030098341,-1.6045206389182798,0.2989513058539954,-1.6045958762167674,0.5930957052700067,0.5930958248979302,-1.1081435246596478,-1.3304447010278462,0.2105312824502605,0.2118120323630443,0.3470949011756264,0.5292526485538676,-0.5833113030098396,1,1,0.6245024061805559
1.6614915537224662,-0.6299889629851951,-0.7904807747785566,0.733168261313204,0.1011913805290209,-0.7904197960249194,-0.7904794415036949,-0.785889850843727,-0.2979691512238787,-0.8208292056470788,-1.7763568394002505e-15,0.0203443420107671,1.0721953911043265,-0.0585995016428644,1.0762954508677351,-1.2851106659544451,-1.2851055824302178,-0.0774410782679543,0.7516283835227737,-1.4549305084103592,-1.4541651209166575,-0.0134740969627965,-1.3099382974050409,-0.0203443420107709,0,0,0.12181029779280494
-1.6624164672587392,1.4276030920542722,-0.7904807747785566,-1.6344676122575827,1.7145288123064213,-0.7904197960249194,-0.7904794415036949,-0.785889850843727,-1.5118191181306246,-0.8208292056470788,-1.7763568394002505e-15,-0.2018794583835994,-1.24449450622518,-0.1431814130937344,-1.241554269452022,-0.522414512836273,-0.5224093887794912,6.610027376724164,0.7516283835227737,-1.2926249716532543,-1.293625504327886,-0.1001130602673577,2.592986011959763,0.2018794583835983,1,1,2.8295075767533775
-0.6507922869601114,0.2844963948101236,-0.7083954271468278,-1.3646267590197358,-0.0699410758785046,-0.7118976331407177,-0.7095750265757224,-0.7076153017389761,-1.3043043259939937,-0.1748996402749406,-1.7763568394002505e-15,-0.1129899382258561,0.8373957393479594,0.0279047259773436,0.8418649962752538,-1.239258762711283,-1.239258740461597,-1.025880888093175,0.7516283835227737,-0.4386908645781593,-0.4394335821008391,-0.4775247806656097,-1.085395879958054,0.1129899382258506,0,0,0.08766532273384435
-0.5062745469174503,0.1701857250857087,0.5572266164403372,0.0215718176940435,-1.564589868534557,0.5444569730064626,0.5563411128854963,0.5341683714963931,0.4863475093785505,0.4968671077120872,-1.7763568394002505e-15,-0.1969411517081696,-1.9488934614942888,0.7026377014149662,-1.95176458761848,-0.0964298236776893,-0.0964398681163226,-0.7282837028674037,-1.3304447010278462,-0.4172352337471267,-0.4182302365136429,0.7544192963073351,1.1874533225969437,0.1969411517081678,1,1,0.8254258812023875
-1.517898727216078,-1.2015423116072694,-0.7904807747785566,-1.0664961389101788,1.1286761692016256,-0.7904197960249194,-0.7904794415036949,-0.785889850843727,-1.2206290065840617,-0.8208292056470788,-1.7763568394002505e-15,-0.1426197782784354,-1.1192680252884497,-0.2162294275285768,-1.1117221253287557,0.0880411686081625,0.0880412613955831,-0.6944108525165029,0.7516283835227737,-1.1542992575896565,-1.1542892333263113,-0.1739515546544488,0.4606900783410473,0.1426197782784332,0,0,0.28013562301517164
1.372456073637144,-1.544474320780514,-0.7904807747785566,-0.3853655980759358,-0.6475131162539046,-0.7904197960249194,-0.7904794415036949,-0.785889850843727,-0.8714240069132788,-0.8208292056470788,-1.7763568394002505e-15,0.4746685561503657,0.7747824988795929,-1.5291713711864008,0.7816293933591306,-0.3802761446379807,-0.3802710130274267,0.5540456318452665,0.7516283835227737,1.3277386007814374,1.3265022003756448,-1.4988674585016508,0.0630271711066887,-0.47466855615037,0,0,0.13193425934522343
-0.2172390668321281,0.6274284039833682,1.439958205576951,1.1901568030869776,-0.7241086915008214,1.4343748190273808,1.4391510522466089,1.4396949321313537,1.8374250001175851,1.3753313166181949,-1.7763568394002505e-15,0.6968923565447378,0.915662289933414,1.3043226624177464,0.9155315106524052,0.147565091592522,0.1475601238319835,0.1185375559051147,-1.3304447010278462,0.2218901458313955,0.2208991804718425,1.3618352318858145,-0.6003156957023492,-0.6968923565447394,0,0,0.1088282156235617
-1.517898727216078,-1.3158529813316842,-0.7904807747785566,1.423003345800281,0.4034333801519896,-0.7904197960249194,-0.7904794415036949,-0.785889850843727,0.0556985321487673,-0.8208292056470788,-1.7763568394002505e-15,-0.0043471913663822,-0.5244422408389828,-0.1451037292630724,-0.5264599834815543,0.1557683034372426,0.1557633361126517,-0.6508600449224877,0.7516283835227737,-1.2898483606045326,-1.290596454958287,-0.1015952198262227,-0.0655276480423496,0.0043471913663813,0,0,0.1111696845614727
-1.6624164672587392,-0.8586103024340248,-0.7904807747785566,1.601446490683374,-0.6840857783087383,-0.7904197960249194,-0.7904794415036949,-0.785889850843727,0.1471835480369596,-0.8208292056470788,-1.7763568394002505e-15,-0.0191621113926773,-1.8862802210259224,-0.1105020382149892,-1.885424024947344,1.0281444371459043,1.028149643605245,-0.7452201280428542,0.7516283835227737,-1.3577491217050943,-1.357235541089475,-0.0653496815230703,1.0297594111074564,0.0191621113926725,1,0,0.35282439020577167
1.5169738136798052,-0.74429963270961,-0.7904807747785566,-0.9729222946422156,-1.6860387085657045,-0.7904197960249194,-0.7904794415036949,-0.785889850843727,-1.172655156789034,-0.8208292056470788,-1.7763568394002505e-15,0.464791942799506,1.0721953911043265,-1.469579569936924,1.0791444320867414,0.7661733477715276,0.7661734765974512,0.5250117601159235,0.7516283835227737,1.2144023861563358,1.2144273737004652,-1.4383684001443442,-0.2335059450637597,-0.4647919427995092,0,0,0.18109855639713981
0.6498673734238385,-0.9729209721584398,0.4227385692044245,0.4132762820715637,-1.2906399282370258,0.4135867015327962,0.4230867824158942,0.3990962570081949,0.5722541706394143,0.3676811946376577,-1.7763568394002505e-15,-0.0981750181995609,0.5086762268890413,0.2489710854512085,0.501208241945555,0.703484605402631,0.7034847308970394,-0.8952284653111291,-1.3304447010278462,0.1931143585991871,0.1936377361454474,0.2956235419495884,-1.2173788276177335,0.0981750181995594,0,0,0.1774559835307712
1.5169738136798052,1.1989817526054425,-0.7904807747785566,1.0051852504642595,-0.0934027836117946,-0.7904197960249194,-0.7904794415036949,-0.785889850843727,-0.1585102855406587,-0.8208292056470788,-1.7763568394002505e-15,0.5289899295800999,-0.7592418925953525,-1.4503564082435445,-0.7669953978290481,0.5767146001356463,0.5767096551817319,0.541948185291374,0.7516283835227737,1.1765395082192196,1.175049731895672,-1.4181571334325491,1.3125800132353411,-0.5289899295801047,0,0,0.09797848632479983
-0.072721326789467,-0.5156782932607803,1.7968043612731754,0.0172195458676267,-0.708927586496928,1.8008115791536337,1.7960822945759,1.814895250154126,1.5406565339436935,1.7370518732265845,-1.7763568394002505e-15,0.4746685561503657,1.1974218720410563,1.7637562268895175,1.1988016432849868,-2.0175764643115266,-2.017581547135867,0.6314692897901825,-1.3304447010278462,0.0489830032518981,0.0482433664046736,1.8245384978078412,-0.3997701778298497,-0.47466855615037,0,0,0.12792589221566797
1.372456073637144,-0.4013676235363654,-0.7904807747785566,0.7919239309698327,-1.387937010307433,-0.7904197960249194,-0.7904794415036949,-0.785889850843727,-0.2678460362363028,-0.8208292056470788,-1.7763568394002505e-15,0.1487403155719605,-1.2758011264593645,-1.575306959250512,-1.276149041397093,-0.0203728842285103,-0.0203727972026243,1.0040706436500904,0.7516283835227737,1.4150756392230524,1.4143446320940294,-1.545488113716858,1.953640044725212,-0.1487403155719618,0,0,0.1887796639348449
1.372456073637144,0.1701857250857087,-0.7904807747785566,0.8028046105358743,1.1983712421740458,-0.7904197960249194,-0.7904794415036949,-0.785889850843727,-0.2622676816089743,-0.8208292056470788,-1.7763568394002505e-15,0.4055322626943419,0.5399828471232233,-1.208144570906962,0.5439429602306426,-0.6715408022356232,-0.6715458135265445,0.5346897173590378,0.7516283835227737,0.7186511043663605,0.7176632770861539,-1.1737355479979084,0.051028721319445,-0.405532262694344,0,0,0.08233835574338898
-1.6624164672587392,0.741739073707783,-0.7904807747785566,-1.5735358066877467,1.7062482095770255,-0.7904197960249194,-0.7904794415036949,-0.785889850843727,-1.4805803322175837,-0.8208292056470788,-1.7763568394002505e-15,-0.1179282449012859,-0.11745617779461,-0.1085797220456512,-0.1101017281896998,0.1735419291007984,0.1735369627207649,-0.6556990235440449,0.7516283835227737,-1.3600208943813212,-1.3602645904590744,-0.0641370055203626,-0.4409077199575417,0.1179282449012811,0,0,0.12406707620127168
1.227938333594483,1.6562244315031018,-0.7904807747785566,-1.2819335943178152,0.6359803068025391,-0.7904197960249194,-0.7904794415036949,-0.785889850843727,-1.331080428205172,-0.8208292056470788,-1.7763568394002505e-15,0.6030645297115591,0.4460629864206776,-1.748315414490928,0.4421936309804337,0.9632529804853696,0.9632531197848512,0.8951936246650534,0.7516283835227737,1.7406963894822516,1.7414819640107702,-1.7193050074382947,0.5858167689794441,-0.6030645297115611,0,0,0.16204576571729779
0.5053496333811774,1.3132924223298572,1.0221762433479895,1.3794806275361131,-1.554929165350261,1.015589950311654,1.022731269529103,1.0070501516250945,1.5785893454095292,0.961936394780026,-1.7763568394002505e-15,-0.2463242184624738,-2.121079872782292,0.4085233275062588,-2.1231104580758315,-0.0841250059106103,-0.0841249222727524,-0.5903728121530221,-1.3304447010278462,1.0205444511183008,1.0205682140460997,0.4585263516466562,1.1840251940863027,0.2463242184624721,1,1,0.9985217524522357
1.5169738136798052,1.7705351012275166,-0.7904807747785566,-1.662757379129293,-0.2465939341056282,-0.7904197960249194,-0.7904794415036949,-0.785889850843727,-1.52632284016168,-0.8208292056470788,-1.7763568394002505e-15,0.2573830624314289,0.9626222202846896,-1.4503564082435445,0.967627167228512,-0.3283477881765086,-0.3283578449401394,0.7597022232614499,0.7516283835227737,1.1767919274054672,1.178078781265271,-1.4182918752106282,-0.0860964191061959,-0.2573830624314313,0,0,0.15232501336073215
0.6498673734238385,0.8560497434321979,0.428627983495604,0.6069523783471146,-1.4072584166760251,0.4397607558275239,0.4278458656469515,0.4049183309085484,0.67601156670773,0.3935183772525381,-1.7763568394002505e-15,0.1388637022210953,0.9313156000505052,-0.0970458250296235,0.9346603845514444,0.7375633805353194,0.7375635078408013,-0.5637584297344573,0.7516283835227737,0.8683356818110936,0.8691157455661267,-0.0528186961617574,-1.3030820403837586,-0.138863702221101,0,0,0.1975695383964701
-1.6624164672587392,0.5131177342589534,-0.7904807747785566,0.3479922046753101,-1.6901790099304026,-0.7904197960249194,-0.7904794415036949,-0.785889850843727,-0.4954429050313177,-0.8208292056470788,-1.7763568394002505e-15,0.0598507954142117,0.6652093280599536,-0.1431814130937344,0.6656351580138922,0.859801364443649,0.8598116256678884,-0.6847328952733885,0.7516283835227737,-1.2956540018882237,-1.2966545536974858,-0.0984961589304141,-1.0802536871920925,-0.0598507954142143,0,0,0.19938277266979612
0.7943851134664996,0.3988070645345384,-0.1090624537017724,0.6439466888716585,1.2508150594602223,-0.1098943843618599,-0.1099305394625135,-0.1278661206837886,0.2364372220742208,-0.149062457660051,-1.7763568394002505e-15,0.6030645297115591,0.5712894673574079,-0.9428649395383242,0.5773167402247108,0.3362642825761145,0.336274515977617,0.2733848717949468,0.7516283835227737,1.4726272136874692,1.4718965701164188,-0.9062731185118212,-0.2215074952765161,-0.6030645297115611,0,0,0.1493417402788633
0.6498673734238385,1.1989817526054425,-0.5590398807225152,-0.4919962578231492,0.8988894434608754,-0.5548533073723237,-0.5596639047974201,-0.5645216632102912,-0.7286181284536615,0.4193555598674277,-1.7763568394002505e-15,0.4944217828520907,0.4460629864206776,-0.0912788765216097,0.4430076256144352,1.0592862598897397,1.0592914680040764,-0.6581185128548238,0.7516283835227737,0.9296735440692216,0.9296967329581156,-1.0614956468584067,-0.2729294229361316,-0.4944217828520918,0,0,0.20310062115543773
1.227938333594483,1.6562244315031018,-0.7904807747785566,-0.228683812324928,-0.3438910161760358,-0.7904197960249194,-0.7904794415036949,-0.785889850843727,-0.7910957002797443,-0.8208292056470788,-1.7763568394002505e-15,0.5339282362555298,0.2895298852497627,-1.488802731630304,0.2887556424711189,1.2898876595245947,1.2898928798939595,0.6846980546273119,0.7516283835227737,1.250245910603473,1.2507759661356583,-1.4575017326315105,0.4898291706814957,-0.5339282362555352,0,0,0.13488429944852523
-1.373380987173417,-0.1727462840875357,-0.7904807747785566,-1.1056665853479306,-1.3582648505270962,-0.7904197960249194,-0.7904794415036949,-0.785889850843727,-1.240711083242445,-0.8208292056470788,-1.7763568394002505e-15,0.1536786222473904,-0.9157749937662646,-0.0624441339815403,-0.9220613756063666,0.3525694320452471,0.3525695388906966,-0.8686140828925644,0.7516283835227737,-1.4453385793329565,-1.4450779728078589,-0.0185942845297845,0.1538725766386753,-0.1536786222473924,0,0,0.22605110796715563
0.6498673734238385,0.0558750553612939,0.5693980726421082,0.4589751362489404,-1.3499842477977,0.5706310273011902,0.5682388209631393,0.546459416397139,0.7206384037263601,0.5227042903269675,-1.7763568394002505e-15,-4.177216332105093,0.1016901638446686,-0.031687075272133,0.1080488337227481,-1.2307517282056513,-1.230761832926436,-1.001685994985389,0.7516283835227737,1.004137204012217,1.005422967198102,-0.1038858300535594,-0.6980173582556184,4.177216332105092,1,1,0.5807655251773421
1.5169738136798052,-0.2870569538119506,-0.7904807747785566,-0.0785304343135451,1.2791071187856609,-0.7904197960249194,-0.7904794415036949,-0.785889850843727,-0.7141144064226067,-0.8208292056470788,-1.7763568394002505e-15,0.5388665429309597,0.6182493977086807,-1.3715414453006884,0.6131325041207847,-0.1098486578681225,-0.1098384481747466,0.6290498004794044,0.7516283835227737,1.0276121883332292,1.0266263127852984,-1.338659484366156,0.124733484298227,-0.5388665429309656,0,0,0.08424746453985375
-0.7953100270027725,0.5131177342589534,-0.7904807747785566,1.6297362575550842,0.3019959967168837,-0.7904197960249194,-0.7904794415036949,-0.785889850843727,0.1616872700680147,-0.8208292056470788,-1.7763568394002505e-15,0.045035875387922,0.7904358089966839,-0.650672881798955,0.7865133611631402,-2.274180020009732,-2.2741800527596685,-0.2927756269272512,0.7516283835227737,-0.3364610941479455,-0.3364459035344576,-0.6105149156292209,-0.7460111574045929,-0.0450358753879229,0,0,0.09041027024956973
1.0834205935518215,0.0558750553612939,-0.7904807747785566,1.6558498885135848,-1.6349749917344265,-0.7904197960249194,-0.7904794415036949,-0.785889850843727,0.1750753211736036,-0.8208292056470788,-1.7763568394002505e-15,0.4401004094223565,0.4304096763035867,-1.7790724732003351,0.4263207356174011,-0.6491591995481842,-0.6491642096496609,1.1153671519459074,0.7516283835227737,1.7987528023191637,1.7990339020331605,-1.7502956163963803,0.6818043672773931,-0.4401004094223572,0,0,0.1613340330545788
0.2163141532958551,0.1701857250857087,1.672838734237503,-1.038206372038469,-0.6978867828577325,1.6699413076799765,1.6723461305684124,1.683963277106179,0.8935673971735534,1.607865960152164,-1.7763568394002505e-15,0.2425681424051393,0.1016901638446686,1.3504582504818574,0.0970599061637251,0.612616311233827,0.6126012407652955,-0.0508266958493896,-1.3304447010278462,0.5581125019129876,0.5571236604973827,1.407916919988707,0.0698834281279706,-0.2425681424051399,0,0,0.01939691119096495
0.5053496333811774,-0.6299889629851951,1.159648260491433,1.5187533259814538,-1.6253142885501304,1.172634276080048,1.160744683229762,1.148591237113685,1.767137731813243,1.1169594904693358,-1.7763568394002505e-15,0.2771362891331485,0.1643034043130324,0.7641518188337809,0.1605514876158555,-0.442357241685044,-0.4423723682188524,-0.5250466007619994,-1.3304447010278462,0.6565559845494899,0.6570822896941648,0.8157268053331133,-0.4940437118724773,-0.2771362891331531,0,0,0.2102979315506678
1.6614915537224662,1.0846710828810275,-0.7904807747785566,-1.6932232819142106,-0.9656262711082166,-0.7904197960249194,-0.7904794415036949,-0.785889850843727,-1.5419422331182002,-0.8208292056470788,-1.7763568394002505e-15,0.0302209553616269,0.1799567144301261,-0.3065782874874608,0.1804943561488963,0.6482901553363171,0.6482902778974848,-0.5685974083560145,0.7516283835227737,-0.98618807954886,-0.9876915179983412,-0.2636895788548187,-0.5334671897448492,-0.0302209553616317,0,0,0.24090885526728587
1.372456073637144,1.0846710828810275,-0.7904807747785566,0.8202136978415431,0.4151642340186346,-0.7904197960249194,-0.7904794415036949,-0.785889850843727,-0.2533423142052476,-0.8208292056470788,-1.7763568394002505e-15,0.2475064490805691,-0.3679091396680706,-1.208144570906962,-0.3677310298512286,0.5923108300626408,0.5923058859375694,0.280643339727283,0.7516283835227737,0.7206704578563403,0.7206923264557532,-1.1748134822225378,0.7469388089795723,-0.2475064490805704,0,0,0.10767574456801861
1.0834205935518215,-0.6299889629851951,-0.7904807747785566,-0.8292973243704583,-0.2438337331958294,-0.7904197960249194,-0.7904794415036949,-0.785889850843727,-1.0990208757082938,-0.8208292056470788,-1.7763568394002505e-15,0.1487403155719605,-0.1018028676775191,-1.6637335030400582,-0.1052177603856899,0.919477198758464,0.9194722720202508,1.0960112374596789,0.7516283835227737,1.5791481102838894,1.5779132980523998,-1.6330702694679695,1.0486141179159825,-0.1487403155719618,0,0,0.041657912019914645
0.0717964132531941,0.8560497434321979,1.8775809501735308,1.2619692882228577,1.5102739449813103,1.8793337420378355,1.876986709503873,1.900673805619332,2.247991900688985,1.814563421071244,-1.7763568394002505e-15,0.2475064490805691,-2.105426562665201,1.8329596089856848,-2.100318608323785,1.0081934157457877,1.0081884937222876,0.5177532921835875,-1.3304447010278462,0.0565555788393213,0.057330514513472,1.8946042224087307,2.3924404940872632,-0.2475064490805704,1,1,0.6758564438684506
-0.072721326789467,-0.5156782932607803,1.700453543469478,-0.137286103970173,-1.592191877632545,1.6961153619747042,1.700900629954756,1.713073646607946,1.3788842497511582,1.6337031427670443,-1.7763568394002505e-15,-4.058696971894765,0.4460629864206776,1.636883359713213,0.4499265800034495,0.4127263189065132,0.4127264289489269,0.2153171283362593,-1.3304447010278462,0.0966902294526642,0.096708156318265,1.4569629272093296,-0.120377704212606,4.058696971894761,0,0,0.1849754872045066
-0.3617568068747892,-0.0584356143631209,1.1449639875254258,-1.0273256924724268,1.6634650954751438,1.146460221785311,1.1440878919210622,1.1334538449727662,0.4495303688381806,1.0911223078544463,-1.7763568394002505e-15,0.232691529054274,1.2287284922752413,1.285099500724367,1.2350244044980612,-0.3568817997474853,-0.3568867943162396,0.0628893017572054,-1.3304447010278462,-0.3622078511451844,-0.3637073478608527,1.3424324158424912,-0.8968488118727977,-0.2326915290542791,0,0,0.20382373694288167
1.5169738136798052,1.1989817526054425,-0.7904807747785566,-1.4560244673744902,0.5580046311007233,-0.7904197960249194,-0.7904794415036949,-0.785889850843727,-1.4203341022424325,-0.8208292056470788,-1.7763568394002505e-15,0.0104677286599074,0.399103056069402,-1.438822511227517,0.4051568751333578,0.0762680404976889,0.0762529415255866,0.5734015463314968,0.7516283835227737,1.1545790390156925,1.1538463863084756,-1.4064345987397084,0.3269930664260472,-0.01046772865991,0,0,0.08119056326325998
0.7943851134664996,0.5131177342589534,-0.0327618196627132,0.4807364953810252,-1.2285354077665525,-0.0313722214776675,-0.033785207765598,-0.052955436499242,0.2185864872667683,-0.0715509098154006,-1.7763568394002505e-15,0.0400975687124867,0.3364898156010383,-0.3950048312770067,0.3298623714882029,0.5607892289926599,0.5607893469036954,-0.2080935010499998,0.7516283835227737,0.5641705623829264,0.5631817592365815,-0.3538318283894244,-0.5008999688937599,-0.0400975687124926,0,0,0.11070556419098793
0.6498673734238385,-0.1727462840875357,0.5474894514789205,0.8006284746226663,-1.4797136905582435,0.5444569730064626,0.5468229464233818,0.5243355355757962,0.8779480042170327,0.4968671077120872,-1.7763568394002505e-15,0.4746685561503657,0.3677964358352201,0.3777662687968516,0.3725970897732911,-0.4281282137321678,-0.4281332120872242,-1.0234613987823966,-1.3304447010278462,0.2148224086164671,0.2148410817326437,0.4256493577954697,-1.063113044638887,-0.47466855615037,0,0,0.19360856607833257
-1.0843455070880947,-0.9729209721584398,-0.7904807747785566,0.9246682216755476,1.0106775803077273,-0.7904197960249194,-0.7904794415036949,-0.785889850843727,-0.1997901097828915,-0.8208292056470788,-1.7763568394002505e-15,-0.2463242184624738,0.3834497459523111,-0.1374144645857206,0.3799230414793059,-0.0541225181452068,-0.0541274966241868,-0.4282670283308547,0.7516283835227737,-1.3057507693381212,-1.3057417018062842,-0.0931064878072688,-0.7700080569790801,0.2463242184624721,0,0,0.11010236825475261
1.372456073637144,0.8560497434321979,-0.7904807747785566,-0.1068202011852546,0.747768443649391,-0.7904197960249194,-0.7904794415036949,-0.785889850843727,-0.7286181284536615,-0.8208292056470788,-1.7763568394002505e-15,-0.1475580849538652,-1.8236669805575585,-1.667578135378734,-1.8247814247142191,0.8177472444619305,0.8177423123174017,1.028265536757877,0.7516283835227737,1.5894972969200345,1.5900294955307974,-1.6385946823691937,2.481571835363929,0.1475580849538635,1,0,0.1427345626168832
0.5053496333811774,0.6274284039833682,1.1611140702705716,-1.649700563650042,-0.7951838649281406,1.172634276080048,1.160744683229762,1.150143790153779,0.1438365352605622,1.1169594904693358,-1.7763568394002505e-15,0.3215810492120229,0.1643034043130324,0.6430459001654897,0.1609584849328566,-2.2298472300711474,-2.2298624515989247,-0.0774410782679543,-1.3304447010278462,0.8895388934558787,0.890319091153323,0.6947286886185006,-0.4443358484681827,-0.3215810492120268,0,0,0.10580182593879152
1.227938333594483,-1.544474320780514,-0.7904807747785566,0.8202136978415431,0.6470211104417342,-0.7904197960249194,-0.7904794415036949,-0.785889850843727,-0.2533423142052476,-0.8208292056470788,-1.7763568394002505e-15,-0.0734834848224115,0.4304096763035867,-1.392686923163406,0.4344606819574179,-0.1538269880356381,-0.1538218443907219,0.3967788266446562,0.7516283835227737,1.0667371622015829,1.0660039545900917,-1.3595444599683435,0.2224351468514961,0.0734834848224071,0,0,0.10792203199008592
0.3608318933385163,0.5131177342589534,1.4721798455433597,0.3762819715470197,-0.2486640847879773,1.4605488733221084,1.4724646348640096,1.473333581333395,1.4480558471300358,1.4011684992330753,-1.7763568394002505e-15,-0.0981750181995609,0.3051831953668564,0.9044808991954516,0.3038145432001495,-0.5333014915190795,-0.5333064954634398,-0.5008517076542136,-1.3304447010278462,0.9700606138688126,0.9690743747629088,0.958822573652622,-0.5163265471916445,0.0981750181995594,0,0,0.10036809655570823
-0.072721326789467,-0.9729209721584398,1.7800784246862251,0.7288159894867879,-1.428649973726966,1.774637524858906,1.7794255032672,1.7972996490330575,1.8909772045399424,1.711214690611704,-1.7763568394002505e-15,0.6475092897904335,-1.6201739490353708,1.3831376253606027,-1.6180267876777947,0.594462907244125,0.5944630269447081,0.133054491769787,-1.3304447010278462,0.750960760206033,0.7509828201517477,1.441332880952208,1.588544358341944,-0.6475092897904351,1,0,0.44343128138656707
1.0834205935518215,0.2844963948101236,-0.7904807747785566,0.1695490597922176,-0.7489504996890105,-0.7904197960249194,-0.7904794415036949,-0.785889850843727,-0.5869279209195101,-0.8208292056470788,-1.7763568394002505e-15,0.0746657154405013,0.743475878645411,-1.609908650298595,0.7441856401950536,-2.0230705907630844,-2.023080737590685,1.5484557385752808,0.7516283835227737,1.47843285497116,1.4779546688556175,-1.5793083000145949,0.4281228574899574,-0.0746657154405055,0,0,0.06095791300629314
0.3608318933385163,1.4276030920542722,1.5082754113546335,0.067270671871421,-0.3873641805053671,1.5128969819115732,1.5081577590969388,1.5111123719756878,1.3208693616269391,1.452842864462845,-1.7763568394002505e-15,0.1882467689753996,1.103502011338511,1.0486546118957982,1.109669230861804,1.2277812439224542,1.2277712698573964,-0.4064916245338471,-1.3304447010278462,0.79664863291682,0.7964185606957397,1.103265759752917,-1.0785396229367716,-0.1882467689754053,0,0,0.2390607570833075
-0.072721326789467,-0.4013676235363654,1.6811886149436643,-0.5833939661779043,0.8271242198061061,1.6699413076799765,1.681864297030527,1.692761077666713,1.1345523170741572,1.607865960152164,-1.7763568394002505e-15,0.5783729963344042,0.5243295370061324,1.4946319631822045,0.5288840595016114,1.2619866118305212,1.26199183071712,0.1112790879727786,-1.3304447010278462,0.3357311988289918,0.3360030565166221,1.5530338149793952,-0.1546589893190161,-0.578372996334409,0,0,0.06936173823048788
-1.6624164672587392,0.5131177342589534,-0.7904807747785566,1.129224997517141,-0.5833384451010825,-0.7904197960249194,-0.7904794415036949,-0.785889850843727,-0.0949170427891104,-0.8208292056470788,-1.7763568394002505e-15,0.6573859031412933,0.7904358089966839,-0.1335698322470447,0.7942463101861565,-0.1819052656152444,-0.1818950597512295,-0.8758725508248997,0.7516283835227737,-1.311303991435565,-1.311799800545483,-0.0901421686895388,-1.2482319842135026,-0.6573859031412959,0,0,0.11250619582328229
1.5169738136798052,1.6562244315031018,-0.7904807747785566,1.0204182018567187,0.0280460564193525,-0.7904197960249194,-0.7904794415036949,-0.785889850843727,-0.1507005890623984,-0.8208292056470788,-1.7763568394002505e-15,-0.2463242184624738,-0.1957227283800647,-1.2831149015111425,-0.1931291808578702,0.4758454767117029,0.4758506538197937,0.4137152518201066,0.7516283835227737,0.8607631062236704,0.8600285974573285,-1.249595169056179,0.685232495788034,0.2463242184624721,0,0,0.1700211261314285
0.5053496333811774,-0.4013676235363654,0.9904781068741302,-0.0306554442229595,1.654494442518298,0.989415896016917,0.9894176869117028,0.9745759172031232,0.8288584834965387,0.9360992121651364,-1.7763568394002505e-15,0.5042983962029505,0.6652093280599536,0.402756378998245,0.661972182160885,1.0539440447686446,1.0539340614652204,-0.965393655323709,-1.3304447010278462,1.025845254029497,1.0266263127852984,0.4508460702961741,-1.27394294804331,-0.5042983962029527,0,0,0.3048605395251454
-1.228863247130756,-0.5156782932607803,-0.7904807747785566,1.3794806275361131,-1.3762061564407884,-0.7904197960249194,-0.7904794415036949,-0.785889850843727,0.0333851136394525,-0.8208292056470788,-1.7763568394002505e-15,0.6524475964658634,-2.0115067019626527,-0.3065782874874608,-2.0152561690706103,0.6237817940224675,0.6237920427037376,-0.4960127290326556,0.7516283835227737,-0.9859356603626128,-0.9846624686287416,-0.2638243206328973,1.3365769128098284,-0.6524475964658654,1,1,0.5179896358923706
-0.7953100270027725,-1.2015423116072694,-0.7904807747785566,1.4338840253663243,1.641383488196754,-0.7904197960249194,-0.7904794415036949,-0.785889850843727,0.0612768867760965,-0.8208292056470788,-1.7763568394002505e-15,0.6178794497378488,0.9782755304017808,-0.5910810805494782,0.9773951028365324,0.9644429525739552,0.9644481556479612,-0.0992164820649619,0.7516283835227737,-0.4467682785380774,-0.4454916808400379,-0.5516327586088582,-0.8899925548515158,-0.6178794497378525,0,0,0.2654778681743949
-0.2172390668321281,1.0846710828810275,1.576042938465139,-1.5539505834688707,-1.5901217269501955,1.5652450905010378,1.577164465947268,1.582141673559999,0.5465937393537014,1.504517229692615,-1.7763568394002505e-15,0.691954049869308,-0.7435885824782588,1.5369229189076392,-0.7486805185640104,0.8955258456562933,0.8955209176452147,0.2274145748901518,-1.3304447010278462,0.0532741294181043,0.0543014651438724,1.5969596346330297,0.9817656119584826,-0.6919540498693089,0,0,0.2718496437630212
-0.072721326789467,0.2844963948101236,1.6642009266104398,-0.3113769770268487,0.8809481375471828,1.6699413076799765,1.6652075057218267,1.6749067177056292,1.2583917898008563,1.607865960152164,-1.7763568394002505e-15,0.1635552355982502,0.9000089798163232,1.5792138746330742,0.9016936018743772,0.191847244420956,0.1918473427250207,0.2540289573087183,-1.3304447010278462,0.0999716788738812,0.0997372056878644,1.6391338111716416,-0.3740592140000417,-0.1635552355982532,0,0,0.09279664073573711
0.0717964132531941,-0.5156782932607803,1.8835488899885928,1.127048861603933,0.5283324713203856,1.8793337420378355,1.8841253343504587,1.9070133971997167,2.183282987011971,1.814563421071244,-1.7763568394002505e-15,0.6326943697641384,0.7747824988795929,1.5369229189076392,0.7710474631171086,0.4373359544406677,0.4373360657909299,0.1403129597021215,-1.3304447010278462,0.6684196863031197,0.6691984871725625,1.5962859257426365,-0.3226372863404262,-0.6326943697641436,0,0,0.08695251065933164
1.372456073637144,0.2844963948101236,-0.7904807747785566,0.7179353099207464,-1.0173800381669442,-0.7904197960249194,-0.7904794415036949,-0.785889850843727,-0.3057788477021382,-0.8208292056470788,-1.7763568394002505e-15,0.6178794497378488,1.103502011338511,-1.490725047799642,1.099494297936783,0.7687052032791543,0.7687053322396326,0.7234098835997709,0.7516283835227737,1.2550418751421744,1.2538050155052578,-1.4600618264150045,-0.1820840174041443,-0.6178794497378525,0,0,0.11836876683767901
1.372456073637144,0.2844963948101236,-0.7904807747785566,1.4273556176266988,1.710388510941724,-0.7904197960249194,-0.7904794415036949,-0.785889850843727,0.0579298739996991,-0.8208292056470788,-1.7763568394002505e-15,0.3561491959400376,0.4930229167719505,-1.665655819209396,0.4873703331675264,0.6172242882577101,0.6172092180340658,1.1008502160812368,0.7516283835227737,1.583691655636343,1.5839713967915985,-1.635495621473385,0.5532495481283548,-0.3561491959400397,0,0,0.16761421787452516
-0.5062745469174503,-1.544474320780514,0.4826273687520633,0.5242592136451947,-1.5783908730835507,0.4921088644169886,0.4825753228041093,0.4591283078918385,0.6804742504095929,0.445192742482308,-1.7763568394002505e-15,-0.0241004180681072,1.0565420809872357,0.6795699073829108,1.060015558187702,0.7618185562984049,0.761818684892899,-0.6556990235440449,-1.3304447010278462,-0.5055819489337313,-0.5060726682320271,0.7309742269216528,-1.3425055182561303,0.0241004180681028,0,0,0.22000659627787153
-0.9398277670454336,0.5131177342589534,-0.7904807747785566,1.2946113269209838,1.5675481138596354,-0.7904197960249194,-0.7904794415036949,-0.785889850843727,-0.0101260524537121,-0.8208292056470788,-1.7763568394002505e-15,-0.0142238047172474,0.2895298852497627,-0.1028127735376374,0.2822436853991051,0.5749676198353818,0.5749778659224802,-0.6048897480176944,0.7516283835227737,-1.370117661831219,-1.3693517385678726,-0.0587473343972173,-0.7597236714471567,0.0142238047172422,0,0,0.13037643883535086
1.372456073637144,-1.0872316418828545,-0.7904807747785566,-0.2090985891060521,-0.2383133313762319,-0.7904197960249194,-0.7904794415036949,-0.785889850843727,-0.7810546619505525,-0.8208292056470788,-1.7763568394002505e-15,0.2425681424051393,-0.9627349241175376,-1.702179826426817,-0.9692730643784632,-2.1079383873788062,-2.107928283871469,1.1250451091890217,0.7516283835227737,1.6541166085993797,1.6536395322923862,-1.6730885775573237,1.8113727115336096,-0.2425681424051399,1,0,0.15190222074781934
-1.517898727216078,0.0558750553612939,-0.7904807747785566,0.8876739111510038,-1.2354359100410497,-0.7904197960249194,-0.7904794415036949,-0.785889850843727,-0.2187565155158096,-0.8208292056470788,-1.7763568394002505e-15,0.1833084622999697,-1.6827871895037372,-0.2316079568832805,-1.6831463583979285,0.1803019833061656,0.1803020809966739,-0.3556823490074958,0.7516283835227737,-1.1257758895436951,-1.127027788999916,-0.1891773755773344,1.0486141179159825,-0.183308462299975,1,0,0.3623892817516164
-0.3617568068747892,-0.5156782932607803,1.0738460380626047,1.4382362971927405,-0.6192210569284666,1.0679380589011187,1.072701643455204,1.0602250932483217,1.6522236264902697,1.013610760009796,-1.7763568394002505e-15,0.5833113030098341,1.1661152518068747,1.4907873308435284,1.1593229035359058,-0.2562152247641554,-0.2562303414056753,0.09192317348655,-1.3304447010278462,-0.8647744509638409,-0.8635004938447632,1.5503389794178222,-0.6945892297449775,-0.5833113030098396,0,0,0.14151178673891168
-1.228863247130756,-0.1727462840875357,-0.7904807747785566,-0.8684677708082102,-1.4776435398758945,-0.7904197960249194,-0.7904794415036949,-0.785889850843727,-1.1191029523666771,-0.8208292056470788,-1.7763568394002505e-15,0.4499770227732163,0.7904358089966839,-0.0970458250296235,0.7950603048201581,-0.5563920137486565,-0.5563767640749969,-0.6339236197470373,0.7516283835227737,-1.383243459516086,-1.38449698541587,-0.0517407619371283,-1.20538037783049,-0.449977022773218,0,0,0.12410971645994638
1.6614915537224662,0.0558750553612939,-0.7904807747785566,-0.9990359256007172,1.4771515340637245,-0.7904197960249194,-0.7904794415036949,-0.785889850843727,-1.186043207894623,-0.8208292056470788,-1.7763568394002505e-15,-0.1129899382258561,0.0077703031421202,-0.1489483616017483,0.0071134991065408,0.0879145758327841,0.08790960490219,-0.8299022539201064,0.7516283835227737,-1.2817709466446143,-1.2815093068494885,-0.1059069567247389,-0.5626062820852982,0.1129899382258506,0,0,0.3092372376358872
1.5169738136798052,1.4276030920542722,-0.7904807747785566,-0.4593542191250229,-0.7130678878616259,-0.7904197960249194,-0.7904794415036949,-0.785889850843727,-0.9093568183791146,-0.8208292056470788,-1.7763568394002505e-15,-0.2512625251379037,0.195610024547217,-1.5118705256623592,0.1967742488289299,-1.4620873659377147,-1.4620924192412668,0.6967955011812061,0.7516283835227737,1.2939144298242802,1.2931826573100509,-1.4808120602391135,0.584102704724124,0.2512625251379026,0,0,0.13979356035228505
1.227938333594483,0.2844963948101236,-0.7904807747785566,-0.0415361237890011,-0.1900098154547527,-0.7904197960249194,-0.7904794415036949,-0.785889850843727,-0.6951480006896886,-0.8208292056470788,-1.7763568394002505e-15,0.4401004094223565,1.1817685619239655,-1.6695004515480718,1.1849637345069584,0.2184064086959848,0.218411572122788,1.0234265581363209,0.7516283835227737,1.590759392851271,1.5900294955307974,-1.6392683912595865,-0.053529198255106,-0.4401004094223572,0,0,0.09370087880471151
-1.228863247130756,-1.430163651056099,-0.7904807747785566,-0.6943768977515345,-0.3673527239093258,-0.7904197960249194,-0.7904794415036949,-0.785889850843727,-1.0298492783294164,-0.8208292056470788,-1.7763568394002505e-15,0.0845423287913611,1.1348086315726928,-0.2777435449473914,1.1418220189048696,-0.209122712322257,-0.2091175716159637,-0.3701992848721672,0.7516283835227737,-1.0397009470333178,-1.0391853572815315,-0.2351243219021483,-1.3065101688944,-0.0845423287913664,0,0,0.1355545394432878
-1.228863247130756,1.3132924223298572,-0.7904807747785566,-0.6486780435741578,-1.5963321789972431,-0.7904197960249194,-0.7904794415036949,-0.785889850843727,-1.0064201888946358,-0.8208292056470788,-1.7763568394002505e-15,0.4598536361240761,0.0703835436104867,-0.1912393173271834,0.0701980832416701,1.2195780320777336,1.219578184999297,-0.7186057456242895,0.7516283835227737,-1.2022589029766704,-1.2027540232399023,-0.1483506168195084,-0.5574640893193364,-0.4598536361240789,0,0,0.20252944146710483
1.6614915537224662,-1.3158529813316842,-0.7904807747785566,-0.1416383757965898,-0.9683864720180154,-0.7904197960249194,-0.7904794415036949,-0.785889850843727,-0.7464688632611136,-0.8208292056470788,-1.7763568394002505e-15,0.5586197696326847,-1.745400429972101,-0.1239582514003549,-1.7527428996050711,0.4396652615076846,0.4396755004043055,-0.437944985573969,0.7516283835227737,-1.331245107149113,-1.32997409676308,-0.0794975682213268,1.0143328328095718,-0.5586197696326873,1,1,0.8527430134665694
1.6614915537224662,-0.9729209721584398,-0.7904807747785566,-0.2156269968456769,-1.2713185218684342,-0.7904197960249194,-0.7904794415036949,-0.785889850843727,-0.7844016747269494,-0.8208292056470788,-1.7763568394002505e-15,0.0746657154405013,0.3677964358352201,-0.3065782874874608,0.3603871702632656,0.1824034233774991,0.1824085848909687,-0.4185890710877404,0.7516283835227737,-0.9851784028038704,-0.9846624686287416,-0.2642285459671332,-0.643167302085362,-0.0746657154405055,0,0,0.18069792190708545
-1.228863247130756,-0.2870569538119506,-0.7904807747785566,0.9877761631585924,-0.6654544221675966,-0.7904197960249194,-0.7904794415036949,-0.785889850843727,-0.1674356529443846,-0.8208292056470788,-1.7763568394002505e-15,0.0993572488176562,0.8843556696992323,-0.2066178466818871,0.8805297413903332,0.5636755442713557,0.563675662335782,-0.5323050686943355,0.7516283835227737,-1.1760073076069364,-1.1754925789135071,-0.1623637617396863,-1.1779553497453616,-0.0993572488176578,0,0,0.08289210545918863
0.9389028535091608,1.0846710828810275,-0.7904807747785566,1.5209294618946618,1.48681223724802,-0.7904197960249194,-0.7904794415036949,-0.785889850843727,0.1059037237947268,-0.8208292056470788,-1.7763568394002505e-15,0.5487431562818249,0.4460629864206776,-1.6848789809027755,0.438530655127426,-1.3356718204417988,-1.335681930738433,1.7299174368836778,0.7516283835227737,1.621302114387212,1.6203199892267923,-1.6555721464071012,0.7846482225966234,-0.5487431562818265,0,0,0.18790250134422415
0.7943851134664996,1.7705351012275166,-0.0863424021251332,-1.3580983512801104,0.8071127632100653,-0.0837203300671322,-0.0861351233072274,-0.105612860442438,-0.7698979526958947,-0.1232252750451706,-1.7763568394002505e-15,0.6524475964658634,-0.2583359688484313,-0.473819794219863,-0.2541787784079956,-0.1390156333160095,-0.1390155525952451,-0.2637417551979083,0.7516283835227737,0.6300519699935087,0.6298208453677693,-0.4331947356777394,0.025317757489637,-0.6524475964658654,0,0,0.2542165972830266
-1.517898727216078,-0.1727462840875357,-0.7904807747785566,0.6939978148754521,1.4481694245108367,-0.7904197960249194,-0.7904794415036949,-0.785889850843727,-0.3180512278822623,-0.8208292056470788,-1.7763568394002505e-15,-2.7697989296074232,-1.2601478163422708,-0.2892774419634191,-1.2655671111550717,0.5372936098818596,0.5373038539668206,-0.6532795342332667,0.7516283835227737,-1.0172356394572957,-1.0179820116943354,-0.2471163401511467,0.6492371464263031,2.76979892960742,1,0,0.4418398316423346
1.5169738136798052,0.6274284039833682,-0.7904807747785566,-1.4429676518952397,0.4255149874303806,-0.7904197960249194,-0.7904794415036949,-0.785889850843727,-1.413640076689638,-0.8208292056470788,-1.7763568394002505e-15,0.4104705693697718,-1.0879614050542676,-1.240823945785707,-1.0816043238706938,0.4758201581566294,0.4758101441295188,0.6484057149656329,0.7516283835227737,0.782260739300716,0.7812733138477421,-1.2076904760737242,1.4737020532354694,-0.4104705693697746,0,0,0.1708923817078631
-0.7953100270027725,0.3988070645345384,-0.7673680955825054,-0.5659848788722364,0.962374064386248,-0.7642457417301824,-0.7666840253484088,-0.7638953494423919,-0.9439426170685532,-0.7949920230321893,-1.7763568394002505e-15,0.5487431562818249,-0.665322031892804,-0.558401705670733,-0.6713510283338517,0.8816512774744861,0.8816564761486292,-0.1330893324158619,0.7516283835227737,-0.4662045558791303,-0.4666950264272342,-0.5188905065357502,0.4692603996176493,-0.5487431562818265,0,0,0.21668005842331847
-0.6507922869601114,-0.8586103024340248,-0.0226843774311395,-0.6116837330496139,-1.633594891279527,-0.0313722214776675,-0.021887499687955,-0.0431226005786452,-0.3325549499133167,-0.0715509098154006,-1.7763568394002505e-15,-0.2315092984361842,-0.3366025194338859,0.0298270421466815,-0.3359852391251633,0.012085503379292,0.0120957195527099,-0.9508767194590376,0.7516283835227737,-0.2279208440615456,-0.227400126228877,0.0746470259006297,-0.4220530131490162,0.2315092984361809,0,0,0.3744774552177803
-1.373380987173417,0.3988070645345384,-0.7904807747785566,-0.3897178699023526,-0.4846612625757752,-0.7904197960249194,-0.7904794415036949,-0.785889850843727,-0.8736553487642104,-0.8208292056470788,-1.7763568394002505e-15,0.1042955554930861,-1.3697209871619105,-0.0951235088602855,-1.362839469918271,1.1060496311156494,1.1060497780038825,-0.7911904249476484,0.7516283835227737,-1.3860200705648078,-1.3875260347854694,-0.0502586023782633,0.5669620621709186,-0.1042955554930881,1,0,0.18765052666266413
-1.0843455070880947,-0.8586103024340248,-0.7904807747785566,1.3838328993625293,-1.46453258555435,-0.7904197960249194,-0.7904794415036949,-0.785889850843727,0.0356164554903836,-0.8208292056470788,-1.7763568394002505e-15,0.3363959692383125,0.1173434739617595,-0.1854723688191695,0.1227007371347782,-0.3606036273437012,-0.3606035583989619,-0.8057073608123199,0.7516283835227737,-1.2141226047303,-1.2148702207183002,-0.1420177532498127,-0.6311688522981184,-0.3363959692383182,0,0,0.135026653472032
0.6498673734238385,-1.544474320780514,0.4350147261047053,0.3458160687621014,-0.4632697055248343,0.4397607558275239,0.4349844904935374,0.411387301908941,0.5488250812046332,0.3935183772525381,-1.7763568394002505e-15,0.1833084622999697,-1.6671338793866464,0.1778453871857042,-1.662389495230886,-1.0409132022436238,-1.0409030420305367,-0.8686140828925644,0.7516283835227737,0.3629924709437154,0.3632645008430172,0.22447988312407,0.621812118341175,-0.183308462299975,1,1,0.5414801886232904
-0.9398277670454336,0.9703604131566128,-0.7904807747785566,0.1238502056148401,0.4620876494852148,-0.7904197960249194,-0.7904794415036949,-0.785889850843727,-0.6103570103542911,-0.8208292056470788,-1.7763568394002505e-15,0.4894834761766554,0.7278225685283201,-0.3008113389794469,0.7242427716620129,-0.1591185660465822,-0.1591184863941654,-0.3726187741829462,0.7516283835227737,-0.9972945237437476,-0.9967786661071394,-0.2577609406193587,-0.9414144825111312,-0.4894834761766612,0,0,0.06624774802402826
-0.6507922869601114,0.1701857250857087,-0.1149256928183245,1.0922306869925986,-0.3238795595799945,-0.1098943843618599,-0.1146896226935707,-0.1335588151641341,0.4618027490183038,-0.149062457660051,-1.7763568394002505e-15,0.6425709831150036,0.759129188762502,-0.0432209722881608,0.7543605731200745,0.300413208588088,0.3004133126617597,-0.9024869332434652,0.7516283835227737,-0.239027288256433,-0.2395163237072749,0.0021559492943249,-1.280799205064592,-0.6425709831150045,0,0,0.07384400384845961
1.6614915537224662,1.6562244315031018,-0.7904807747785566,1.1596909003020592,1.4095266117736545,-0.7904197960249194,-0.7904794415036949,-0.785889850843727,-0.0792976498325897,-0.8208292056470788,-1.7763568394002505e-15,0.6326943697641384,0.9782755304017808,-0.1258805675696929,0.980244084055538,-0.0638448432945013,-0.0638396948675948,-0.5540804724913431,0.7516283835227737,-1.3282160769141436,-1.3269450473934803,-0.0811144695582704,-1.320222682936964,-0.6326943697641436,0,0,0.3806859384567314
1.5169738136798052,-0.4013676235363654,-0.7904807747785566,1.6232078498154583,0.7739903522924794,-0.7904197960249194,-0.7904794415036949,-0.785889850843727,0.1583402572916173,-0.8208292056470788,-1.7763568394002505e-15,0.4697302494749358,1.1348086315726928,-1.1581643505041754,1.1324610806138502,-0.5410742879274997,-0.5410742285736524,0.4887194204542445,0.7516283835227737,0.6260132630135496,0.6267917959981698,-1.12428531544305,-0.4889015191065162,-0.4697302494749397,0,0,0.06619888104332965
1.5169738136798052,-0.5156782932607803,-0.7904807747785566,-1.1165472649139732,-0.929743659280832,-0.7904197960249194,-0.7904794415036949,-0.785889850843727,-1.246289437869774,-0.8208292056470788,-1.7763568394002505e-15,0.7166455832464573,0.2425699548984898,-1.3388620704219432,0.2447999322350288,-0.1419779042599331,-0.1419727599853131,0.7113124370458767,0.7516283835227737,0.9660219068888536,0.9660453253933096,-1.3057824905149693,0.43669317876656,-0.7166455832464611,0,0,0.08020433743802528
1.0834205935518215,0.6274284039833682,-0.7904807747785566,0.4546228644225244,-0.5426254816815498,-0.7904197960249194,-0.7904794415036949,-0.785889850843727,-0.4407750296834953,-0.8208292056470788,-1.7763568394002505e-15,0.0499741820633519,-2.1367331828993827,-1.3215612248979016,-2.130843407098848,1.0435634371873628,1.0435635807548456,0.6121133753039539,0.7516283835227737,0.9357316045391604,0.935754831697315,-1.289613477145533,2.399296751108545,-0.0499741820633534,1,0,0.20556577523073752
1.0834205935518215,-0.1727462840875357,-0.7904807747785566,-0.0502406674418355,-1.479023640330794,-0.7904197960249194,-0.7904794415036949,-0.785889850843727,-0.6996106843915519,-0.8208292056470788,-1.7763568394002505e-15,-3.2043699170453026,-1.541907398449916,-1.4042208201794335,-1.5382553135456314,0.307071988573154,0.3070771567119811,0.3822618907799839,0.7516283835227737,1.0899597273363473,1.0902363495468872,-1.3719407035515785,1.8885056030230332,3.2043699170452973,1,1,0.6274203934515206
-1.0843455070880947,-0.0584356143631209,-0.7904807747785566,0.1651967879658009,1.3950355569972102,-0.7904197960249194,-0.7904794415036949,-0.785889850843727,-0.5891592627704415,-0.8208292056470788,-1.7763568394002505e-15,0.3759024226417571,-1.8236669805575585,-0.1047350897069753,-1.825595419348221,-0.4669921957742756,-0.4669820050608558,-0.474237325235648,0.7516283835227737,-1.3686031467137345,-1.3693517385678726,-0.059555785065689,1.0520422464266237,-0.3759024226417615,1,0,0.4238993529939828
-0.9398277670454336,0.6274284039833682,-0.7904807747785566,1.009537522290677,1.4536898263304343,-0.7904197960249194,-0.7904794415036949,-0.785889850843727,-0.1562789436897269,-0.8208292056470788,-1.7763568394002505e-15,0.3265193558874528,0.7121692584112291,-0.0797449795055819,0.7108118602009849,-0.0800740370984025,-0.0800739532452622,-0.5081101755865489,0.7516283835227737,-1.4145434386107687,-1.4147874791118644,-0.0350327814553778,-1.109392779532541,-0.3265193558874574,0,0,0.14042465584927366
1.5169738136798052,0.3988070645345384,-0.7904807747785566,1.083526143339765,-0.1644779570391139,-0.7904197960249194,-0.7904794415036949,-0.785889850843727,-0.1183461322238906,-0.8208292056470788,-1.7763568394002505e-15,0.5734346896589744,1.2130751821581502,-1.5291713711864008,1.2122325547460142,-0.6546786445548153,-0.6546634001044788,0.7016344798027624,0.7516283835227737,1.3269813432226951,1.3265022003756448,-1.4984632331674148,-0.257502844638247,-0.5734346896589787,0,0,0.07822482769583951
-0.9398277670454336,-1.0872316418828545,-0.7904807747785566,0.9246682216755476,-0.1127241899803863,-0.7904197960249194,-0.7904794415036949,-0.785889850843727,-0.1997901097828915,-0.8208292056470788,-1.7763568394002505e-15,0.3759024226417571,0.7904358089966839,-0.2219963760365906,0.7966882940881611,0.6485939779972355,0.6485839731519779,-0.4887542611003203,0.7516283835227737,-1.1457170052572432,-1.1452020852175129,-0.1785327751091223,-1.085395879958054,-0.3759024226417615,0,0,0.07802942962647759
0.6498673734238385,-0.2870569538119506,0.4552743112663629,-1.02297342064601,-1.249926964817493,0.4659348101222609,0.4564003650332948,0.4316998708501737,-0.1361968670313432,0.4193555598674277,-1.7763568394002505e-15,-0.1228665515767158,-0.2270293486142494,0.0644287331947647,-0.2273169554859405,0.006211598601592,0.0062116870402803,-0.6968303418272819,0.7516283835227737,0.5990044100850732,0.5995303516717748,0.1111620477599393,-0.464904619532029,0.1228665515767114,0,0,0.12485148840695413
-0.9398277670454336,1.1989817526054425,-0.7904807747785566,-1.6888710100877935,1.2149324476328385,-0.7904197960249194,-0.7904794415036949,-0.785889850843727,-1.5397108912672688,-0.8208292056470788,-1.7763568394002505e-15,0.4252854893960614,-0.8531617532978981,-0.1297251999083688,-0.8516508397652218,-0.5121351794752997,-0.5121300548722346,-0.5637584297344573,0.7516283835227737,-1.319886243767978,-1.3208869486542811,-0.0855609482348653,0.2224351468514961,-0.4252854893960657,0,0,0.25501895259846075
-1.228863247130756,0.741739073707783,-0.7904807747785566,-1.3668028949329438,0.7643296491081835,-0.7904197960249194,-0.7904794415036949,-0.785889850843727,-1.3745915942983362,-0.8208292056470788,-1.7763568394002505e-15,-0.0092854980418175,1.0565420809872357,-0.2700542802700396,1.059608560870701,0.0656595659207236,0.0656495300961311,-0.6000507693961372,0.7516283835227737,-1.054088840649422,-1.054330604129529,-0.2274440405516662,-1.3065101688944,0.0092854980418116,0,0,0.08557831907760527
-0.3617568068747892,-0.5156782932607803,0.972600462603572,1.349014724751195,-0.6288817601127624,0.9632418417221892,0.9727608956030024,0.9562040395620084,1.5205744572853102,0.910262029550256,-1.7763568394002505e-15,0.1487403155719605,0.1799567144301261,1.4004384708846442,0.1833433373679024,-1.9079724393862647,-1.9079724526745496,0.0338554300278625,-1.3304447010278462,-0.9208115103107728,-0.9210524318671528,1.4584450867681944,0.054456849830086,-0.1487403155719618,0,0,0.12616990344499435
-0.6507922869601114,-1.6587849905049288,-0.1684801001061169,-0.6573825872269914,1.040349740088064,-0.1622424929513339,-0.1694190798507286,-0.1859574802673145,-0.4809391830002629,-0.2007368228898301,-1.7763568394002505e-15,0.4944217828520907,-2.0271600120797437,0.1105643212588757,-2.020547134191621,1.0627295833801176,1.0627246642548749,-0.6702159594087171,0.7516283835227737,-0.6328012188024419,-0.6332927417552043,0.1569742523066747,1.0229031540861746,-0.4944217828520918,1,1,0.700950011326352
1.6614915537224662,1.4276030920542722,-0.7904807747785566,-0.7335473441892865,-1.0235904902139912,-0.7904197960249194,-0.7904794415036949,-0.785889850843727,-1.0499313549878002,-0.8208292056470788,-1.7763568394002505e-15,0.2475064490805691,0.915662289933414,-0.3085006036567987,0.9094265508973928,-3.0013289218007926,-3.0013391206167364,-0.0459877172278316,0.7516283835227737,-0.9808872766376638,-0.9816334192591422,-0.26651915619447,-0.9979786029367078,-0.2475064490805704,0,0,0.22438219017653607
-1.517898727216078,-1.430163651056099,-0.7904807747785566,-1.6845187382613769,-0.4536090023405384,-0.7904197960249194,-0.7904794415036949,-0.785889850843727,-1.5374795494163374,-0.8208292056470788,-1.7763568394002505e-15,0.4055322626943419,-0.0078830069749707,-0.252753434745998,-0.0075384043054892,1.27743093042706,1.2774260227118577,-0.7621565532183047,0.7516283835227737,-1.0869033348615895,-1.087650147195123,-0.2099276094014439,-0.464904619532029,-0.405532262694344,0,0,0.13202173251102792
0.7943851134664996,1.1989817526054425,-0.0864732779982705,-0.0415361237890011,-0.9304337095082816,-0.0837203300671322,-0.0861351233072274,-0.1057422398624458,-0.0949170427891104,-0.1232252750451706,-1.7763568394002505e-15,-0.1623730049801604,0.6652093280599536,-0.7352547932498249,0.6652281606968917,-0.4068353089130095,-0.406835242425194,-0.0508266958493896,0.7516283835227737,1.1005613331587398,1.0993234976556854,-0.6960759447091532,-0.5214687399576056,0.1623730049801549,0,0,0.1760583455688284
-0.3617568068747892,1.3132924223298572,1.0458386012112175,0.9877761631585924,0.951333260747053,1.0417640046063816,1.0465266856843891,1.0313734825865706,1.3978506554840764,0.9877735773949065,-1.7763568394002505e-15,0.0845423287913611,1.0721953911043265,1.4561856397954451,1.0762954508677351,-0.0015105606966738,-0.0015155363796573,0.1959612138500308,-1.3304447010278462,-0.8890066928435951,-0.8877328888015589,1.5149018917831416,-0.6174563382555546,-0.0845423287913664,0,0,0.23268390602593306
-1.6624164672587392,0.0558750553612939,-0.7904807747785566,-1.7128085051330866,-0.2534944363801253,-0.7904197960249194,-0.7904794415036949,-0.785889850843727,-1.551983271447392,-0.8208292056470788,-1.7763568394002505e-15,-5.0809264537088605,1.244381802392332,-0.1085797220456512,1.247234324008086,-0.1515989551889262,-0.1515938114256024,-0.8540971470278921,0.7516283835227737,-1.3600208943813212,-1.3602645904590744,-0.0641370055203626,-1.6407526986818994,5.08092645370886,0,0,0.17883438910237082
-1.228863247130756,-0.4013676235363654,-0.7904807747785566,1.3359579092719438,-1.0601631522688255,-0.7904197960249194,-0.7904794415036949,-0.785889850843727,0.011071695130137,-0.8208292056470788,-1.7763568394002505e-15,-0.2512625251379037,-0.7905485128295343,-0.1797054203111557,-0.7849032797770849,-0.5909265228727153,-0.5909315298794886,-0.851677657717114,0.7516283835227737,-1.2247242105526923,-1.2239573688270986,-0.1363585985705101,0.1178772272769451,0.2512625251379026,0,0,0.1791181182971923
-0.7953100270027725,-0.5156782932607803,-0.7631800676421111,-0.0545929392682523,0.6442609095319359,-0.7642457417301824,-0.7643044837328803,-0.7598845874221486,-0.6784129368077024,-0.7949920230321893,-1.7763568394002505e-15,0.4598536361240761,0.7747824988795929,-0.4988099044212564,0.7775594201891218,0.0165162505176424,0.0165112757926744,-0.2951951162380302,0.7516283835227737,-0.5729778716617983,-0.5727117543632152,-0.4578524810661293,-0.8351424986812594,-0.4598536361240789,0,0,0.05872594787401287
-0.3617568068747892,-0.9729209721584398,1.0837664292464138,0.1347308851808825,1.6593247941104454,1.0941121131958464,1.084599351532847,1.0704460674289418,0.9928621095400052,1.0394479426246763,-1.7763568394002505e-15,-0.241385911787044,0.2738765751326718,1.3696814121752372,0.2679987793040762,0.8976779228377775,0.8976780586523533,0.2612874252410527,-1.3304447010278462,-0.6762173188370018,-0.675699432929597,1.427723961366266,0.0270318217449578,0.2413859117870418,0,0,0.2423609290463706
0.7943851134664996,-0.4013676235363654,-0.1247413833036236,-1.3929165258914455,0.996186525531283,-0.1360684386565969,-0.1242077891556851,-0.1432622716647231,-0.8201031443418538,-0.1748996402749406,-1.7763568394002505e-15,-0.261139138488769,-1.4010276073960948,-0.6756629920003484,-1.4031322043013537,-1.4971029276082244,-1.4970927916387824,0.7161514156674347,0.7516283835227737,0.9168001655706024,0.917580535479718,-0.6369243041326331,1.3999972902566868,0.2611391384887635,1,1,0.8532107040400615
-1.373380987173417,-1.430163651056099,-0.7904807747785566,-1.571359670774538,0.1101620334858672,-0.7904197960249194,-0.7904794415036949,-0.785889850843727,-1.4794646612921178,-0.8208292056470788,-1.7763568394002505e-15,0.5931879163606993,-0.0548429373262435,-0.2181517436979147,-0.0547500930775862,0.8834995319950555,0.8834996670561375,-0.7234447242458466,0.7516283835227737,-1.1537944192171614,-1.1542892333263113,-0.1742210382106061,-0.4374795914469008,-0.5931879163607005,0,0,0.12631228814175213
-1.517898727216078,-0.1727462840875357,-0.7904807747785566,-1.2035927014423105,1.7186691136711196,-0.7904197960249194,-0.7904794415036949,-0.785889850843727,-1.2909162748884042,-0.8208292056470788,-1.7763568394002505e-15,-3.303136050553911,0.1016901638446686,-0.1354921484163826,0.1007228820167328,-0.156384162098342,-0.1563942097231781,-0.8444191897847778,0.7516283835227737,-1.307265284455606,-1.3087707511758837,-0.092298037138797,-0.6551657518726056,3.3031360505539062,0,0,0.18889837210086668
1.227938333594483,0.6274284039833682,-0.7904807747785566,0.0019865944751675,-0.0333684138236703,-0.7904197960249194,-0.7904794415036949,-0.785889850843727,-0.6728345821803735,-0.8208292056470788,-1.7763568394002505e-15,0.0203443420107671,-0.9627349241175376,-1.3311728057445915,-0.955435155600435,0.6232247858107922,0.6232350344624574,0.5153338028728093,0.7516283835227737,0.9508767557140068,0.950900078545312,-1.297697983830251,1.387998840469444,-0.0203443420107709,0,0,0.08949178824848603
0.0717964132531941,-1.430163651056099,1.7541388266304077,0.7005262226150777,1.6469038900163513,1.7484634705641688,1.7532505454963851,1.769871211991393,1.855275734925038,1.6853775079968143,-1.7763568394002505e-15,-0.0882984048487011,0.9000089798163232,1.3139342432644363,0.9065775696783868,0.404371195731337,0.4043713053297283,0.2201561069578173,-1.3304447010278462,0.7534849520685076,0.754011869521347,1.3724798323540264,-0.5574640893193364,0.0882984048486985,0,0,0.27684404870031054
-0.9398277670454336,-0.4013676235363654,-0.7904807747785566,-1.5670073989481212,-0.3135288061682491,-0.7904197960249194,-0.7904794415036949,-0.785889850843727,-1.4772333194411864,-0.8208292056470788,-1.7763568394002505e-15,0.5734346896589744,0.9313156000505052,-0.2777435449473914,0.9305904113814362,0.7354872590190631,0.7354975136367813,-0.6000507693961372,0.7516283835227737,-1.0384388511020806,-1.0391853572815315,-0.2357980307925415,-1.1933819280432465,-0.5734346896589787,0,0,0.05590819311355782
-0.7953100270027725,-1.430163651056099,-0.7492286995656725,1.0400034250755954,-0.70409723490478,-0.7380716874354547,-0.7500272340397086,-0.7465585071613398,-0.1049580811183018,-0.7691548404173089,-1.7763568394002505e-15,-0.2117560717344647,-2.0115067019626527,-0.341179978535544,-2.014035177119608,-0.0604268383592037,-0.0604368808845029,-0.3508433703859386,0.7516283835227737,-0.8450857544365403,-0.8453261976271664,-0.2996656336018138,1.398283226001367,0.2117560717344592,1,1,0.640134871340304
0.6498673734238385,-1.6587849905049288,0.499117728767366,1.4882874231965355,0.8802580873197338,0.4921088644169886,0.4992321141128097,0.4756888736528437,1.1892201924219796,0.445192742482308,-1.7763568394002505e-15,0.6475092897904335,-1.025348164585904,0.2451264531125326,-1.0205547263205683,-2.5470887251770664,-2.547093836141686,6.452760571523553,-1.3304447010278462,0.3791472988635517,0.3784097476910145,0.2930634481660944,2.14561524132111,-0.6475092897904351,1,1,4.089510832184956
0.9389028535091608,-0.0584356143631209,-0.7904807747785566,1.6406169371211257,-1.6246242383226808,-0.7904197960249194,-0.7904794415036949,-0.785889850843727,0.1672656246953432,-0.8208292056470788,-1.7763568394002505e-15,0.7117072765710275,0.5399828471232233,-1.434977878888841,0.54272196827964,0.657759294934851,0.6577594179992432,0.5201727814943655,0.7516283835227737,1.1472588826145165,1.1477882875692769,-1.4025270871754278,0.1932960545110472,-0.7117072765710305,0,0,0.1465760631239774
0.5053496333811774,1.4276030920542722,1.0523562196934562,-1.266700642925356,-0.1016833863411909,1.0417640046063816,1.0512857689154465,1.0381012124269786,0.2475939313288778,0.9877735773949065,-1.7763568394002505e-15,0.1339253955456654,1.1817685619239655,0.8929470021794239,1.1853707318239592,0.2211914497543756,0.2211864859066191,-0.2008350331176637,-1.3304447010278462,0.1913474242954548,0.190608686775848,0.946695813625545,-1.1813834782560029,-0.1339253955456707,0,0,0.14382530454199274
-0.2172390668321281,-0.0584356143631209,1.3760122539620556,1.5318101414607035,0.0653087687016368,1.3820267104379067,1.3749034286273367,1.3730645308273093,1.9590331309933533,1.3236569513884158,-1.7763568394002505e-15,-0.1376814716030055,1.1191553214556018,1.202439905442835,1.111704217446808,1.2854315938311671,1.2854368139637196,0.0120800262308558,-1.3304447010278462,0.2160845045477042,0.2148410817326437,1.2587577716556595,-0.8608534625110669,0.1376814716030028,0,0,0.10446423161055107
-1.373380987173417,0.3988070645345384,-0.7904807747785566,1.142281812996392,1.14247717375062,-0.7904197960249194,-0.7904794415036949,-0.785889850843727,-0.0882230172363156,-0.8208292056470788,-1.7763568394002505e-15,0.4796068628257956,-1.9802000817284704,-0.248908802407322,-1.9745564373705269,-0.0552618531236381,-0.0552718953744529,-0.3508433703859386,0.7516283835227737,-1.0924565569590332,-1.093708245934322,-0.206963290283714,1.3057237562140591,-0.4796068628258004,1,0,0.4023554476787687
0.5053496333811774,0.8560497434321979,0.9667110483123924,-1.536541496163203,-1.1201975220569491,0.9632418417221892,0.9656222707564164,0.9502525862416468,0.0367321264158492,0.910262029550256,-1.7763568394002505e-15,0.3512108892646077,-1.041001474702995,0.8545006787926648,-1.0396836002196077,-0.3276641871894477,-0.3276793076280347,4.417970061158729,-1.3304447010278462,0.1146119916762328,0.1148824525358616,0.906946989092348,1.975922880044379,-0.3512108892646094,1,1,1.3988835648105742
-1.517898727216078,-1.6587849905049288,-0.7904807747785566,0.4023956025055213,-0.1403261990783743,-0.7904197960249194,-0.7904794415036949,-0.785889850843727,-0.4675511318946737,-0.8208292056470788,-1.7763568394002505e-15,0.3314576625628826,0.3521431257181292,-0.1912393173271834,0.3563171970932575,0.972190430427302,0.972195633913036,-0.5927923014638011,0.7516283835227737,-1.2025113221629176,-1.2027540232399023,-0.1482158750414298,-0.7631517999577977,-0.3314576625628877,0,0,0.13181783787496698
0.6498673734238385,1.7705351012275166,0.507624660521292,-0.9576893432497564,0.2599029328424524,0.5182829187117256,0.5087502805749241,0.4842279153733619,-0.059215573174206,0.4710299250971976,-1.7763568394002505e-15,-0.0142238047172474,-0.0861495575604254,0.2335925560965049,-0.0783559374636346,1.1713968217675548,1.1713817809947318,-0.9702326339452662,-1.3304447010278462,0.3852053593334902,0.3844678464302132,0.2809366881390174,-0.7597236714471567,0.0142238047172422,0,0,0.24330043165116963
0.9389028535091608,0.0558750553612939,-0.7904807747785566,0.7832193873169991,-0.8855804447240511,-0.7904197960249194,-0.7904794415036949,-0.785889850843727,-0.2723087199381658,-0.8208292056470788,-1.7763568394002505e-15,0.7117072765710275,1.0252354607530534,-1.260047107479087,1.0233857996576268,1.1592185967758577,1.159208619067124,0.653244693587191,0.7516283835227737,0.8191139404928424,0.817621906282936,-1.2273627756732044,-0.2849278727233752,-0.7117072765710305,0,0,0.11826611148927811
-0.2172390668321281,-0.8586103024340248,1.5767496681800806,0.9768954835925509,1.0520805939547089,1.5652450905010378,1.577164465947268,1.582917950080046,1.8452346965958455,1.504517229692615,-1.7763568394002505e-15,-0.0981750181995609,0.7121692584112291,1.2601093905229737,0.7161028253219961,1.3084714789505898,1.3084767003075704,-0.1258308644835266,-1.3304447010278462,0.5033375384972931,0.5026007718445921,1.3177746704541011,-0.5300390612342083,0.0981750181995594,0,0,0.1277825083917287
-1.228863247130756,-1.2015423116072694,-0.7904807747785566,1.4186510739738654,1.39434550676976,-0.7904197960249194,-0.7904794415036949,-0.785889850843727,0.0534671902978362,-0.8208292056470788,-1.7763568394002505e-15,0.5684963829835444,-1.4479875377473677,-0.1470260454324104,-1.4458669225864416,0.602792711864224,0.6027877682962003,-0.8323217432308846,0.7516283835227737,-1.2873241687420582,-1.2875674055886872,-0.102942637607009,0.6578074677029059,-0.5684963829835482,1,0,0.29646858001308346
0.0717964132531941,1.5419137617786869,1.8161478153228716,-0.8641154989817935,1.132816470566324,1.8269856334483705,1.8151186275001288,1.8354665779353745,1.1044292020865814,1.762889055841474,-1.7763568394002505e-15,-0.1129899382258561,-0.3052958991997041,1.237041596490918,-0.2981344886440857,-0.6648060665853295,-0.6648009500957733,0.1548298955667937,-1.3304447010278462,1.0223113854220327,1.023597263415699,1.2935211503999473,0.3886993796175855,0.1129899382258506,0,0,0.19344757338379712
0.9389028535091608,1.0846710828810275,-0.7416902492729628,1.0791738715133474,1.519244597938156,-0.7380716874354547,-0.7405090675775942,-0.7394426390609078,-0.0792976498325897,-0.7691548404173089,-1.7763568394002505e-15,0.1981233823262649,0.1799567144301261,-1.527249055017063,0.1764243829788881,-0.2544429259088174,-0.2544377876110109,0.5734015463314968,0.7516283835227737,1.4092699979393608,1.40828653335483,-1.4953641722716065,0.5755323834475212,-0.1981233823262662,0,0,0.14997569869774058
1.6614915537224662,-0.6299889629851951,-0.7904807747785566,-0.4158315008608542,-0.3721830755014738,-0.7904197960249194,-0.7904794415036949,-0.785889850843727,-0.8870433998697995,-0.8208292056470788,-1.7763568394002505e-15,-0.1524963916292951,-0.11745617779461,-0.1547153101097622,-0.1105087255067006,0.1406531260566955,0.140653221640113,-0.8637751042710072,0.7516283835227737,-1.2714217600084692,-1.27242215874069,-0.1114313696259629,-0.4700468122979907,0.152496391629294,0,0,0.21612015019033048
-0.9398277670454336,0.2844963948101236,-0.7904807747785566,-0.9598654791629652,1.1831901371701523,-0.7904197960249194,-0.7904794415036949,-0.785889850843727,-1.1659611312362397,-0.8208292056470788,-1.7763568394002505e-15,0.4598536361240761,-0.7279352723611677,-0.2892774419634191,-0.7234466849099588,0.6040080025078867,0.6040131864270162,-0.5395635366266717,0.7516283835227737,-1.0184977353885327,-1.0179820116943354,-0.2464426312607535,0.2241492111068163,-0.4598536361240789,0,0,0.1544676160190063
-0.3617568068747892,0.1701857250857087,1.1631295587168862,1.4534692485851997,-1.2588976177743396,1.172634276080048,1.163124224845291,1.152213860873905,1.7370146168256673,1.1169594904693358,-1.7763568394002505e-15,-0.0290387247435371,0.4773696066548595,1.381215309191265,0.478009394876507,-0.54360614343513,-0.5435959567932648,0.3435500618075267,-1.3304447010278462,-0.5298141908134857,-0.5303050631888229,1.4401202049495003,-0.1186636399572858,0.0290387247435333,0,0,0.11982502786609099
-1.6624164672587392,1.5419137617786869,-0.7904807747785566,-0.968570022815799,-1.1981731977587655,-0.7904197960249194,-0.7904794415036949,-0.785889850843727,-1.1704238149381023,-0.8208292056470788,-1.7763568394002505e-15,0.4104705693697718,0.9000089798163232,-0.1797054203111557,0.9073915643123888,0.1513881934090428,0.151388289562962,-0.7210252349350684,0.7516283835227737,-1.22497662973894,-1.2239573688270986,-0.1362238567924314,-1.270514819532669,-0.4104705693697746,0,0,0.21283071746273383
1.6614915537224662,-0.5156782932607803,-0.7904807747785566,-0.3592519671174343,-0.2859267970702612,-0.7904197960249194,-0.7904794415036949,-0.785889850843727,-0.8580359558076897,-0.8208292056470788,-1.7763568394002505e-15,0.252444755755999,-1.213187885990998,-0.2027732143432112,-1.211029470676959,-0.6241951042429608,-0.6242001130177522,-0.5419830259374497,0.7516283835227737,-1.1805508529593902,-1.1815506776527065,-0.1599384097342709,0.5789605119581622,-0.2524447557560008,0,1,0.5803716296500769
0.7943851134664996,0.6274284039833682,-0.0540160614602144,0.2065433703167608,0.0101047505056604,-0.0575462757723952,-0.0552010823053555,-0.0739149025405141,0.0601612158506302,-0.097388092430281,-1.7763568394002505e-15,0.0549124887387818,0.1016901638446686,-1.0274468509891943,0.1019438739677354,-0.6751613556115341,-0.6751714308061482,0.3266136366320763,0.7516283835227737,1.7220173696999412,1.7233076677931738,-0.9926425982602252,0.2481461106813036,-0.0549124887387838,0,0,0.2761587259055707
-0.5062745469174503,-0.6299889629851951,0.574109604075052,-0.383189462162727,-0.2203720254625394,0.5706310273011902,0.5729979041941966,0.5512464549374295,0.2922207683475089,0.5227042903269675,-1.7763568394002505e-15,0.691954049869308,1.150461941689784,0.8371998332686232,1.1564739223168996,0.2712968702503554,0.271307100199242,-0.1911570758745494,-1.3304447010278462,-0.5944335024928309,-0.5939150999504115,0.8910474592790695,-1.1899537995326053,-0.6919540498693089,0,0,0.08177119272397267
-1.517898727216078,1.1989817526054425,-0.7904807747785566,1.5274578696342875,-1.32652254006441,-0.7904197960249194,-0.7904794415036949,-0.785889850843727,0.1092507365711242,-0.8208292056470788,-1.7763568394002505e-15,0.4055322626943419,1.0565420809872357,-0.1566376262791002,1.0567595796516949,0.5287359382660736,0.5287461818962477,-0.8419997004739996,0.7516283835227737,-1.2694024065184897,-1.2693931093710904,-0.112509303850592,-1.4470634378306817,-0.405532262694344,0,0,0.27504666179354936
-0.5062745469174503,1.0846710828810275,-0.5631232079643996,1.325077229705902,1.517864497483257,-0.5548533073723237,-0.5620434464129487,-0.5685324252305346,0.1996200815338502,0.3676811946376577,-1.7763568394002505e-15,0.0796040221159312,-0.2896425890826131,0.535396194682564,-0.2936575181570765,1.3174342474475993,1.3174394692808928,-0.849258168406335,-1.3304447010278462,-0.3490820534603176,-0.3485621010128555,-0.38482243734751,-0.1375183467658113,-0.079604022115936,0,0,0.4472619912915275
0.0717964132531941,0.2844963948101236,1.7939512672387814,0.1978388266639272,0.0929107777996247,1.8008115791536337,1.7937027529603713,1.8119195234939447,1.6299102079809542,1.7370518732265845,-1.7763568394002505e-15,-0.0142238047172474,-0.9470816140004464,1.2082068539508486,-0.9432252360904098,0.3113255058259681,0.3113306741908456,0.1209570452158929,-1.3304447010278462,1.041242824390591,1.041771559633296,1.2650906352253557,0.9046327204690596,0.0142238047172422,0,0,0.1572402807941864
0.5053496333811774,-1.6587849905049288,1.0851275383270418,-0.5703371506986532,-1.4769534896484449,1.0941121131958464,1.084599351532847,1.0718692410490285,0.6325004006145653,1.0394479426246763,-1.7763568394002505e-15,0.3314576625628826,0.1329967840788505,0.7218608631083457,0.1402016217658138,1.252770657782751,1.2527758761795795,-0.4500424321278623,-1.3304447010278462,0.5939560263601243,0.593472252932576,0.773552628794501,-0.4820452620852337,-0.3314576625628877,0,0,0.2728079387752621
0.3608318933385163,-0.4013676235363654,1.4933817369916065,0.4785603594678171,0.0673789193839855,1.4867229276168454,1.493880509403767,1.4955868415747458,1.5183431154343785,1.4270056818479648,-1.7763568394002505e-15,0.0944189421422263,0.414756366186493,1.4235062649166998,0.4128898241563736,-0.549353455437448,-0.5493685876574387,0.3556475083614192,-1.3304447010278462,0.05074993755563,0.051272415774273,1.4812164472634834,-0.0346744914465804,-0.0944189421422272,0,0,0.024422295449813326
-1.517898727216078,1.4276030920542722,-0.7904807747785566,1.6493214807739591,-0.1078938383882384,-0.7904197960249194,-0.7904794415036949,-0.785889850843727,0.1717283083972062,-0.8208292056470788,-1.7763568394002505e-15,0.608002836386989,1.0565420809872357,-0.1720161556338038,1.0498406252626813,-0.2462143955090233,-0.2462041930626373,-0.5202076221404422,0.7516283835227737,-1.2401217809137866,-1.239102615675096,-0.1281393501077134,-1.3390773897454895,-0.6080028363869916,0,0,0.19882719153635456
-1.0843455070880947,-1.0872316418828545,-0.7904807747785566,0.7636341640981223,-0.2162317240978415,-0.7904197960249194,-0.7904794415036949,-0.785889850843727,-0.282349758267358,-0.8208292056470788,-1.7763568394002505e-15,-4.720430066402441,0.6808626381770445,-0.2258410083752665,0.6815080533769248,-0.680756756283393,-0.6807617680640847,-0.5323050686943355,0.7516283835227737,-1.1383968488560674,-1.139143986478314,-0.1824402866734027,-0.9979786029367078,4.720430066402438,0,0,0.13884107871164045
0.7943851134664996,-0.5156782932607803,-0.1334053661053144,-0.3309622002457247,-1.5783908730835507,-0.1360684386565969,-0.1337259556177996,-0.1516719339652335,-0.2834654291928235,-0.1748996402749406,-1.7763568394002505e-15,0.3363959692383125,0.6652093280599536,-0.7621672196205564,0.6583092063078774,-0.2892053020285632,-0.2892052292894463,-0.1814791186314351,0.7516283835227737,1.0803677982589446,1.0811492014380886,-0.7246412016618233,-0.5334671897448492,-0.3363959692383182,0,0,0.16541651211103703
1.372456073637144,-1.0872316418828545,-0.7904807747785566,-1.2514676915328968,1.4095266117736545,-0.7904197960249194,-0.7904794415036949,-0.785889850843727,-1.315461035248651,-0.8208292056470788,-1.7763568394002505e-15,0.3117044358611631,0.399103056069402,-1.750237730660266,0.3957959368423385,0.7046998960462938,0.7047000216052863,6.082578706974424,0.7516283835227737,1.7429681621584785,1.7414819640107702,-1.7205176834410023,2.0959073779168143,-0.311704435861166,1,1,1.1993519567015583
-0.7953100270027725,0.6274284039833682,-0.7904807747785566,1.029122745509554,0.1812372069131865,-0.7904197960249194,-0.7904794415036949,-0.785889850843727,-0.1462379053605346,-0.8208292056470788,-1.7763568394002505e-15,-4.10808003864907,0.3364898156010383,-0.4411404193411177,0.3408512990472259,0.2482316665758519,0.2482469590102538,-0.3387459238320454,0.7516283835227737,-0.732254378183934,-0.7332513709519864,-0.3992398076019238,-0.5180406114469647,4.1080800386490655,0,0,0.0779908846213488
-0.6507922869601114,0.3988070645345384,-0.0700876186814776,0.4785603594678171,-0.0306082129138716,-0.0575462757723952,-0.0694783319985272,-0.0896991917814721,0.1851163595027958,-0.097388092430281,-1.7763568394002505e-15,0.1882467689753996,1.1817685619239655,0.1740007548470282,1.1894407049939677,-0.6507289499629124,-0.6507339601478136,-1.112982503281205,0.7516283835227737,-0.5772689978280048,-0.5787698531024142,0.2208418551159469,-1.8464404093203608,-0.1882467689754053,0,0,0.23958307164866835
-0.7953100270027725,-0.6299889629851951,-0.7487575464223781,0.2783558554526399,-0.1472267013528714,-0.7380716874354547,-0.7476476924241799,-0.7461703689013162,-0.4954429050313177,-0.7691548404173089,-1.7763568394002505e-15,-0.2117560717344647,0.3677964358352201,-0.5564793895013951,0.3689341139202834,0.7271321358438869,0.7271221351724447,-0.0846995462002896,0.7516283835227737,-0.4381860262056643,-0.4394335821008391,-0.5163304127522562,-0.394627985063888,0.2117560717344592,0,0,0.0872124264843021
-0.5062745469174503,-0.2870569538119506,0.4300676181001145,1.4251794817134908,-0.3639024727720775,0.4397607558275239,0.4302254072624801,0.4063415045286347,1.096619505608321,0.3935183772525381,-1.7763568394002505e-15,-0.157434698304725,0.6808626381770445,0.8583453111313406,0.6811010560599243,0.8677767092926789,0.8677819072294752,-0.6121482159500297,-1.3304447010278462,-0.950596974287971,-0.9513429255631476,0.9122019184374148,-0.8968488118727977,0.1574346983047243,0,0,0.03424998954547729
0.9389028535091608,0.1701857250857087,-0.7584685362091674,0.6178330579131578,-1.393457412127031,-0.7642457417301824,-0.7595454005018231,-0.7553563077218737,-0.3292079371369193,-0.7949920230321893,-1.7763568394002505e-15,0.0302209553616269,0.6652093280599536,-1.6983351940881413,0.661565184843884,0.5362555491237332,0.5362506020196732,0.8032530308554651,0.7516283835227737,1.70434802666262,1.705133371575577,-1.669181065993043,0.344133708979252,-0.0302209553616317,0,0,0.13452913229333832
-1.0843455070880947,0.2844963948101236,-0.7904807747785566,-1.5343653602499947,0.4241348869754814,-0.7904197960249194,-0.7904794415036949,-0.785889850843727,-1.4604982555592,-0.8208292056470788,-1.7763568394002505e-15,0.5783729963344042,-1.5106007782157314,-0.2181517436979147,-1.50366054160056,0.6656080470085025,0.6656081704900055,-0.3895551993583967,0.7516283835227737,-1.1510178081684397,-1.1512601839567116,-0.175703197769471,0.8789217566392517,-0.578372996334409,1,0,0.31558667892231523
1.6614915537224662,0.5131177342589534,-0.7904807747785566,1.1945090749133953,-1.4107086678132734,-0.7904197960249194,-0.7904794415036949,-0.785889850843727,-0.0614469150251371,-0.8208292056470788,-1.7763568394002505e-15,-0.1673113116555903,-2.0115067019626527,-0.2565980670846739,-2.0075232200475943,0.7758197172555942,0.7758249103054464,-0.7137667670027323,0.7516283835227737,-1.080340436019156,-1.081592048455924,-0.2134308956314883,1.2354471217459182,0.1673113116555852,1,1,0.9247025667534468
0.7943851134664996,-0.74429963270961,-0.1125699271018526,-0.1329338321437562,-0.6157708057912182,-0.1098943843618599,-0.112310081078042,-0.1313593650240006,-0.1640886401679872,-0.149062457660051,-1.7763568394002505e-15,0.4549153294486462,-1.6984404996208282,-1.0082236892958147,-1.7059382081499754,0.384546767106602,0.3845418119401632,0.0701477696895415,0.7516283835227737,1.5854585899400755,1.587000446161198,-0.9720271062141944,1.686246020895212,-0.4549153294486484,1,0,0.17180006472339535
1.372456073637144,-1.544474320780514,-0.7904807747785566,-1.1404847599592658,1.4033161597266068,-0.7904197960249194,-0.7904794415036949,-0.785889850843727,-1.2585618180498974,-0.8208292056470788,-1.7763568394002505e-15,0.4401004094223565,0.0860368537275777,-1.2696586883257768,0.0933969303107181,-1.724463552193315,-1.7244534283066726,5.954345773503156,0.7516283835227737,0.8345115108539363,0.8357962025005329,-1.2355820241360012,2.005061972384828,-0.4401004094223572,1,1,1.1464878808545056
0.0717964132531941,-0.6299889629851951,1.9159537561773936,-0.8075359652383743,0.9699646168881948,1.905507796332572,1.91505937535233,1.9414283229218057,1.2193433074095543,1.8404006036861336,-1.7763568394002505e-15,0.1240487821948056,-1.4479875377473677,1.3543028828205337,-1.4462739199034422,-1.398537792696228,-1.3985428426225135,0.2709653824841687,-1.3304447010278462,1.025845254029497,1.0266263127852984,1.4114202062187515,1.463417667703546,-0.1240487821948098,1,0,0.41292803600868005
0.9389028535091608,0.2844963948101236,-0.7340209231071156,-1.514780137031119,-1.5293973069346218,-0.7380716874354547,-0.7333704427310083,-0.7320680121204602,-1.40248336743498,-0.7691548404173089,-1.7763568394002505e-15,-0.1327431649275756,0.2738765751326718,-1.3657744967926746,0.2692197712550787,0.9869764665918532,0.9869715434408068,0.3701644442260914,0.7516283835227737,1.118987933754803,1.1205268432428817,-1.3335392967991675,0.3372774519579701,0.1327431649275723,0,0,0.11736033645357469
0.9389028535091608,1.7705351012275166,-0.7904807747785566,0.7614580281849144,0.2564526817052037,-0.7904197960249194,-0.7904794415036949,-0.785889850843727,-0.2834654291928235,-0.8208292056470788,-1.7763568394002505e-15,-0.1278048582521457,-2.0428133221968343,-1.3446290189299572,-2.038048018822657,1.1234181598979855,1.1234183077092474,0.6846980546273119,0.7516283835227737,0.9788952853874728,0.978161522871707,-1.3126543211969794,2.3564451447255323,0.127804858252142,1,0,0.2703996437689921
0.3608318933385163,-1.430163651056099,1.528247069595389,1.3185488219662769,0.6201091515711957,1.5390710362063105,1.5271940920211675,1.53207183801696,1.979115207651737,1.4786800470777348,-1.7763568394002505e-15,-0.0685451781469816,1.1974218720410563,1.3658367798365612,1.1967666566999828,-3.2232966941546306,-3.223291713632927,0.316935679388962,-1.3304447010278462,0.210278863264013,0.2118120323630443,1.424759642248536,-0.7408689646386312,0.0685451781469768,0,0,0.15529853616911615
1.5169738136798052,-1.6587849905049288,-0.7904807747785566,-1.5256608165971604,-1.0187601386218432,-0.7904197960249194,-0.7904794415036949,-0.785889850843727,-1.4560355718573368,-0.8208292056470788,-1.7763568394002505e-15,0.3462725825891778,0.946968910167596,-1.1504750858268236,0.948905290646474,0.9621642826170892,0.9621593581474288,0.2927407862811754,0.7516283835227737,0.6106156926524557,0.6116465491501729,-1.1160660669802531,-0.394627985063888,-0.3462725825891791,0,0,0.20425829597250447
-0.5062745469174503,-1.544474320780514,0.4685189496278599,-1.0207972847328013,1.5420162554439962,0.4659348101222609,0.4682980731109378,0.4450259511109826,-0.1239244868512199,0.4193555598674277,-1.7763568394002505e-15,0.193185075650835,0.743475878645411,0.8487337302846508,0.7413366589760475,1.184435877631845,1.1844461561083883,-0.4984322183434346,-1.3304447010278462,-0.842056724201571,-0.8422971482575671,0.90182680152536,-0.920845711447285,-0.1931850756508358,0,0,0.2466712384415735
-0.6507922869601114,0.6274284039833682,-0.6331941504421222,-1.1230756726535986,-0.3949547330073138,-0.6333754702565254,-0.6334296948788068,-0.6356803442146101,-1.1157559395902803,-0.2007368228898301,-1.7763568394002505e-15,0.1487403155719605,-0.665322031892804,0.1970685488790837,-0.6705370336998503,1.1301528955482756,1.1301530437174496,-1.0887876101734193,0.7516283835227737,-0.8052035230094444,-0.8059485558223736,-0.2088496751768148,-0.0003932063401703,-0.1487403155719618,0,0,0.14093396097516245
-0.072721326789467,-0.5156782932607803,1.8274816659365636,-1.3167517689291504,0.0646187184741867,1.8269856334483705,1.827016335577772,1.8474988639961043,0.8824106879188957,1.762889055841474,-1.7763568394002505e-15,-0.157434698304725,0.8217424292308685,1.4581079559647832,0.817445157255204,0.7446272574016052,0.7446324487937718,0.3798424014692058,-1.3304447010278462,0.6202076217298584,0.6207336972589711,1.5175967273447146,-0.3449201216595933,0.1574346983047243,0,0,0.09985492057996175
-0.6507922869601114,-1.430163651056099,-0.0409284741464822,-1.360274487193319,-0.8227858740261286,-0.0313722214776675,-0.0409238326121839,-0.0609769605397288,-0.7330808121555245,-0.0715509098154006,-1.7763568394002505e-15,0.5635580763081146,0.6965159482941382,0.0432832553320472,0.6900549970339426,1.221426286598303,1.2214213759068049,-0.8202242966769921,0.7516283835227737,-0.2667933987436515,-0.26677776803367,0.089603363267358,-1.2602304340007462,-0.5635580763081178,0,0,0.20477516215593225
1.0834205935518215,-0.1727462840875357,-0.7904807747785566,-1.6148823890387067,0.1108520837133168,-0.7904197960249194,-0.7904794415036949,-0.785889850843727,-1.5017780798014329,-0.8208292056470788,-1.7763568394002505e-15,0.5981262230361292,-1.808013670440468,-1.6829566647334375,-1.810129521302189,-0.1226598467367262,-0.1226496377241846,0.9701977932991896,0.7516283835227737,1.6160013114760154,1.6172909398571929,-1.6527425690674498,2.462717128555404,-0.5981262230361307,1,0,0.1662560762790182
-0.7953100270027725,0.0558750553612939,-0.7904807747785566,1.3446624529247777,-0.8621187369907615,-0.7904197960249194,-0.7904794415036949,-0.785889850843727,0.015534378832,-0.8208292056470788,-1.7763568394002505e-15,0.3314576625628826,0.3521431257181292,-0.4853536912358906,0.3530612185572508,0.8447874612834069,0.8447926579984678,-0.4185890710877404,0.7516283835227737,-0.6489560467222781,-0.6484379886032016,-0.4437045943678728,-0.5231828042129264,-0.3314576625628877,0,0,0.0541426362399772
0.0717964132531941,-0.2870569538119506,1.813032969542203,1.4708783358908668,-1.2782190241429312,1.8008115791536337,1.8127390858846,1.83210271301517,2.29931276326041,1.7370518732265845,-1.7763568394002505e-15,0.4499770227732163,0.3051831953668564,1.3062449785870849,0.3001515673471424,0.6339092160529852,0.6339093378498942,0.2516094679979384,-1.3304447010278462,0.9433041801265836,0.9418129304365136,1.363452133222758,-0.0432448127231831,-0.449977022773218,0,0,0.11292350569379085
-0.9398277670454336,0.9703604131566128,-0.7904807747785566,-1.4299108364159894,1.1590383792094123,-0.7904197960249194,-0.7904794415036949,-0.785889850843727,-1.4069460511368437,-0.8208292056470788,-1.7763568394002505e-15,0.025282648686197,1.0095821506359626,-0.295044390471433,1.003442931124586,0.3398088802867977,0.3397988590315335,-0.440364474884748,0.7516283835227737,-1.0076437103798928,-1.0088948635855373,-0.2522365277181348,-1.198524120809208,-0.0252826486862012,0,0,0.12218534211301287
-1.373380987173417,-0.74429963270961,-0.7904807747785566,0.2718274477130143,-1.6260043387775804,-0.7904197960249194,-0.7904794415036949,-0.785889850843727,-0.5344913874226195,-0.8208292056470788,-1.7763568394002505e-15,0.6820774365184427,-0.8844683735320827,-0.2046955305125491,-0.8915365768313038,-0.5188699151255934,-0.5188850457255747,-0.8323217432308846,0.7516283835227737,-1.1762597267931838,-1.1754925789135071,-0.1622290199616077,0.229291403872778,-0.682077436518448,0,0,0.293972052456204
-1.517898727216078,-0.9729209721584398,-0.7904807747785566,-0.7422518878421208,-1.6687874528794615,-0.7904197960249194,-0.7904794415036949,-0.785889850843727,-1.0543940386896635,-0.8208292056470788,-1.7763568394002505e-15,-0.0043471913663822,-0.0235363170920616,-0.2200740598672527,-0.0254462862535261,0.5303056886808053,0.5303058049718313,-0.5710168976667935,0.7516283835227737,-1.1495032930509548,-1.1482311345871123,-0.1765116484379429,-0.4169108203830545,0.0043471913663813,0,0,0.19121456358437083
-0.9398277670454336,-1.2015423116072694,-0.7904807747785566,0.7048784944414952,0.3951527774225939,-0.7904197960249194,-0.7904794415036949,-0.785889850843727,-0.312472873254933,-0.8208292056470788,-1.7763568394002505e-15,-0.2660774451641989,0.3051831953668564,-0.0643664501508783,0.3046285378341515,1.006167931339682,1.0061630092085423,-0.6944108525165029,0.7516283835227737,-1.4448337409604617,-1.4450779728078589,-0.0188637680859418,-0.8300003059152977,0.2660774451641938,0,0,0.105508902179608
1.5169738136798052,0.5131177342589534,-0.7904807747785566,1.4904635591097437,-0.8200256731163298,-0.7904197960249194,-0.7904794415036949,-0.785889850843727,0.0902843308382061,-0.8208292056470788,-1.7763568394002505e-15,0.0351592620370568,-1.8549736007917403,-1.4426671435661929,-1.8492012637342696,-1.76735318449255,-1.7673430628852256,1.3984474013070067,0.7516283835227737,1.1644233872793426,1.1659625837868737,-1.411689528084775,2.462717128555404,-0.035159262037062,1,0,0.3235666337725685
0.2163141532958551,0.1701857250857087,1.7413915165868328,1.3990658507549885,0.6152787999790483,1.7484634705641688,1.7413528374187424,1.7562863728905689,2.202249392744889,1.6853775079968143,-1.7763568394002505e-15,0.1882467689753996,0.1329967840788505,1.5638353452783704,0.1349106566448031,-2.523669061731497,-2.523669107740224,1.335540679226763,-1.3304447010278462,0.2857521999519982,0.2845092172334314,1.6235037649145203,0.5686761264262393,-0.1882467689754053,0,0,0.0729993943406465
-0.072721326789467,0.1701857250857087,1.7528562430736618,-0.3135531129400568,-1.536297809209119,1.7484634705641688,1.7532505454963851,1.7684480383713068,1.3331417418070624,1.6853775079968143,-1.7763568394002505e-15,0.691954049869308,-2.121079872782292,1.371603728344575,-2.1231104580758315,0.1292597762723644,0.1292497438277277,0.0241774727847482,-1.3304447010278462,0.7242043264638045,0.7237213758253526,1.4288018955908952,1.974208815789059,-0.6919540498693089,1,1,0.6488848182191818
-0.3617568068747892,0.6274284039833682,1.0957284840511652,0.3066456223243494,-0.8862704949515011,1.0941121131958464,1.0964970596104897,1.082737112329688,1.0910411509809923,1.0394479426246763,-1.7763568394002505e-15,0.0499741820633519,0.7747824988795929,1.4561856397954451,0.7702334684831071,-2.436649187934288,-2.436634038184596,0.7863166056800146,-1.3304447010278462,-0.7948543363732995,-0.7938323583439757,1.5149018917831416,-0.1923684029360677,-0.0499741820633534,0,0,0.1663369942969981
0.2163141532958551,-0.2870569538119506,1.794291544508939,1.0574125123812628,-0.0637306238314575,1.8008115791536337,1.7937027529603713,1.8123076617539688,2.0717158944653957,1.7370518732265845,-1.7763568394002505e-15,0.3413342759137479,0.4617162965377686,1.2274300156442284,0.4674274646344857,1.0577418280300883,1.0577318449284925,-0.1887375865637704,-1.3304447010278462,1.041747662763086,1.041771559633296,1.2847629348248362,-0.3603466999574779,-0.3413342759137485,0,0,0.07813253205826039
-0.2172390668321281,-1.3158529813316842,1.4987476477902364,0.9116114061962964,-1.4113987180407237,1.4867229276168454,1.4986395926348242,1.501150156635083,1.7448243133039276,1.4270056818479648,-1.7763568394002505e-15,0.380840729317187,0.6652093280599536,0.9506164872595626,0.6672631472818957,-0.1103043918594965,-0.1103144370354766,-0.3169705200350378,-1.3304447010278462,0.9811670580637,0.9811905722413063,1.0039610693089642,-0.742583028893952,-0.380840729317192,0,0,0.24680689053206464
0.5053496333811774,0.9703604131566128,1.1629986828437489,-1.4299108364159894,-1.0787945084099675,1.172634276080048,1.163124224845291,1.1520844814538969,0.2587506405835356,1.1169594904693358,-1.7763568394002505e-15,0.5684963829835444,0.1173434739617595,1.0794116706052057,0.1153747854287629,-0.5191231006763576,-0.5191382312897929,-0.0363097599847173,-1.3304447010278462,0.0881079771202515,0.0876210082094665,1.1343911104890814,-0.1152355114466449,-0.5684963829835482,0,0,0.10460265979934569
-0.9398277670454336,-1.544474320780514,-0.7904807747785566,-0.0632974829210859,-0.708927586496928,-0.7904197960249194,-0.7904794415036949,-0.785889850843727,-0.7063047099443464,-0.8208292056470788,-1.7763568394002505e-15,0.2573830624314289,-0.0078830069749707,-0.2296856407139425,-0.0091663935734928,0.2584097257165239,0.2584148912692543,-0.3774577528045034,0.7516283835227737,-1.129057338964912,-1.1300568383695155,-0.1874257324623121,-0.36891702123408,-0.2573830624314313,0,0,0.13849314538166557
1.6614915537224662,1.6562244315031018,-0.7904807747785566,0.1782536034450512,1.132816470566324,-0.7904197960249194,-0.7904794415036949,-0.785889850843727,-0.5824652372176471,-0.8208292056470788,-1.7763568394002505e-15,0.1240487821948056,0.2425699548984898,-0.2296856407139425,0.2447999322350288,1.319611643184157,1.3196269925557376,-0.7186057456242895,0.7516283835227737,-1.132338788386129,-1.133085887739115,-0.1856740893472899,-0.680876715702413,-0.1240487821948098,0,0,0.39603414100446943
0.6498673734238385,0.8560497434321979,0.4342294708658814,-1.194888157789477,-1.289259827782126,0.4397607558275239,0.4349844904935374,0.4106110253888939,-0.2421856049505907,0.3935183772525381,-1.7763568394002505e-15,-0.1376814716030055,0.6025960875915898,-0.0393763399494848,0.5968526114407511,-2.130218715845944,-2.1302187409452333,0.1959612138500308,0.7516283835227737,0.7580284974209615,0.7570409188909465,0.004716043077819,-0.8385706271919003,0.1376814716030028,0,1,0.6064140509534933
-1.0843455070880947,0.2844963948101236,-0.7904807747785566,-0.2939678897211808,-0.147916751580321,-0.7904197960249194,-0.7904794415036949,-0.785889850843727,-0.8245658280437168,-0.8208292056470788,-1.7763568394002505e-15,0.0796040221159312,1.2600351125094231,-0.1028127735376374,1.257002259616106,-1.48758315089954,-1.487583141846749,-0.6532795342332667,0.7516283835227737,-1.372389434507446,-1.372380787937472,-0.0575346583945096,-1.5961870280435662,-0.079604022115936,0,0,0.06560573080900829
1.0834205935518215,0.741739073707783,-0.7904807747785566,0.8724409597585446,0.5400633251870307,-0.7904197960249194,-0.7904794415036949,-0.785889850843727,-0.22656621199407,-0.8208292056470788,-1.7763568394002505e-15,0.6820774365184427,-1.9488934614942888,-1.2888818500191563,-1.95176458761848,0.7979734529473461,0.7979837108858182,0.6967955011812061,0.7516283835227737,0.8713647120460629,0.872144794935726,-1.2552543237354818,2.2518872251509814,-0.682077436518448,1,0,0.2468579958766315
0.3608318933385163,0.8560497434321979,1.427210895533376,0.9877761631585924,-1.0815547093197664,1.4343748190273808,1.4272533441689663,1.4263688518705446,1.7236265657200784,1.3753313166181949,-1.7763568394002505e-15,-3.525359850948277,1.0721953911043265,1.060188508911826,1.0677485072107178,0.9160845123782436,0.9160694580371592,-0.4064916245338471,-1.3304447010278462,0.6378769647671795,0.638907993476568,0.9291793824753224,-1.1522443859155536,3.525359850948275,0,0,0.25584217486056415
-0.6507922869601114,0.5131177342589534,-0.0748776756383037,-1.399444933631071,1.1742194842133056,-0.0837203300671322,-0.0742374152295844,-0.0943568509017548,-0.7810546619505525,-0.1232252750451706,-1.7763568394002505e-15,0.6573859031412933,-0.1800694182629738,0.2681942471445881,-0.1772562854948376,0.1175372852720414,0.1175424433382809,-0.8444191897847778,-1.3304447010278462,-0.7524479130837293,-0.7514256671695834,0.316373775773698,-0.6174563382555546,-0.6573859031412959,0,0,0.28324484476104667
-1.6624164672587392,0.1701857250857087,-0.7904807747785566,0.6308898733924073,-0.7648216549203535,-0.7904197960249194,-0.7904794415036949,-0.785889850843727,-0.3504056847207693,-0.8208292056470788,-1.7763568394002505e-15,0.2919512091594436,-2.0428133221968343,-0.0470656046268366,-2.036420029554653,0.8343815351470515,0.8343917950203866,-0.9145843797973576,0.7516283835227737,-1.47461920493766,-1.4753684665038538,-0.002964238272663,1.0691828889798285,-0.2919512091594443,1,0,0.3544532651846723
-0.9398277670454336,1.1989817526054425,-0.7904807747785566,-0.983802974208258,-0.2735058929761665,-0.7904197960249194,-0.7904794415036949,-0.785889850843727,-1.178233511416363,-0.8208292056470788,-1.7763568394002505e-15,0.2820745958085783,-1.6671338793866464,-0.162404574787114,-1.6729714254729076,-0.312954106690124,-0.3129641626356766,-0.6798939166518314,0.7516283835227737,-1.258043543137355,-1.2572769118926928,-0.1185726838641304,0.9029186562137388,-0.2820745958085834,1,0,0.42793238043569976
0.9389028535091608,-1.3158529813316842,-0.6933447017360357,0.8702648238453365,-0.2555645870624745,-0.6857235788459901,-0.692918235267022,-0.6932541861181045,-0.1451222344350691,-0.7174804751875389,-1.7763568394002505e-15,0.4055322626943419,-1.041001474702995,-1.133174240302782,-1.039276602902607,1.1194431467510055,1.119438230639738,0.1378934703913433,0.7516283835227737,0.7532325328822601,0.754011869521347,-1.098280152273874,1.2234486719586746,-0.405532262694344,0,0,0.18009224140196403
-0.7953100270027725,1.0846710828810275,-0.7904807747785566,-0.4658826268646485,-0.2659153404742199,-0.7904197960249194,-0.7904794415036949,-0.785889850843727,-0.912703831155512,-0.8208292056470788,-1.7763568394002505e-15,0.3857790359926168,-0.0391896272091525,-0.4007717797850206,-0.0388771977145536,0.5105825342763751,0.5105978406530912,-0.5323050686943355,0.7516283835227737,-0.8089898108031562,-0.8089776051919729,-0.3582783070660192,-0.2797856799574135,-0.3857790359926223,0,0,0.0833807106561606
-1.373380987173417,-0.1727462840875357,-0.7904807747785566,0.4937933108602763,-0.4487786507483905,-0.7904197960249194,-0.7904794415036949,-0.785889850843727,-0.4206929530251116,-0.8208292056470788,-1.7763568394002505e-15,0.0549124887387818,-0.4931356206048009,-0.1604822586177761,-0.492679206170485,-0.4058478852650338,-0.4058528824360278,-0.8226437859877702,0.7516283835227737,-1.262082250117314,-1.2633350106318917,-0.1164168154148723,-0.1323761539998496,-0.0549124887387838,0,0,0.06312158793363197
-0.5062745469174503,0.6274284039833682,0.4611637255575424,1.536162413287121,-0.2983477011643557,0.4659348101222609,0.4611594482643519,0.4375219447505272,1.1802948250182528,0.4193555598674277,-1.7763568394002505e-15,0.3314576625628826,0.6025960875915898,0.8160543554059057,0.607434541682773,-0.6785793605468317,-0.6785843722118091,-0.5371440473158926,-1.3304447010278462,-0.787786599158371,-0.7877742596047768,0.8690845494522521,-0.8402846914472205,-0.3314576625628877,0,0,0.049338253441590874
-0.072721326789467,-0.0584356143631209,1.7636927653694323,0.0846797591770882,0.4600174988028656,1.774637524858906,1.7627687119584998,1.7799628067520057,1.5473505594964885,1.711214690611704,-1.7763568394002505e-15,0.0005911153090476,0.7747824988795929,1.3600698313285473,0.7779664175061229,-0.3156885106383642,-0.3156884393066634,0.1257960238374509,-1.3304447010278462,0.6954285392315962,0.6964599314989575,1.4182920369007617,-0.4460499127235034,-0.0005911153090491,0,0,0.05574665099445458
-0.6507922869601114,-1.0872316418828545,-0.0769455144338733,1.70590101451738,0.9685845164332956,-0.0837203300671322,-0.076616956845113,-0.0964269216218805,0.8087764068381551,-0.1232252750451706,-1.7763568394002505e-15,0.6425709831150036,1.306995042860696,0.09710810807351,1.3046209457052038,0.4132326900080378,0.4132226726547943,-0.8032878715015417,0.7516283835227737,-0.4318755465494783,-0.4303464339920407,0.1429611073864968,-1.8070169314479887,-0.6425709831150045,0,0,0.17855629785370372
-0.6507922869601114,0.741739073707783,-0.1310496003888426,0.9420773089812148,-0.9290536090533824,-0.1360684386565969,-0.1313464140022709,-0.1493431044050921,0.3714334040555771,-0.1748996402749406,-1.7763568394002505e-15,0.1734318489491099,1.0408887708701444,0.2893397250073056,1.036816711118654,0.3320360838783739,0.3320412533438898,-0.9484572301482586,-1.3304447010278462,-0.9074332934396584,-0.908936234388755,0.336585042485493,-1.656179276979784,-0.1734318489491141,0,0,0.1615755977217754
-1.517898727216078,-0.2870569538119506,-0.7904807747785566,1.597094218856958,1.2080319453583417,-0.7904197960249194,-0.7904794415036949,-0.785889850843727,0.1449522061860285,-0.8208292056470788,-1.7763568394002505e-15,-0.2562008318133336,0.1486500941959414,-0.0970458250296235,0.1418296110338174,0.0256815674552616,0.0256664657948023,-0.6460210663009306,0.7516283835227737,-1.3814765252123538,-1.3814679360462707,-0.0526839543836788,-0.6568798161279265,0.256200831813333,0,0,0.09083850242282158
-1.228863247130756,1.6562244315031018,-0.7904807747785566,1.7298385095626727,-0.7586112028733064,-0.7904197960249194,-0.7904794415036949,-0.785889850843727,0.2130081326394398,-0.8208292056470788,-1.7763568394002505e-15,0.0400975687124867,-0.0861495575604254,-0.164326890956452,-0.0791699320976364,0.9686458327166224,0.968651036013982,-0.5347245580051136,0.7516283835227737,-1.2534999977849008,-1.2542478625230935,-0.1209980358695458,-0.3963420493192082,-0.0400975687124926,0,0,0.17190200196010127
-0.6507922869601114,0.5131177342589534,-0.068464757854575,-0.0741781624871283,-1.2126642525352094,-0.0575462757723952,-0.0694783319985272,-0.0880172593213701,-0.0960327137145759,-0.097388092430281,-1.7763568394002505e-15,0.0400975687124867,0.3834497459523111,0.1355544314602691,0.3905049717213278,1.1554714506245682,1.1554716001392638,-1.001685994985389,0.7516283835227737,-0.5045722721887416,-0.5030436188624278,0.1813625141389073,-1.1162490365538231,-0.0400975687124926,0,0,0.16173628413324817
0.9389028535091608,-1.544474320780514,-0.7700379633945068,0.6461228247848665,-0.3735631759563729,-0.7642457417301824,-0.7690635669639375,-0.7664829378425491,-0.3258609243605227,-0.7949920230321893,-1.7763568394002505e-15,0.1240487821948056,0.9000089798163232,-1.713713723442845,0.9004726099233745,-3.143644519884621,-3.1436395351299007,1.2968288502543042,0.7516283835227737,1.7139399557400226,1.7142205196843752,-1.6853500793624794,0.2927117813196371,-0.1240487821948098,0,0,0.1254989059897226
0.0717964132531941,-0.2870569538119506,-0.6014698387936352,0.8811455034113798,-1.2306055584489015,-0.6072014159617884,-0.6024956538769349,-0.6052761805127647,-0.0603312440996716,1.866237786301014,-1.7763568394002505e-15,0.6771391298430128,1.2130751821581502,1.67725199926931,1.219151509135029,0.1658957254677567,0.1659008861039458,0.2685458931733888,-1.3304447010278462,0.4904641599986734,0.4904845743661944,-0.867736969981332,-0.787148699532285,-0.6771391298430176,0,0,0.35838376241745634
0.7943851134664996,-1.2015423116072694,-0.0508750405049187,1.5557476365059963,0.8457555759472487,-0.0575462757723952,-0.0504419990742983,-0.0708097964603256,0.7541085314903334,-0.097388092430281,-1.7763568394002505e-15,0.5191133162292402,1.1974218720410563,-0.9813112629250834,1.1898477023109686,0.6970283738581786,0.6970335627207613,0.3435500618075267,0.7516283835227737,1.6513399975506573,1.6506104829227868,-0.9449440088203892,-0.6928751654896567,-0.5191133162292438,0,0,0.2335570754217866
-0.3617568068747892,-1.3158529813316842,1.1048636199961503,-0.644325771747741,1.4536898263304343,1.0941121131958464,1.1060152260726042,1.0921818099902612,0.6113026530307161,1.0394479426246763,-1.7763568394002505e-15,0.4746685561503657,0.9626222202846896,1.381215309191265,0.9639641913755044,0.1210059273174932,0.1210161492793541,0.0967621521081063,-1.3304447010278462,-0.6050351083152232,-0.6060312974288093,1.439850721393343,-0.598601631447029,-0.47466855615037,0,0,0.251390179099992
-0.3617568068747892,1.1989817526054425,1.0885564862032395,0.5634296600829466,-0.3238795595799945,1.0941121131958464,1.089358434763904,1.0753624853892405,1.2171119655586236,1.0394479426246763,-1.7763568394002505e-15,0.5684963829835444,-1.1505746455226342,1.2947110815710567,-1.1512008650778367,0.3350236733773782,0.3350288430016637,0.2733848717949468,-1.3304447010278462,-0.4651948791341406,-0.4636659770576348,1.3518643403079955,1.177168937065021,-0.5684963829835482,0,0,0.39762574406921697
1.5169738136798052,0.2844963948101236,-0.7904807747785566,0.5155546699923595,-0.493631915532621,-0.7904197960249194,-0.7904794415036949,-0.785889850843727,-0.4095362437704546,-0.8208292056470788,-1.7763568394002505e-15,0.5981262230361292,-1.8236669805575585,-1.525326738847725,-1.8268164112992236,-0.6562230764144699,-0.6562331506026314,0.7766386484369003,0.7516283835227737,1.318903929262777,1.3174150522668466,-1.4941514962688986,2.320449795363801,-0.5981262230361307,1,0,0.23707235301759774
0.5053496333811774,-0.74429963270961,1.1078214147290537,0.4524467285093148,0.6063081470222026,1.1202861674905833,1.108394767688133,1.0951575366504416,1.17583214131639,1.065285125239566,-1.7763568394002505e-15,-0.2265709917607543,0.6339027078257716,0.6718806427055589,0.6375523431408346,-0.0315890041273087,-0.0315838539862038,-0.4064916245338471,-1.3304447010278462,0.690884993879142,0.6904018327597587,0.7234286873492495,-0.920845711447285,0.2265709917607504,0,0,0.1305406179299955
-1.228863247130756,-0.9729209721584398,-0.7904807747785566,-0.3962462776419782,-0.9966785313434527,-0.7904197960249194,-0.7904794415036949,-0.785889850843727,-0.8770023615406077,-0.8208292056470788,-1.7763568394002505e-15,-4.280920772289132,0.6652093280599536,-0.0970458250296235,0.6607511902098825,-0.0838718203598462,-0.0838717367085343,-0.9073259118650224,0.7516283835227737,-1.382738621143591,-1.3814679360462707,-0.0520102454932856,-1.169385028468759,4.2809207722891305,0,0,0.1165728797485313
-0.6507922869601114,-0.2870569538119506,-0.0568691554946082,-0.3157292488532655,1.0230984844018214,-0.0575462757723952,-0.0575806239208841,-0.076631870360679,-0.209831148112083,-0.097388092430281,-1.7763568394002505e-15,-0.1129899382258561,-1.651480569269553,0.1490106446456348,-1.6587265193778784,0.3154524303034037,0.3154525351763171,-1.0113639522285032,0.7516283835227737,-0.5156787163836289,-0.5151598163408256,0.1964535932837143,0.5961011545113676,0.1129899382258506,1,0,0.49279983509960407
-1.373380987173417,-0.2870569538119506,-0.7904807747785566,-0.1329338321437562,1.6579446936555464,-0.7904197960249194,-0.7904794415036949,-0.785889850843727,-0.7420061795592507,-0.8208292056470788,-1.7763568394002505e-15,0.1388637022210953,0.2582232650155808,-0.1662492071257899,0.2602658302810604,0.8475725023418013,0.8475776992048674,-0.849258168406335,0.7516283835227737,-1.2514806442949216,-1.2512188131534938,-0.1220759700941749,-0.7717221212344003,-0.138863702221101,0,0,0.108751703112254
0.5053496333811774,-0.6299889629851951,-0.710149163846868,1.5688044519852475,-0.2017406693213977,-0.7118976331407177,-0.7095750265757224,-0.7092972341990782,0.1985044106083846,1.013610760009796,-1.7763568394002505e-15,0.2030616890016947,0.7904358089966839,0.891024686010086,0.7840713772611356,0.1375136252272356,0.1375238480663766,-0.215351968982336,-1.3304447010278462,0.240569165613706,0.2390734766894394,-0.8411928396998413,-0.5746047318725418,-0.2030616890016967,0,0,0.19025361763203152
-1.0843455070880947,1.7705351012275166,-0.7904807747785566,-0.9533370714233398,0.8933690416412778,-0.7904197960249194,-0.7904794415036949,-0.785889850843727,-1.162614118459842,-0.8208292056470788,-1.7763568394002505e-15,-0.0043471913663822,0.1173434739617595,-0.1681715232951279,0.1125258042097573,1.292065055261156,1.292080403168804,-0.5226271114512212,0.7516283835227737,-1.2476943565012095,-1.2481897637838943,-0.1240970967653544,-0.5523218965533747,0.0043471913663813,0,0,0.15189774715006166
0.3608318933385163,-0.9729209721584398,-0.7110129446095742,-0.5659848788722364,-1.548028663075764,-0.7118976331407177,-0.7119545681912509,-0.7102028901391332,-0.8970844381989914,1.349494134003305,-1.7763568394002505e-15,0.4252854893960614,0.0547302334933958,1.0294314502024189,0.053104195927635,0.906336868673872,0.9063268775260448,-0.1548647362128704,-1.3304447010278462,0.6638761409506659,0.6631403884333636,-1.067693768650024,0.2018663757876498,-0.4252854893960657,0,0,0.4430782834460724
0.6498673734238385,1.5419137617786869,0.4805333547818661,-1.0251495565592188,-0.867639138810359,0.4921088644169886,0.4801957811885808,0.4570582371717128,-0.114999119447494,0.445192742482308,-1.7763568394002505e-15,0.2870129024840082,1.1974218720410563,0.2778058279912779,1.1914756915789717,1.2811021209131217,1.2811124045268742,-0.8734530615141216,-1.3304447010278462,0.2660635034246978,0.2663349210158345,0.3249972495707305,-1.7727356463415789,-0.2870129024840139,0,0,0.25610310647832923
0.3608318933385163,0.8560497434321979,1.5078566085605942,1.3794806275361131,-1.2726986223233332,1.5128969819115732,1.5081577590969388,1.5107242337156643,1.992503258757326,1.452842864462845,-1.7763568394002505e-15,0.1783701556245398,0.7904358089966839,1.0178975531863912,0.7844783745781362,0.2350406993811057,0.2350407999806356,-0.0121148668769307,-1.3304447010278462,0.8519284347050097,0.8509414493485298,1.0728141179071458,-0.710015808042862,-0.1783701556245444,0,0,0.20176449091475326
-1.517898727216078,1.6562244315031018,-0.7904807747785566,-1.6148823890387067,1.2770369681033118,-0.7904197960249194,-0.7904794415036949,-0.785889850843727,-1.5017780798014329,-0.8208292056470788,-1.7763568394002505e-15,0.4302237960714913,0.6808626381770445,-0.2373749053912943,0.6749960963049115,-0.3369560969024454,-0.3369458992784188,-0.7355421707997399,0.7516283835227737,-1.1159315412800452,-1.1149115915215182,-0.1944323049224011,-1.0425442735750414,-0.4302237960714963,0,0,0.17817574389692645
-0.2172390668321281,-1.3158529813316842,1.5707555531903914,0.4176285538979805,0.3275278551325229,1.5652450905010378,1.5700258411006824,1.576578358499661,1.552928914123817,1.504517229692615,-1.7763568394002505e-15,0.1635552355982502,0.759129188762502,1.0275091340330809,0.7559885623880775,0.1589837599319302,0.1589838564895063,-0.3411654131428244,-1.3304447010278462,0.9554203010664608,0.9569581772845108,1.0831892348192005,-0.7734361854897212,-0.1635552355982532,0,0,0.16807555427865525
-0.2172390668321281,0.3988070645345384,1.5474858229465758,-0.3266099284193079,1.1010741601036371,1.5390710362063105,1.548609966560925,1.552255027538185,1.1512873809561432,1.4786800470777348,-1.7763568394002505e-15,0.0154060353353373,1.0095821506359626,1.4350401619327275,1.0022219391735834,0.0124146445952839,0.0124197970749092,0.1596688741883517,-1.3304447010278462,0.1262232742436149,0.1269986500142594,1.4940169161809538,-0.5780328603831828,-0.0154060353353403,0,0,0.11986609808964936
0.3608318933385163,-1.430163651056099,1.4093070760881898,-1.0643200029969708,-0.2286526281919361,1.4082007647326438,1.4082170112447374,1.4077382153894138,0.6559294900493463,1.349494134003305,-1.7763568394002505e-15,0.4401004094223565,-1.4166809175131858,1.1774497952414416,-1.4218540808833924,-2.508579202906027,-2.508569120690254,-0.1524452469020914,-1.3304447010278462,0.3768755261873246,0.3753806983214151,1.2345042516015057,1.20973615791611,-0.4401004094223572,1,1,0.5757081900809832
-1.6624164672587392,1.1989817526054425,-0.7904807747785566,-1.5343653602499947,0.8167734663943611,-0.7904197960249194,-0.7904794415036949,-0.785889850843727,-1.4604982555592,-0.8208292056470788,-1.7763568394002505e-15,0.5931879163606993,0.7904358089966839,-0.3123452359954746,0.7889553450651453,-3.130048455808652,-3.1300485340426705,-0.6532795342332667,0.7516283835227737,-0.9730622818639934,-0.9725462711503436,-0.2706961513149075,-1.066541173149528,-0.5931879163607005,0,0,0.12296181353441678
1.0834205935518215,0.0558750553612939,-0.7904807747785566,0.506850126339526,1.4329883195069435,-0.7904197960249194,-0.7904794415036949,-0.785889850843727,-0.4139989274723176,-0.8208292056470788,-1.7763568394002505e-15,-0.0882984048487011,-0.0235363170920616,-1.609908650298595,-0.0238182969855228,-0.5335799956249172,-0.5335698084502268,0.7645412018830079,0.7516283835227737,1.47843285497116,1.4779546688556175,-1.5793083000145949,0.8514967285541234,0.0882984048486985,0,0,0.09511815356114
1.0834205935518215,-0.1727462840875357,-0.7904807747785566,-0.289615617894764,0.1736466544112399,-0.7904197960249194,-0.7904794415036949,-0.785889850843727,-0.8223344861927853,-0.8208292056470788,-1.7763568394002505e-15,0.4401004094223565,-1.1349213354055403,-1.5541614813877946,-1.135327969714804,0.0342392390710476,0.0342443927105127,0.6435667363440767,0.7516283835227737,1.3721643775609869,1.3719379409196368,-1.52258201144349,1.7188132417463025,-0.4401004094223572,0,0,0.0923383480648881
-0.3617568068747892,1.5419137617786869,1.1184747108024315,-0.5181098887816509,1.168009032166259,1.1202861674905833,1.1179129341502472,1.1061547873511095,0.6882839468878532,1.065285125239566,-1.7763568394002505e-15,-0.2117560717344647,-0.0391896272091525,1.233196964152242,-0.0437611655185636,-0.1208369107712304,-0.1208368290843828,-0.2226104369146713,-1.3304447010278462,-0.34882963427407,-0.3485621010128555,1.289883122391824,0.0647412353620088,0.2117560717344592,0,0,0.22875216900038162
1.5169738136798052,0.3988070645345384,-0.7904807747785566,-0.4767633064306901,-0.2452138336507285,-0.7904197960249194,-0.7904794415036949,-0.785889850843727,-0.9182821857828406,-0.8208292056470788,-1.7763568394002505e-15,0.3709641159663272,-1.8706269109088316,-1.30426037937386,-1.8691441322673104,-3.1104518941796035,-3.1104519713721865,0.3387110831859687,0.7516283835227737,0.9029171103269932,0.9024352886317204,-1.272097045995311,2.090765185150853,-0.3709641159663311,1,1,0.5486897391801885
-0.2172390668321281,0.0558750553612939,1.5600237315931311,1.423003345800281,1.109354762833034,1.5652450905010378,1.5605076746385682,1.565322348958978,2.059443514285272,1.504517229692615,-1.7763568394002505e-15,0.2672596757822887,0.1643034043130324,1.325468140280464,0.1662494500538673,0.7213595052864918,0.7213596317308403,-0.062924142403282,-1.3304447010278462,0.3809142331672837,0.3814387970606139,1.3836633999345531,-0.0072494633614522,-0.2672596757822922,0,0,0.06382840044723075
0.3608318933385163,-0.1727462840875357,1.4879111254944664,0.0585661282185866,-0.4184164407406038,1.4867229276168454,1.4867418845571814,1.4898941470944005,1.297440272192158,1.4270056818479648,-1.7763568394002505e-15,-0.0142238047172474,0.4773696066548595,1.2178184347975387,0.4800443814615117,0.5239507313566577,0.5239356561761029,0.1088595986620004,-1.3304447010278462,0.4187771111043999,0.4177873894958074,1.2735793672443094,-0.2917841297446571,0.0142238047172422,0,0,0.02783948483861906
-1.517898727216078,-0.8586103024340248,-0.7904807747785566,-0.6465019076609491,-0.5502160341834965,-0.7904197960249194,-0.7904794415036949,-0.785889850843727,-1.00530451796917,-0.8208292056470788,-1.7763568394002505e-15,0.1981233823262649,0.1643034043130324,-0.1162689867230031,0.1605514876158555,0.4196636029974168,0.4196637134085039,-0.8008683821907626,0.7516283835227737,-1.3453805815789697,-1.3451193436110769,-0.0719520286489233,-0.7048736152769003,-0.1981233823262662,0,0,0.06356786255366725
-1.373380987173417,0.6274284039833682,-0.7904807747785566,-0.6943768977515345,0.0653087687016368,-0.7904197960249194,-0.7904794415036949,-0.785889850843727,-1.0298492783294164,-0.8208292056470788,-1.7763568394002505e-15,0.3018278225103034,0.743475878645411,-0.254675750915336,0.7470346214140592,0.4271578952999993,0.4271580061093609,-0.4282670283308547,0.7516283835227737,-1.083117047067878,-1.0846210978255235,-0.2119487360726234,-1.0048348599579895,-0.3018278225103051,0,0,0.037941120783324324
0.7943851134664996,1.0846710828810275,-0.6700226211429648,-1.701927825567045,1.4343684199618436,-0.659549524551253,-0.669122819111736,-0.6710009258767538,-1.4437631916772136,-0.2265740055047105,-1.7763568394002505e-15,0.045035875387922,0.1486500941959414,-0.9755443144170696,0.1479345707888296,0.2681573694208955,0.2681675992029372,0.3653254656045335,0.7516283835227737,1.384028079314617,1.3840541383980345,-1.41317168764364,0.4881151064261755,-0.0450358753879229,0,0,0.18957759402883712
-0.5062745469174503,0.5131177342589534,0.5269942897456157,0.4742080876413996,-1.047742248174731,0.5182829187117256,0.527786613499153,0.5037642077945478,0.6916309596642506,0.4710299250971976,-1.7763568394002505e-15,0.588249609685264,1.08784870122142,0.9448495387515486,1.0868773811097572,0.8221273544901266,0.8221376137122287,-0.249224819333236,-1.3304447010278462,-0.8925405614510593,-0.8937909875407578,0.9988408817419762,-1.0802536871920925,-0.5882496096852698,0,0,0.14444378705896044
1.0834205935518215,-0.1727462840875357,-0.7904807747785566,-0.796655285672332,-0.9594158190611692,-0.7904197960249194,-0.7904794415036949,-0.785889850843727,-1.0822858118263077,-0.8208292056470788,-1.7763568394002505e-15,0.0746657154405013,0.6965159482941382,-1.4503564082435445,0.6908689916679441,-0.1875259848421804,-0.1875360341220094,0.5806600142638312,0.7516283835227737,1.1775491849642097,1.178078781265271,-1.418696100544864,0.095594391957778,-0.0746657154405055,0,0,0.04797464236708853
-1.6624164672587392,-1.0872316418828545,-0.7904807747785566,-0.53334284017411,0.3316681564972213,-0.7904197960249194,-0.7904794415036949,-0.785889850843727,-0.9472896298449504,-0.8208292056470788,-1.7763568394002505e-15,0.1289870888702355,0.743475878645411,-0.1681715232951279,0.7502905999500659,0.2335469046316053,0.2335419414404642,-0.4935932397218774,0.7516283835227737,-1.2487040332461996,-1.2481897637838943,-0.1235581296530399,-1.0819677514474126,-0.1289870888702401,0,0,0.09055224622655404
0.2163141532958551,-0.2870569538119506,1.6644888535313418,0.1434354288337161,-0.3790835777759709,1.6699413076799765,1.6652075057218267,1.675165476545645,1.4915670132232006,1.607865960152164,-1.7763568394002505e-15,0.1783701556245398,1.0252354607530534,1.0813339867745435,1.0229788023406257,0.8757520541417125,0.8757521887910622,-0.2322883941577856,-1.3304447010278462,1.0420000819493334,1.041771559633296,1.1373554296068114,-0.9328441612345286,-0.1783701556245444,0,0,0.15463030770593825
1.227938333594483,1.5419137617786869,-0.7904807747785566,-0.7640132469742048,-1.338253393931055,-0.7904197960249194,-0.7904794415036949,-0.785889850843727,-1.065550747944321,-0.8208292056470788,-1.7763568394002505e-15,0.6425709831150036,-0.0861495575604254,-1.7656162600149696,-0.0864958838036514,0.6472774131332678,0.6472674082180433,1.219405192309388,0.7516283835227737,1.7747729796256568,1.7748015070763647,-1.7374951474789104,1.134317330682008,-0.6425709831150045,0,0,0.17584548909032238
1.6614915537224662,-0.6299889629851951,-0.7904807747785566,1.3990658507549885,0.5193618183635399,-0.7904197960249194,-0.7904794415036949,-0.785889850843727,0.043426151968644,-0.8208292056470788,-1.7763568394002505e-15,-0.2315092984361842,0.6025960875915898,-0.0893565603522717,0.5956316194897485,0.6369474426621402,0.6369374371979434,-0.5444025152482288,0.7516283835227737,-1.39763135313219,-1.3966131828942678,-0.0440604805866462,-1.0168333097452331,0.2315092984361809,0,0,0.22945157572445105
1.372456073637144,-0.2870569538119506,-0.7904807747785566,0.2043672344035528,-0.1292853954391788,-0.7904197960249194,-0.7904794415036949,-0.785889850843727,-0.5690771861120579,-0.8208292056470788,-1.7763568394002505e-15,-0.2117560717344647,-2.0115067019626527,-1.175465196028217,-2.0156631663876112,-0.062376367100078,-0.0623610911725608,0.583079503574611,0.7516283835227737,0.6575656612944799,0.6570822896941648,-1.1411280377028794,2.200465297491365,0.2117560717344592,1,0,0.4699393796771154
-1.6624164672587392,-1.430163651056099,-0.7904807747785566,-0.4876439859967325,-1.383796708942735,-0.7904197960249194,-0.7904794415036949,-0.785889850843727,-0.9238605404101694,-0.8208292056470788,-1.7763568394002505e-15,0.025282648686197,0.6025960875915898,-0.164326890956452,0.6062135497317704,-0.4709925274763292,-0.4709924643980712,-0.8419997004739996,0.7516283835227737,-1.2537524169711485,-1.2542478625230935,-0.1208632940914672,-1.0613989803835668,-0.0252826486862012,0,0,0.20711983115420907
1.5169738136798052,0.3988070645345384,-0.7904807747785566,-1.4995471856386595,-1.347224046887901,-0.7904197960249194,-0.7904794415036949,-0.785889850843727,-1.442647520751748,-0.8208292056470788,-1.7763568394002505e-15,0.5783729963344042,1.08784870122142,-1.7713832085229837,1.095017327449774,0.1109291423971297,0.1109292364009034,0.7451852873967776,0.7516283835227737,1.7831028127718218,1.783888655185163,-1.7419416261555052,0.0081771149364323,-0.578372996334409,0,0,0.18091293019459095
-0.3617568068747892,0.3988070645345384,0.9866565313785204,1.6362646652947097,0.1205127868976126,0.989415896016917,0.987038145296174,0.9706945346028878,1.6801153996269136,0.9360992121651364,-1.7763568394002505e-15,-0.093236711524131,-0.868815063414989,1.2658763390309875,-0.8618257726902427,1.23380706003061,1.2338173411309257,0.1572493848775719,-1.3304447010278462,-0.6552665263784642,-0.6544960873424006,1.3223558909087747,0.8823498851498925,0.0932367115241288,0,0,0.23737757252318759
-1.517898727216078,0.3988070645345384,-0.7904807747785566,-0.117700880751297,0.8423053248099994,-0.7904197960249194,-0.7904794415036949,-0.785889850843727,-0.7341964830809904,-0.8208292056470788,-1.7763568394002505e-15,0.1536786222473904,0.2582232650155808,-0.0489879207961746,0.263928806134068,-2.456397660893791,-2.4564027670387483,-0.5516609831805641,0.7516283835227737,-1.471842593888938,-1.4723394171342543,-0.004446397831528,-0.7648658642131184,-0.1536786222473924,0,0,0.032283271809360324
0.6498673734238385,0.0558750553612939,0.4596455654291495,-1.5822403503405804,0.01148485096056,0.4659348101222609,0.4587799066488234,0.4360987711304408,-0.4195772820996461,0.4193555598674277,-1.7763568394002505e-15,0.1635552355982502,-0.1018028676775191,0.2681942471445881,-0.0999267952646789,0.2509913890791692,0.2509914905263785,-1.2025036077800144,-1.3304447010278462,0.2382973929374793,0.2390734766894394,0.3154305833271476,-0.7854346352769648,-0.1635552355982532,0,0,0.1141904522916643
0.6498673734238385,0.741739073707783,0.5295856320337347,0.1978388266639272,0.5945772931555575,0.5182829187117256,0.5301661551146816,0.5063517961947046,0.5532877649064962,0.4710299250971976,-1.7763568394002505e-15,0.0746657154405013,-2.152386493016474,-0.0124639135787534,-2.15160027026589,-0.5168191121644142,-0.5168190515215547,-0.9508767194590376,0.7516283835227737,0.8971114690433019,0.8963771898925218,0.0322033658058602,1.1326032664266874,-0.0746657154405055,1,0,0.3432480845605829
0.9389028535091608,1.5419137617786869,-0.7904807747785566,0.5786626114754058,-0.0996132356588417,-0.7904197960249194,-0.7904794415036949,-0.785889850843727,-0.3771817869319469,-0.8208292056470788,-1.7763568394002505e-15,-5.6685849480850825,0.5399828471232233,-1.6810343485640995,0.5459779468156466,0.0504431143198717,0.0504381413979052,0.9605198360560752,0.7516283835227737,1.612719862054799,1.614261890487593,-1.6509909259524276,0.4726885281282903,5.66858494808508,0,0,0.15545787080149132
-0.2172390668321281,-1.544474320780514,1.3815875661577053,-1.1100188571743477,0.2198800196503694,1.3820267104379067,1.3820420534739228,1.3788866047276624,0.6090713111797842,1.3236569513884158,-1.7763568394002505e-15,-0.1278048582521457,1.2600351125094231,0.9717619651222802,1.254967273031102,-2.109660049123997,-2.109670200553289,-0.4984322183434346,-1.3304447010278462,0.6651382368819031,0.666169437802963,1.0255197538015457,-1.2756570122986308,0.127804858252142,0,0,0.2485065956067607
-1.517898727216078,-1.0872316418828545,-0.7904807747785566,-1.3755074385857782,0.8892287402765795,-0.7904197960249194,-0.7904794415036949,-0.785889850843727,-1.3790542780001995,-0.8208292056470788,-1.7763568394002505e-15,-0.1129899382258561,-0.1018028676775191,-0.073978030997568,-0.0974848113626738,0.4165241021679569,0.4165343398347675,-0.9315208049728082,0.7516283835227737,-1.4251450444331613,-1.423874627220663,-0.0293736267760752,-0.5523218965533747,0.1129899382258506,0,0,0.11029991476575918
-0.072721326789467,-1.2015423116072694,1.8146034800198512,1.4338840253663243,0.7753704527473785,1.8269856334483705,1.8151186275001288,1.833784645475272,2.281462028452958,1.762889055841474,-1.7763568394002505e-15,0.7117072765710275,0.1643034043130324,1.3043226624177464,0.1654354554198658,1.180460864484865,1.18045595161631,0.1717663207422442,-1.3304447010278462,0.9748565784075138,0.9751324735021076,1.3625089407762074,0.0476005928088041,-0.7117072765710305,0,0,0.14012041920366078
-1.517898727216078,-0.9729209721584398,-0.7904807747785566,0.9877761631585924,1.0610512469115547,-0.7904197960249194,-0.7904794415036949,-0.785889850843727,-0.1674356529443846,-0.8208292056470788,-1.7763568394002505e-15,0.3512108892646077,0.8843556696992323,-0.2296856407139425,0.8919256662663567,-0.5595821516882671,-0.559587157029283,-0.6726354487194953,0.7516283835227737,-1.1293097581511595,-1.1300568383695155,-0.1872909906842335,-1.2122366348517717,-0.3512108892646094,0,0,0.13420864058595675
0.5053496333811774,-0.9729209721584398,1.1278715984936916,0.0825036232638802,-0.482591111893426,1.1202861674905833,1.1274311006123618,1.1158582438516984,1.0029031478691974,1.065285125239566,-1.7763568394002505e-15,-0.0537302581206865,0.4773696066548595,0.5988326282707166,0.4751604136575015,0.7463995562569431,0.7463946203207299,-0.5613389404236793,-1.3304447010278462,0.8812090603097131,0.8812319430445242,0.6493207094060011,-0.8762800408089514,0.0537302581206854,0,0,0.1520657480851955
-1.228863247130756,-1.0872316418828545,-0.7904807747785566,-1.0120927410799676,-0.9552755176964712,-0.7904197960249194,-0.7904794415036949,-0.785889850843727,-1.1927372334474176,-0.8208292056470788,-1.7763568394002505e-15,0.4499770227732163,0.9939288405188716,-0.2642873317620257,0.9904190169805588,-0.5776849185678148,-0.5776949885821641,-0.4452034535063051,0.7516283835227737,-1.0654477040305568,-1.066446801607927,-0.2213806605381278,-1.208808506341131,-0.449977022773218,0,0,0.11787361845922455
0.0717964132531941,-1.6587849905049288,1.7458674714481293,-0.8641154989817935,0.1853775082778844,1.7484634705641688,1.7461119206497997,1.7610734114308593,1.045298643036897,1.6853775079968143,-1.7763568394002505e-15,0.1586169289228203,0.6025960875915898,1.285099500724367,0.6005155872937588,1.2815325363494183,1.281517501429623,-0.0411487386062753,-1.3304447010278462,0.8168421678166152,0.817621906282936,1.3429713829548056,-0.3929139208085672,-0.1586169289228227,0,0,0.17253353092299964
-0.7953100270027725,1.1989817526054425,-0.6588458215770375,0.6939978148754521,1.21079214626814,-0.659549524551253,-0.6596046526496215,-0.6602624340161021,-0.2064841353356863,-0.7949920230321893,-1.7763568394002505e-15,0.2228149157034143,-0.6027087914244375,-0.4872760074052287,-0.5980915112737015,-0.5883440302549343,-0.588338909701895,-0.4573009000601984,0.7516283835227737,-0.5858512501604177,-0.584827951841613,-0.3504632839374585,0.2087226328089317,-0.2228149157034184,0,0,0.22781850276811177
-1.517898727216078,1.1989817526054425,-0.7904807747785566,0.4459183207696908,-0.0699410758785046,-0.7904197960249194,-0.7904794415036949,-0.785889850843727,-0.4452377133853582,-0.8208292056470788,-1.7763568394002505e-15,0.1289870888702355,-2.058466632313928,-0.1777831041418177,-2.059618876623701,-0.4344072153910875,-0.4344122140798339,-0.7500591066644113,0.7516283835227737,-1.2297725942776414,-1.2300154675662978,-0.1336637630089374,1.218306479192713,-0.1289870888702401,1,0,0.44109818861749367
-1.228863247130756,-1.0872316418828545,-0.7904807747785566,-0.383189462162727,1.3777843013109676,-0.7904197960249194,-0.7904794415036949,-0.785889850843727,-0.8703083359878129,-0.8208292056470788,-1.7763568394002505e-15,0.6524475964658634,-0.8375084431808071,-0.0797449795055819,-0.8329289631831834,-0.5054510809351602,-0.5054560833994443,-0.6823134059626105,0.7516283835227737,-1.413533761865779,-1.4147874791118644,-0.0355717485676923,0.1418741268514317,-0.6524475964658654,0,0,0.24715202039595244
-1.517898727216078,1.0846710828810275,-0.7904807747785566,0.9486057167208404,-1.206453800488162,-0.7904197960249194,-0.7904794415036949,-0.785889850843727,-0.1875177296027682,-0.8208292056470788,-1.7763568394002505e-15,0.7018306632201677,0.4304096763035867,-0.0989681411989615,0.4377166604934245,0.370241783488498,0.3702317638505542,-0.5661779190452364,0.7516283835227737,-1.3774378182323948,-1.378438886676671,-0.0548398228329369,-0.8831362978302333,-0.7018306632201696,0,0,0.16821590449727877
1.0834205935518215,0.5131177342589534,-0.7904807747785566,0.8854977752377957,0.701535078410261,-0.7904197960249194,-0.7904794415036949,-0.785889850843727,-0.2198721864412752,-0.8208292056470788,-1.7763568394002505e-15,0.2079999956771246,0.8843556696992323,-1.6022193856212434,0.8817507333413358,-2.6468944692878025,-2.64687933071134,1.623459907209419,0.7516283835227737,1.4650546381000455,1.46583847137722,-1.572166985776427,0.3287071306813674,-0.207999995677127,0,0,0.05651397641531919
-0.2172390668321281,-0.6299889629851951,-0.7335759451384487,-0.4375928599929382,1.359842995397275,-0.7380716874354547,-0.7333704427310083,-0.7316798738604368,-0.8502262593294293,1.4270056818479648,-1.7763568394002505e-15,0.7215838899218873,0.946968910167596,1.237041596490918,0.9452423147934662,0.4374878657711233,0.4374981045520298,0.1887027459176946,-1.3304447010278462,0.4490674134540929,0.4480778831918018,-0.9745871999976884,-0.5111843544256828,-0.7215838899218914,0,0,0.3578748016855913
-0.3617568068747892,0.2844963948101236,0.975532082161848,-0.1111724730116714,-1.0739641568178198,0.9632418417221892,0.9751404372185308,0.9593091456421964,0.7741906081487171,0.910262029550256,-1.7763568394002505e-15,0.5339282362555298,0.2895298852497627,1.1870613760881312,0.2871276532031153,-0.5448467526338662,-0.544851757191787,0.0217579834739701,-1.3304447010278462,-0.4866505099651732,-0.4878983720144305,1.2438014342889314,-0.1735136961275422,-0.5339282362555352,0,0,0.10172704378255577
0.9389028535091608,0.6274284039833682,-0.7904807747785566,-0.3636042389438511,1.3398315388012343,-0.7904197960249194,-0.7904794415036949,-0.785889850843727,-0.8602672976586211,-0.8208292056470788,-1.7763568394002505e-15,-0.2216326850853244,0.6182493977086807,-1.4561233567515586,0.6257494209478107,1.0050539149163276,1.0050591201485513,0.7645412018830079,0.7516283835227737,1.1886556291590968,1.18716592937407,-1.424624738780324,0.2070085685536116,0.22163268508532,0,0,0.135421033378449
1.6614915537224662,0.0558750553612939,-0.7904807747785566,1.381656763449321,0.600787745202604,-0.7904197960249194,-0.7904794415036949,-0.785889850843727,0.0345007845649181,-0.8208292056470788,-1.7763568394002505e-15,-1.7969525145476268,-2.058466632313928,-0.2815881772860673,-2.062467857842707,1.153547240438771,1.1535372624286373,-0.3387459238320454,0.7516283835227737,-1.0318759522596472,-1.0331272585423328,-0.239301317022586,1.4051394830226485,1.7969525145476255,1,1,1.104339496169357
-1.517898727216078,0.5131177342589534,-0.7904807747785566,0.0063388663015843,1.2929081233346542,-0.7904197960249194,-0.7904794415036949,-0.785889850843727,-0.6706032403294421,-0.8208292056470788,-1.7763568394002505e-15,-0.1673113116555903,0.6182493977086807,-0.0835896118442578,0.6184234692417954,-0.1386358549898633,-0.1386408379602024,-0.851677657717114,0.7516283835227737,-1.4069708630233455,-1.4057003310030662,-0.0390750347977368,-1.126533422085746,0.1673113116555852,0,0,0.11502234590279627
0.0717964132531941,-0.74429963270961,1.8492332360519868,-0.3701326466834767,1.3432817899384826,1.853159687743108,1.8484322101175292,1.8705284007575025,1.3866939462294186,1.7887262384563636,-1.7763568394002505e-15,0.52405162290467,0.5869427774744989,1.767600859228194,0.594817624855747,-2.988897511258332,-2.9889127731249103,0.6846980546273119,-1.3304447010278462,0.1512127736821119,0.1512310449710551,1.8292544600405936,0.1281616128088679,-0.5240516229046744,0,0,0.15240108564943913
1.0834205935518215,-1.6587849905049288,-0.7904807747785566,-1.6910471460010026,0.578016087696764,-0.7904197960249194,-0.7904794415036949,-0.785889850843727,-1.5408265621927346,-0.8208292056470788,-1.7763568394002505e-15,-0.1278048582521457,0.5556361572403142,-1.1350965564721198,0.5565598770576685,0.0724702572362451,0.0724652854848834,0.3459695511183049,0.7516283835227737,0.582849582165237,0.5813560554541785,-1.101244471391604,-0.0586713910210677,0.127804858252142,0,0,0.15986780058316893
-0.7953100270027725,-1.430163651056099,-0.7734669112707047,1.124872725690725,0.237821325564062,-0.7642457417301824,-0.7738226501949946,-0.7697174233427454,-0.0826446626089863,-0.7949920230321893,-1.7763568394002505e-15,-0.241385911787044,0.7278225685283201,-0.6852745728470381,0.7254637636130149,-0.7985893116084491,-0.7985943296512077,-0.2371273727793436,0.7516283835227737,-0.2400369650014226,-0.2395163237072749,-0.6458172614858229,-0.6568798161279265,0.2413859117870418,0,0,0.17269574315837619
-0.6507922869601114,-0.9729209721584398,-0.0527858282527237,1.5840374033777067,0.4365557910695756,-0.0575462757723952,-0.0528215406898269,-0.0726211083404355,0.7674965825959222,-0.097388092430281,-1.7763568394002505e-15,0.2573830624314289,0.6808626381770445,0.008681564283964,0.6754030936219125,0.2160517830738871,0.216062010086844,-0.9508767194590376,0.7516283835227737,-0.2306974551102675,-0.2304291755984764,0.0538967920765202,-1.2619444982560664,-0.2573830624314313,0,0,0.09104694286597965
-0.7953100270027725,0.3988070645345384,-0.7904807747785566,0.6591796402641177,0.0680689696114355,-0.7904197960249194,-0.7904794415036949,-0.785889850843727,-0.3359019626897141,-0.8208292056470788,-1.7763568394002505e-15,0.1141721688439459,0.2269166447813989,-0.650672881798955,0.2272990476039926,0.381381947722065,0.3813820560987209,-0.0532461851601677,0.7516283835227737,-0.3336844830992236,-0.333416854164858,-0.6119970751880859,-0.2060809169786315,-0.1141721688439489,0,0,0.08931217845429233
-0.3617568068747892,0.0558750553612939,1.0095859843521795,-0.0611213470078771,-1.202313499123464,1.015589950311654,1.0084540198359313,0.9941122096243092,0.8288584834965387,0.961936394780026,-1.7763568394002505e-15,0.6425709831150036,-0.5087889307218919,1.2043622216121728,-0.512622074703526,-2.835036652059716,-2.835036714615693,-0.1669621827667628,-1.3304447010278462,-0.4439916674893556,-0.4424626314704385,1.2606441565487605,0.4572619498304057,-0.6425709831150045,1,0,0.29561507829294464
-0.072721326789467,-1.3158529813316842,1.7679331436590815,-0.2917917538079728,0.2150496680582215,1.774637524858906,1.767527795189557,1.7843617070322726,1.357686502167309,1.711214690611704,-1.7763568394002505e-15,0.4055322626943419,0.3364898156010383,1.4119723679006722,0.3343393419752121,-0.4042528162952249,-0.4042527496701693,-0.0024369096338164,-1.3304447010278462,0.6474688938445821,0.6479951415853662,1.470302363239114,-0.075812033574273,-0.405532262694344,0,0,0.09642233858864889
-0.072721326789467,-0.6299889629851951,-0.6527208307142108,0.0650945359582122,0.4586373983479665,-0.659549524551253,-0.6524660278030358,-0.6544403601157487,-0.5222190072424961,1.6337031427670443,-1.7763568394002505e-15,-0.0981750181995609,1.2600351125094231,1.1197803101613026,1.2659562005901244,0.1214616613088671,0.1214718832949466,0.0265969620955264,-1.3304447010278462,1.0071662342471863,1.0084520165677016,-1.1958331996028042,-0.6877329727236956,0.0981750181995594,0,0,0.30470028939095833
-1.517898727216078,0.741739073707783,-0.7904807747785566,0.0542138563921698,-1.0836248600021154,-0.7904197960249194,-0.7904794415036949,-0.785889850843727,-0.6460584799691954,-0.8208292056470788,-1.7763568394002505e-15,-5.209322427270054,-1.025348164585904,-0.0547548693041885,-1.0311366565625903,0.793821209914837,0.7938314676326408,-0.7234447242458466,0.7516283835227737,-1.4602313113215557,-1.4602232196558564,-0.0106445196231451,0.2807133315323935,5.209322427270051,1,0,0.3692868080773735
0.6498673734238385,1.7705351012275166,0.445589496654201,-0.4898201219099413,-0.3107686052584503,0.4397607558275239,0.4445026569556518,0.4219964143495848,0.1293328132295078,0.3935183772525381,-1.7763568394002505e-15,0.608002836386989,0.5243295370061324,-0.1105020382149892,0.5309190460866161,-1.9758008484356495,-1.9757856741947368,0.0120800262308558,0.7516283835227737,0.9488574022240274,0.9478710291757124,-0.0668318410819352,-0.7905768280429258,-0.6080028363869916,0,1,0.5540868031866036
-0.9398277670454336,-0.8586103024340248,-0.7904807747785566,-1.3363369921480264,-1.3141016359703157,-0.7904197960249194,-0.7904794415036949,-0.785889850843727,-1.358972201341816,-0.8208292056470788,-1.7763568394002505e-15,-0.2364476051116141,0.9782755304017808,-0.1124243543843272,0.9810580786895396,0.2650938242566634,0.2650888627420446,-0.6218261731931448,0.7516283835227737,-1.3539628339113827,-1.3542064917198755,-0.0673708081942498,-1.347647711022092,0.2364476051116112,0,0,0.1433417071326026
1.227938333594483,-0.2870569538119506,-0.7904807747785566,-0.2069224531928433,-1.501795297836634,-0.7904197960249194,-0.7904794415036949,-0.785889850843727,-0.7799389910250866,-0.8208292056470788,-1.7763568394002505e-15,0.4450387160977864,0.6965159482941382,-1.4061431363487715,0.7038929058119712,1.1708651321109529,1.1708551550211586,0.6508252042764111,0.7516283835227737,1.0929887575713166,1.0932653989164869,-1.373557604888522,0.0767396851492525,-0.4450387160977875,0,0,0.12143942121935146
0.3608318933385163,0.2844963948101236,1.3825560476189218,-0.8053598293251656,-0.6923663810381351,1.3820267104379067,1.3820420534739228,1.379792260667717,0.7652652407449904,1.3236569513884158,-1.7763568394002505e-15,0.3067661291857332,0.0547302334933958,1.0044413400010257,0.0506622120256299,-0.0805804081999307,-0.0805904517962669,-0.0967969927541829,-1.3304447010278462,0.6416632525608909,0.6419370428461674,1.0588009729869678,-0.1255198969785677,-0.3067661291857356,0,0,0.04331887433920085
-1.6624164672587392,-1.430163651056099,-0.7904807747785566,-0.0001895414380412,-1.6687874528794615,-0.7904197960249194,-0.7904794415036949,-0.785889850843727,-0.6739502531058394,-0.8208292056470788,-1.7763568394002505e-15,0.4154088760452016,1.291341732743605,-0.2969667066407709,1.2932250208291804,1.109138494834955,1.109148769309913,-0.3218094986565949,0.7516283835227737,-1.0023429074686965,-1.0028367648463383,-0.2550661050577861,-1.40763995995831,-0.4154088760452049,0,0,0.3511870194453317
-0.7953100270027725,-1.6587849905049288,-0.7904807747785566,0.4502705925961068,0.0832500746153289,-0.7904197960249194,-0.7904794415036949,-0.785889850843727,-0.4430063715344271,-0.8208292056470788,-1.7763568394002505e-15,-0.1376814716030055,0.9939288405188716,-0.6083819260735198,0.99082601429756,0.5448638578496734,0.5448589112030899,-0.2685807338194655,0.7516283835227737,-0.4131965267671677,-0.4121721377744441,-0.5695534150933164,-0.9379863540004896,0.1376814716030028,0,0,0.18173422502235734
0.2163141532958551,-0.74429963270961,1.7506837035795826,-1.0207972847328013,-1.0173800381669442,1.7484634705641688,1.7508710038808566,1.7661192088111657,0.969433020105225,1.6853775079968143,-1.7763568394002505e-15,0.2623213691068588,-0.2426826587313403,1.2735656037083394,-0.2366778937769596,0.3254026224483851,0.3253976641388059,0.1306350024590072,-1.3304447010278462,0.8615203637824127,0.8600285974573285,1.3299014304811785,0.3527040302558547,-0.2623213691068616,0,0,0.10221972125045824
0.7943851134664996,-0.9729209721584398,-0.092415042638705,-0.6465019076609491,-0.4888015639404731,-0.0837203300671322,-0.0932737481538132,-0.1115643137627992,-0.4095362437704546,-0.1232252750451706,-1.7763568394002505e-15,0.6376326764395683,0.759129188762502,-0.9755443144170696,0.7576165516560811,0.2031646385400557,0.2031698011568563,0.0265969620955264,0.7516283835227737,1.565517474226527,1.565797100574002,-0.938745887028772,-0.4220530131490162,-0.6376326764395742,0,0,0.14317505064319982
1.227938333594483,0.2844963948101236,-0.7904807747785566,0.5830148833018218,-0.2162317240978415,-0.7904197960249194,-0.7904794415036949,-0.785889850843727,-0.3749504450810159,-0.8208292056470788,-1.7763568394002505e-15,0.0055294219844775,-0.4305223801364344,-1.21967846792299,-0.4283736300843531,-0.5010709709069605,-0.5010810368497551,0.5927574608177253,0.7516283835227737,0.7413688311286304,0.7418956720429495,-1.1858623080249855,0.8943483349371362,-0.0055294219844795,0,0,0.09541230395314704
-1.373380987173417,-1.6587849905049288,-0.7904807747785566,0.5634296600829466,-0.3459611668583849,-0.7904197960249194,-0.7904794415036949,-0.785889850843727,-0.3849914834102073,-0.8208292056470788,-1.7763568394002505e-15,0.6573859031412933,-1.3071077466935463,-0.0797449795055819,-1.3127787999271685,0.7272080915091148,0.727203154552995,-0.624245662503923,0.7516283835227737,-1.4155531153557586,-1.4147874791118644,-0.0344938143430632,0.5618198694049574,-0.6573859031412959,0,0,0.3104554655182404
1.6614915537224662,-0.1727462840875357,-0.7904807747785566,-0.968570022815799,-1.682588457428456,-0.7904197960249194,-0.7904794415036949,-0.785889850843727,-1.1704238149381023,-0.8208292056470788,-1.7763568394002505e-15,0.7067689698955976,-1.7923603603233766,-0.0932011926909476,-1.78611667959914,-0.6520708333819571,-0.6520707799268851,-0.6919913632057247,0.7516283835227737,-1.3898063583585194,-1.390555084155069,-0.0482374757070838,0.9509124553627134,-0.7067689698956002,1,1,1.0097857176267002
0.2163141532958551,-1.3158529813316842,1.6439936917980371,1.4360601612795325,-0.4611995548424851,1.6437672533852394,1.6437916311820695,1.6535591134043337,2.137540479067875,1.5820287775372746,-1.7763568394002505e-15,0.5833113030098341,0.4930229167719505,1.1044017808065991,0.4922543009715366,-0.6988595231629408,-0.6988493447718288,-0.287936648305694,-1.3304447010278462,0.9980791435422786,0.9993648684589032,1.1597225647678644,-0.4871874548511954,-0.5833113030098396,0,0,0.16531007696779892
1.372456073637144,0.741739073707783,-0.7904807747785566,-0.8401780039365007,-1.6977695624323492,-0.7904197960249194,-0.7904794415036949,-0.785889850843727,-1.104599230335623,-0.8208292056470788,-1.7763568394002505e-15,-0.1870645383573098,-0.665322031892804,-1.340784386591281,-0.6729790176018551,0.6243134836790729,0.6243085412547423,0.7113124370458767,0.7516283835227737,0.96930335631007,0.9690743747629088,-1.3075341336299915,1.211450222171431,0.1870645383573069,0,0,0.2084160377654883
-1.0843455070880947,1.6562244315031018,-0.7904807747785566,1.1357534052567666,-1.2105941018528603,-0.7904197960249194,-0.7904794415036949,-0.785889850843727,-0.091570030012713,-0.8208292056470788,-1.7763568394002505e-15,0.0400975687124867,0.3208365054839474,-0.0605218178122023,0.3270133902691974,0.0382395707731011,0.0382548520477281,-0.7960294035692055,0.7516283835227737,-1.4516490589891424,-1.451136071547058,-0.0152257400778187,-0.8797081693195924,-0.0400975687124926,0,0,0.21862707427584013
0.9389028535091608,0.2844963948101236,-0.7593323169718739,0.0629184000450034,-0.8276162256182764,-0.7642457417301824,-0.7595454005018231,-0.7562619636619287,-0.614819694056154,-0.7949920230321893,-1.7763568394002505e-15,0.1141721688439459,0.6025960875915898,-1.2696586883257768,0.6102835229017786,0.2545866239000031,0.2545968529608448,0.3653254656045335,0.7516283835227737,0.8918106661321055,0.8933481405229223,-1.236255733026394,-0.012391656127414,-0.1141721688439489,0,0,0.040538397516397824
-0.9398277670454336,0.1701857250857087,-0.7904807747785566,0.8963784548038374,0.974104918252893,-0.7904197960249194,-0.7904794415036949,-0.785889850843727,-0.2142938318139467,-0.8208292056470788,-1.7763568394002505e-15,0.0647891020896416,1.0095821506359626,-0.2738989126087155,1.0160598479516114,-0.5342129595018238,-0.5342179634946251,-0.2830976696841369,0.7516283835227737,-1.0465162650619988,-1.0452434560207309,-0.2314862938940252,-1.1779553497453616,-0.0647891020896446,0,0,0.08649286965468782
-1.228863247130756,-0.1727462840875357,-0.7904807747785566,-1.5583028552952876,0.1212028371250622,-0.7904197960249194,-0.7904794415036949,-0.785889850843727,-1.472770635739323,-0.8208292056470788,-1.7763568394002505e-15,0.045035875387922,1.0252354607530534,-0.1047350897069753,1.0185018318536163,-0.0710606314912461,-0.0710504197365273,-0.742800638732076,0.7516283835227737,-1.3670886315962496,-1.3663226891982732,-0.0603642357341608,-1.4179243454902328,-0.0450358753879229,0,0,0.04755513602282869
0.2163141532958551,-0.6299889629851951,1.758667131840959,1.0682931919473058,-1.347914097115351,1.7484634705641688,1.7580096287274427,1.7745288711116758,2.046055463179683,1.6853775079968143,-1.7763568394002505e-15,0.400593956018912,0.8843556696992323,1.5696022937863845,0.8817507333413358,1.0717683075423512,1.071758325186178,0.1403129597021215,-1.3304447010278462,0.3294207191728058,0.3299449577774231,1.6299713702622949,-0.394627985063888,-0.4005939560189137,0,0,0.15029951947531156
0.7943851134664996,0.5131177342589534,-0.1661766847389,0.7571057563584983,-1.0884552115942634,-0.1622424929513339,-0.1670395382352,-0.183758030127181,0.2464782604034123,-0.2007368228898301,-1.7763568394002505e-15,0.1882467689753996,0.9626222202846896,-0.6179935069202097,0.955824245035488,1.1351153323432317,1.135115480776126,0.0217579834739701,0.7516283835227737,0.7426309270598674,0.7418956720429495,-0.5788505977807421,-0.8197159203833748,-0.1882467689754053,0,0,0.19386983993105644
-0.072721326789467,-0.8586103024340248,1.805887146868905,1.6384408012079177,1.5447764563537951,1.8008115791536337,1.8056004610380143,1.824598706654715,2.3796410698939447,1.7370518732265845,-1.7763568394002505e-15,-0.1722496183310201,-0.6183621015415313,1.4427294266100794,-0.6164063905387389,-0.0979489369822668,-0.097938726656494,0.0725672590003214,-1.3304447010278462,0.6063245664862492,0.6055884504109735,1.501158230419121,0.7657935157880978,0.1722496183310157,0,0,0.2072875284798259
0.3608318933385163,0.1701857250857087,-0.6221482267493322,1.6645544321664183,1.6130914288713154,-0.6333754702565254,-0.6215319868011638,-0.6250712317739662,0.3223438833350839,1.452842864462845,-1.7763568394002505e-15,0.3857790359926168,0.9626222202846896,1.292788765401719,0.9566382396694896,-0.4065568048071682,-0.40655167459327,0.2395120214440459,-1.3304447010278462,0.3581965064050141,0.3572064021038182,-0.8184214792045523,-0.6071719527236311,-0.3857790359926223,0,0,0.40925598160071314
-0.2172390668321281,-1.430163651056099,1.5332988782984898,-1.6388198840839994,-0.4004751348269112,1.5390710362063105,1.5343327168677534,1.537376394237282,0.4673811036456332,1.4786800470777348,-1.7763568394002505e-15,0.1388637022210953,1.0408887708701444,1.454263323626107,1.036816711118654,0.9698358048052078,0.9698460718770918,-0.0193733348092669,-1.3304447010278462,0.0722055683866624,0.0724757613614693,1.5138239575585128,-0.6448813663406828,-0.138863702221101,0,0,0.19784015803256916
-0.7953100270027725,0.2844963948101236,-0.7030556915228251,0.5264353495584027,-0.6419927144343066,-0.7118976331407177,-0.7024364017291365,-0.7025695043586699,-0.3292079371369193,-0.7433176578024193,-1.7763568394002505e-15,0.2425681424051393,0.5243295370061324,-0.5487901248240432,0.5207441131615952,-0.1949443214795351,-0.1949391800197478,5.9833796452325005,0.7516283835227737,-0.3692755883601128,-0.3697654466000515,-0.5087848731798528,1.1908814511075847,-0.2425681424051399,1,1,2.425118458946018
1.6614915537224662,-0.4013676235363654,-0.7904807747785566,0.0259240895204603,0.0873903759800272,-0.7904197960249194,-0.7904794415036949,-0.785889850843727,-0.6605622020002502,-0.8208292056470788,-1.7763568394002505e-15,0.1438020088965307,0.6495560179428627,-0.3046559713181228,0.6522042465528647,-3.15407576457605,-3.154070780375688,-0.4234280497092976,0.7516283835227737,-0.9892171097838296,-0.9907205673679405,-0.262072677517875,-0.891706619106836,-0.1438020088965315,0,0,0.12665210343463282
-1.0843455070880947,-1.0872316418828545,-0.7904807747785566,-0.968570022815799,-0.1127241899803863,-0.7904197960249194,-0.7904794415036949,-0.785889850843727,-1.1704238149381023,-0.8208292056470788,-1.7763568394002505e-15,0.464791942799506,1.0095821506359626,-0.1085797220456512,1.0058849150265905,0.9438842858520086,0.94387936041088,-0.7839319570153123,0.7516283835227737,-1.3585063792638363,-1.357235541089475,-0.0649454561888344,-1.4179243454902328,-0.4647919427995092,0,0,0.12257537534442704
-1.0843455070880947,-0.2870569538119506,-0.7904807747785566,0.3566967483281438,1.1417871235231698,-0.7904197960249194,-0.7904794415036949,-0.785889850843727,-0.4909802213294548,-0.8208292056470788,-1.7763568394002505e-15,0.4499770227732163,-1.8549736007917403,-0.2777435449473914,-1.84960826105127,-0.2413532329343725,-0.2413531576522177,-0.6726354487194953,0.7516283835227737,-1.0399533662195652,-1.0391853572815315,-0.2349895801240697,1.1274610736607256,-0.449977022773218,1,0,0.421846499326574
1.5169738136798052,-0.4013676235363654,-0.7904807747785566,-0.7487802955817456,1.0686417994135011,-0.7904197960249194,-0.7904794415036949,-0.785889850843727,-1.0577410514660606,-0.8208292056470788,-1.7763568394002505e-15,0.6771391298430128,0.6495560179428627,-1.7348592013055624,0.6526112438698657,0.2537004744723323,0.2536955123522283,1.1734348954045948,0.7516283835227737,1.7136875365537754,1.7142205196843752,-1.704887637183881,0.477830720894252,-0.6771391298430176,0,0,0.11751466366954104
-0.9398277670454336,0.1701857250857087,-0.7904807747785566,-0.909814353159171,-0.5909289976030291,-0.7904197960249194,-0.7904794415036949,-0.785889850843727,-1.140300699950527,-0.8208292056470788,-1.7763568394002505e-15,0.4845451695012255,-1.6201739490353708,-0.254675750915336,-1.6220967608478032,0.9535559738911524,0.9535611763865812,-0.7234447242458466,0.7516283835227737,-1.0851364005578574,-1.0846210978255235,-0.2108708018479943,0.9063467847243798,-0.4845451695012309,1,0,0.3476239001948291
-0.2172390668321281,-0.6299889629851951,1.5105788267218505,1.1879806671737696,-1.5349177087542198,1.5128969819115732,1.5105373007124674,1.513570580955837,1.8965555591672707,1.452842864462845,-1.7763568394002505e-15,0.0944189421422263,-1.3697209871619105,1.1793721114107794,-1.373014402843292,-0.465219896918934,-0.4652097061113289,-0.2032545224284427,-1.3304447010278462,0.5457439617868631,0.5450074630189846,1.2349084769357417,1.1548861017458538,-0.0944189421422272,1,0,0.41921788515061725
-1.228863247130756,-0.74429963270961,-0.7904807747785566,0.6461228247848665,1.7055581593495754,-0.7904197960249194,-0.7904794415036949,-0.785889850843727,-0.3425959882425089,-0.8208292056470788,-1.7763568394002505e-15,0.1042955554930861,0.3208365054839474,-0.3123452359954746,0.3245714063671923,1.1007327345496285,1.1007328811553017,4.570397887737784,0.7516283835227737,-0.9730622818639934,-0.9725462711503436,-0.2706961513149075,0.8052169936604697,-0.1042955554930881,1,1,1.3464146073494188
-0.7953100270027725,0.3988070645345384,-0.7827067479141996,-0.8858768581138783,-0.5095030707639644,-0.7904197960249194,-0.7833408166571091,-0.7785152239032793,-1.1213342942176088,-0.8208292056470788,-1.7763568394002505e-15,0.6376326764395683,-1.745400429972101,-0.646828249460279,-1.7397189854610446,-0.5310228215622133,-0.5310278253854764,-0.290356137616473,0.7516283835227737,-0.3261119075118004,-0.3273587554256592,-0.6084937889580415,1.3811425834481612,-0.6376326764395742,1,1,0.6394670206810047
-1.228863247130756,1.0846710828810275,-0.7904807747785566,0.0912081669167138,0.6028578958849533,-0.7904197960249194,-0.7904794415036949,-0.785889850843727,-0.6270920742362773,-0.8208292056470788,-1.7763568394002505e-15,-0.0142238047172474,0.5869427774744989,-0.2296856407139425,0.5846426919307262,-0.6225747167180783,-0.6225695979841872,-0.6460210663009306,0.7516283835227737,-1.132338788386129,-1.133085887739115,-0.1856740893472899,-0.9465566752770924,0.0142238047172422,0,0,0.07115197297363762
-0.9398277670454336,-0.9729209721584398,-0.7904807747785566,0.3240547096300174,1.413666913138352,-0.7904197960249194,-0.7904794415036949,-0.785889850843727,-0.507715285211441,-0.8208292056470788,-1.7763568394002505e-15,-0.0636068714715517,0.414756366186493,-0.3085006036567987,0.4173667946433828,0.4197395586626446,0.4197447327890536,-0.3508433703859386,0.7516283835227737,-0.982654210941396,-0.9816334192591422,-0.2655759637479195,-0.6705923301704902,0.0636068714715463,0,0,0.12724264493469303
1.6614915537224662,-0.2870569538119506,-0.7904807747785566,0.7179353099207464,1.6807163511613863,-0.7904197960249194,-0.7904794415036949,-0.785889850843727,-0.3057788477021382,-0.8208292056470788,-1.7763568394002505e-15,0.3067661291857332,1.291341732743605,-0.1393367807550586,1.286713063757167,0.176402925824417,0.1764030233077141,-0.6629574914763811,0.7516283835227737,-1.3001975472406777,-1.299683603067085,-0.0960708069249987,-1.5996151565542072,-0.3067661291857356,0,0,0.27589891927362103
0.6498673734238385,1.7705351012275166,0.4961075836852074,-1.704103961480253,-1.3762061564407884,0.4921088644169886,0.4968525724972811,0.472713146992663,-0.4508160680126875,0.445192742482308,-1.7763568394002505e-15,0.3363959692383125,-0.0861495575604254,-0.0143862297480914,-0.0860888864866504,1.123772619669051,1.1237626400765843,-0.9121648904865796,0.7516283835227737,0.8481421469112983,0.8479123999789304,0.0313949151373884,-0.5951735029363875,-0.3363959692383182,0,0,0.2561165577780247
-0.2172390668321281,1.0846710828810275,1.3895971695937093,0.2391854090148879,-0.2707456920663678,1.3820267104379067,1.3891806783205085,1.3871668876081653,1.3074813105213496,1.3236569513884158,-1.7763568394002505e-15,0.5783729963344042,0.2738765751326718,0.9640727004449284,0.277766714912096,0.9652531463363982,0.9652583494534596,4.672016438790486,-1.3304447010278462,0.7547470479997448,0.754011869521347,1.018378439563378,1.0091906400436108,-0.578372996334409,1,1,1.420847189821614
-0.9398277670454336,0.741739073707783,-0.7904807747785566,0.6461228247848665,-0.0195674092746766,-0.7904197960249194,-0.7904794415036949,-0.785889850843727,-0.3425959882425089,-0.8208292056470788,-1.7763568394002505e-15,-0.2117560717344647,0.7747824988795929,-0.2700542802700396,0.7751174362871174,-1.3148852867241652,-1.3148700773597022,0.2540289573087183,0.7516283835227737,-1.0528267447181847,-1.054330604129529,-0.2281177494420594,-0.824858113149336,0.2117560717344592,0,0,0.07205614906337185
-0.072721326789467,-0.4013676235363654,1.7675405160396698,-1.61053011721229,0.0625485677918375,1.774637524858906,1.767527795189557,1.7839735687722489,0.6815899213350585,1.711214690611704,-1.7763568394002505e-15,0.4055322626943419,-0.1800694182629738,1.4484963751180933,-0.1796982693968427,-0.6624261224081582,-0.6624311332146914,0.0967621521081063,-1.3304447010278462,0.5778011984402881,0.5783270060845784,1.5073563522107385,0.4075540864261111,-0.405532262694344,0,0,0.052462784037019615
-0.6507922869601114,1.5419137617786869,-0.0555865719378624,0.8702648238453365,1.3770942510835176,-0.0575462757723952,-0.0552010823053555,-0.0754674555806084,0.3982095062667555,-0.097388092430281,-1.7763568394002505e-15,0.6672625164921531,0.1173434739617595,0.0663510493641027,0.1157817827457639,-0.6943275018042854,-0.6943223868836087,-0.6387625983685953,0.7516283835227737,-0.3339369022854709,-0.333416854164858,0.1125094655407257,-0.7391549003833104,-0.6672625164921567,0,0,0.4262506362411471
-1.228863247130756,-0.6299889629851951,-0.7904807747785566,1.4295317535399068,-0.9835675770219088,-0.7904197960249194,-0.7904794415036949,-0.785889850843727,0.0590455449251647,-0.8208292056470788,-1.7763568394002505e-15,0.232691529054274,-1.6201739490353708,-0.0547548693041885,-1.6261667340178116,-3.054067472024704,-3.0540523550869536,-0.9557156980805948,0.7516283835227737,-1.462250664811535,-1.463252269025456,-0.009566585398516,0.7160856523838032,-0.2326915290542791,1,0,0.4944996539110083
-1.228863247130756,1.4276030920542722,-0.7904807747785566,1.4687021999776588,0.996876575758733,-0.7904197960249194,-0.7904794415036949,-0.785889850843727,0.0791276215835483,-0.8208292056470788,-1.7763568394002505e-15,-0.1475580849538652,0.9000089798163232,-0.2373749053912943,0.8976236287043684,0.0535319780391809,0.0535371327039352,-0.3968136672907328,0.7516283835227737,-1.1151742837213028,-1.1149115915215182,-0.194836530256637,-1.133389679107028,0.1475580849538635,0,0,0.20390420487264782
-1.228863247130756,0.3988070645345384,-0.7904807747785566,-0.8641154989817935,0.8975093430059763,-0.7904197960249194,-0.7904794415036949,-0.785889850843727,-1.116871610515746,-0.8208292056470788,-1.7763568394002505e-15,0.232691529054274,-1.9488934614942888,-0.1431814130937344,-1.9550205661544864,0.4562489150826548,0.4562540911493097,-0.5927923014638011,0.7516283835227737,-1.2931298100257491,-1.293625504327886,-0.0998435767112004,1.1531720374905337,-0.2326915290542791,1,0,0.4159854818990249
1.6614915537224662,-1.3158529813316842,-0.7904807747785566,0.2805319913658479,-1.7060501651617457,-0.7904197960249194,-0.7904794415036949,-0.785889850843727,-0.5300287037207565,-0.8208292056470788,-1.7763568394002505e-15,-0.0685451781469816,-0.0078830069749707,-0.1258805675696929,-0.0120153747924983,-0.2308460325777122,-0.2308408930258804,-0.5347245580051136,0.7516283835227737,-1.3267015617966589,-1.3269450473934803,-0.0819229202267422,-0.4786171335745928,0.0685451781469768,0,0,0.34222570528263074
0.5053496333811774,-0.74429963270961,1.1136061283217236,0.8115091541887094,-0.3273298107172433,1.1202861674905833,1.11315385091919,1.101108989970803,1.3643805277201038,1.065285125239566,-1.7763568394002505e-15,0.0302209553616269,0.6652093280599536,0.973684281291618,0.6697051311839008,0.3868254370634682,0.3868204820181264,-0.4210085603985186,-1.3304447010278462,0.1489410010058848,0.1482019956014557,1.0288882982535112,-0.7580096071918365,-0.0302209553616317,0,0,0.05187826553229196
-0.6507922869601114,-0.74429963270961,-0.2081878400159806,1.007361386377469,1.675885999569239,-0.2145906015407986,-0.2074917456991863,-0.2247713062696703,0.3390789472170701,-0.2524111881196001,-1.7763568394002505e-15,-2.1821404352312017,0.3208365054839474,0.1701561225083523,0.3266063929521963,-0.0389060665443549,-0.0389059805033924,-0.7839319570153123,0.7516283835227737,-0.8276688305854668,-0.8271519014095697,0.1899859879359399,-1.0065489242133103,2.182140435231199,0,0,0.28304780162079135
-0.072721326789467,0.9703604131566128,1.8159122387512243,-0.5094053451288172,-0.7579211526458564,1.8269856334483705,1.8151186275001288,1.835207819095359,1.2862835629375005,1.762889055841474,-1.7763568394002505e-15,0.1833084622999697,-0.665322031892804,1.5580683967703568,-0.6721650229678536,-0.7608646645447762,-0.7608595531601359,0.394359337333878,-1.3304447010278462,0.4430093529841545,0.4420197844526031,1.6186530609036895,0.9783374834478415,-0.183308462299975,1,0,0.1539907340896887
1.227938333594483,0.0558750553612939,-0.7904807747785566,-0.8205927807176248,-0.8545281844888148,-0.7904197960249194,-0.7904794415036949,-0.785889850843727,-1.094558192006431,-0.8208292056470788,-1.7763568394002505e-15,0.6968923565447378,1.1817685619239655,-1.4369001950581788,1.186591723774962,1.243048332633457,1.2430535505136031,0.730668351532107,0.7516283835227737,1.1528121047119602,1.1538463863084756,-1.4054914062931576,-0.286641936978696,-0.6968923565447394,0,0,0.11183089950887463
-0.6507922869601114,0.3988070645345384,-0.0616068621021792,-1.2949904097970657,1.1693891326211583,-0.0575462757723952,-0.0623397071519413,-0.0812895294809617,-0.7163457482735381,-0.097388092430281,-1.7763568394002505e-15,-0.0685451781469816,0.5869427774744989,0.0009922996066122,0.582200708028721,0.3175791889298143,0.3175894213383184,-0.887969997378793,0.7516283835227737,-0.2420563184914021,-0.2425453730768743,0.0464859942821953,-1.1608147071921562,0.0685451781469768,0,0,0.21810656381015048
-1.517898727216078,-0.9729209721584398,-0.7904807747785566,-0.5507519274797772,0.8981993932334253,-0.7904197960249194,-0.7904794415036949,-0.785889850843727,-0.9562149972486764,-0.8208292056470788,-1.7763568394002505e-15,0.0993572488176562,0.1016901638446686,-0.162404574787114,0.0966529088467247,0.836255108222698,0.8362552407730323,-0.5250466007619994,0.7516283835227737,-1.2577911239511077,-1.2572769118926928,-0.1187074256422091,-0.5437515752767726,-0.0993572488176578,0,0,0.07069664162191923
-1.517898727216078,-1.0872316418828545,-0.7904807747785566,0.3262308455432254,0.0301162071017017,-0.7904197960249194,-0.7904794415036949,-0.785889850843727,-0.5065996142859754,-0.8208292056470788,-1.7763568394002505e-15,0.4944217828520907,0.4460629864206776,-0.2277633245446046,0.4503335773204505,0.0165415690727195,0.0165315306378118,-0.5032711969649918,0.7516283835227737,-1.1356202378073457,-1.1361149371087145,-0.1839224462322677,-0.7940049565535668,-0.4944217828520918,0,0,0.06664810000010493
-1.373380987173417,-0.8586103024340248,-0.7904807747785566,-0.7683655188006216,-1.5169764028405273,-0.7904197960249194,-0.7904794415036949,-0.785889850843727,-1.0677820897952524,-0.8208292056470788,-1.7763568394002505e-15,0.4203471827206315,-0.0704962474433344,-0.1931616334965213,-0.0726579750256229,1.271481069984132,1.2714913530865848,-0.6871523845841676,0.7516283835227737,-1.2002395494866909,-1.199724973870303,-0.1494285510441375,-0.4271952059149779,-0.4203471827206355,0,0,0.16023477249356358
-0.072721326789467,0.9703604131566128,1.773586981378614,0.633066009305617,1.370193748809021,1.774637524858906,1.7746664200361426,1.7904425397726416,1.83630932919212,1.711214690611704,-1.7763568394002505e-15,0.5635580763081146,-1.24449450622518,1.281254868385691,-1.251729202377043,-0.1148617317732254,-0.1148515223462656,0.2540289573087183,-1.3304447010278462,0.922353387668046,0.9236386342189168,1.3382554207220536,1.249159635788482,-0.5635580763081178,0,0,0.3547776072526463
-0.7953100270027725,1.4276030920542722,-0.7904807747785566,0.600423970607489,-1.467292786464149,-0.7904197960249194,-0.7904794415036949,-0.785889850843727,-0.36602507767729,-0.8208292056470788,-1.7763568394002505e-15,-0.1179282449012859,0.4460629864206776,-0.385393250430317,0.4417866336634327,1.066096951205261,1.06609709597026,-0.3895551993583967,0.7516283835227737,-0.8347365678003952,-0.8332100001487687,-0.3445346457019987,-0.6517376233619647,0.1179282449012811,0,0,0.2162390409232411
-1.228863247130756,0.6274284039833682,-0.7904807747785566,0.5503728446036955,0.1094719832584177,-0.7904197960249194,-0.7904794415036949,-0.785889850843727,-0.3916855089630021,-0.8208292056470788,-1.7763568394002505e-15,-0.0142238047172474,0.2269166447813989,-0.1066574058763133,0.2272990476039926,-0.5873566066069585,-0.5873565497127283,-0.6048897480176944,0.7516283835227737,-1.3627975054300432,-1.3632936398286737,-0.0626548459614976,-0.7117298722981822,0.0142238047172422,0,0,0.026550705016059828
-1.373380987173417,0.741739073707783,-0.7904807747785566,-0.7857746061062896,-1.214044352990109,-0.7904197960249194,-0.7904794415036949,-0.785889850843727,-1.0767074571989783,-0.8208292056470788,-1.7763568394002505e-15,0.2623213691068588,-1.8236669805575585,-0.1335698322470447,-1.826409413982223,0.5063543355786346,0.5063645780193641,-0.6774744273410525,0.7516283835227737,-1.3140806024842868,-1.3148288499150824,-0.0886600091306739,1.0143328328095718,-0.2623213691068616,1,0,0.4495815189605373
0.7943851134664996,-0.6299889629851951,-0.0186272253638824,1.4578215204116172,1.5640978627223872,-0.0313722214776675,-0.0195079580724264,-0.0391118385584018,0.731795112981018,-0.0715509098154006,-1.7763568394002505e-15,-0.1475580849538652,-1.9958533918455617,-0.6718183596616724,-1.9993832737075776,-0.3024975434436143,-0.3025025351221827,-0.2710002231302436,0.7516283835227737,1.108133908746163,1.1084106457644836,-0.6331515343464313,1.6211115791930333,0.1475580849538635,1,0,0.3522062513964985
-0.7953100270027725,-0.2870569538119506,-0.75658392363599,-0.7640132469742048,-0.8655689881280099,-0.7642457417301824,-0.7571658588862944,-0.7536743752617716,-1.0365433038822114,-0.7949920230321893,-1.7763568394002505e-15,0.2079999956771246,0.8373957393479594,-0.4411404193411177,0.8414579989582534,-0.5127175062420557,-0.5127275728037896,-0.2177714582931141,0.7516283835227737,-0.668897162435826,-0.669641334190398,-0.4004524836046315,-0.9054191331494004,-0.207999995677127,0,0,0.05151284444311798
-0.9398277670454336,0.8560497434321979,-0.7904807747785566,-0.0763542984003363,-0.301797952301604,-0.7904197960249194,-0.7904794415036949,-0.785889850843727,-0.7129987354971408,-0.8208292056470788,-1.7763568394002505e-15,-0.0389153380943968,0.4304096763035867,-0.1412590969243965,0.436088671225421,-0.6933907152664639,-0.6933906640072858,-0.5274660900727783,0.7516283835227737,-1.2974209361919558,-1.2966545536974858,-0.0975529664838637,-0.8437128199578621,0.0389153380943942,0,0,0.043731089352030635
0.0717964132531941,-1.2015423116072694,1.92074381313422,-0.117700880751297,-1.6184137862756338,1.9316818506273,1.919818458583388,1.946474120302112,1.5774736744840636,1.866237786301014,-1.7763568394002505e-15,0.2623213691068588,-2.105426562665201,1.5561460806010188,-2.1113075358828075,-0.2238581113766579,-0.2238428440308912,0.2443510000656022,-1.3304447010278462,0.6686721054893673,0.6691984871725625,1.6154192582298024,2.14561524132111,-0.2623213691068616,1,1,0.7187120217135434
-1.228863247130756,0.741739073707783,-0.7904807747785566,1.666730568079628,1.1866403883074008,-0.7904197960249194,-0.7904794415036949,-0.785889850843727,0.1806536758009329,-0.8208292056470788,-1.7763568394002505e-15,0.0203443420107671,0.5869427774744989,-0.2642873317620257,0.5883056677837337,1.1717259629835466,1.1717362407846377,-0.3701992848721672,0.7516283835227737,-1.0644380272855671,-1.0634177522383277,-0.2219196276504423,-0.8471409484685031,-0.0203443420107709,0,0,0.13036026388579877
0.2163141532958551,0.8560497434321979,1.7575154241573512,0.6504750966112841,0.6173489506613975,1.7484634705641688,1.7580096287274427,1.773364456331605,1.8318466454902569,1.6853775079968143,-1.7763568394002505e-15,-0.033977031418967,0.2895298852497627,1.4581079559647832,0.2944536049091307,1.2118558727794675,1.2118610890019283,0.2999992542135116,-1.3304447010278462,0.4952601245373748,0.4965426731053932,1.5166535348981638,0.0733115566386115,0.0339770314189637,0,0,0.07164868273710402
-1.517898727216078,-1.544474320780514,-0.7904807747785566,0.2391854090148879,0.3420189099089662,-0.7904197960249194,-0.7904794415036949,-0.785889850843727,-0.5512264513046057,-0.8208292056470788,-1.7763568394002505e-15,-0.0734834848224115,1.306995042860696,-0.1720161556338038,1.2993299805841931,0.6552527579822978,0.6552478172021993,-0.7089277883811752,0.7516283835227737,-1.240374200100034,-1.239102615675096,-0.1280046083296348,-1.6030432850648482,0.0734834848224071,0,0,0.24566678683877882
1.372456073637144,-1.0872316418828545,-0.7904807747785566,-1.305871089363108,0.7174062336416044,-0.7904197960249194,-0.7904794415036949,-0.785889850843727,-1.3433528083852952,-0.8208292056470788,-1.7763568394002505e-15,-0.0981750181995609,-0.9314283038833556,-1.438822511227517,-0.9261313487763746,1.2603662243056386,1.2603714431061237,0.7427657980859994,0.7516283835227737,1.1548314582019397,1.1538463863084756,-1.4065693405177868,1.4959848885546352,0.0981750181995594,0,0,0.14881927011024906
1.6614915537224662,-1.3158529813316842,-0.7904807747785566,1.4251794817134908,0.872667534817787,-0.7904197960249194,-0.7904794415036949,-0.785889850843727,0.0568142030742336,-0.8208292056470788,-1.7763568394002505e-15,-0.033977031418967,-0.2583359688484313,-0.0835896118442578,-0.252957786456993,0.1049286448440512,0.1049236748176488,-0.6556990235440449,0.7516283835227737,-1.4057087670921082,-1.4057003310030662,-0.03974874368813,-0.3363498003829906,0.0339770314189637,0,0,0.3319032668232153
-1.0843455070880947,-1.3158529813316842,-0.7904807747785566,-1.7454505438312136,1.6738158488868895,-0.7904197960249194,-0.7904794415036949,-0.785889850843727,-1.5687183353293783,-0.8208292056470788,-1.7763568394002505e-15,0.2129383023525545,-0.9940415443517192,-0.0528325531348505,-0.9888089355945032,0.1864797107447805,0.1864798087635964,-0.9049064225542436,0.7516283835227737,-1.4662893717914942,-1.4662813183950554,-0.0074107169492579,0.1932960545110472,-0.2129383023525576,0,0,0.3488682134345273
-0.2172390668321281,1.0846710828810275,1.4680441679522205,-0.248269035543804,1.4081465113187543,1.4605488733221084,1.4677055516329525,1.4690640604731358,1.124511278744965,1.4011684992330753,-1.7763568394002505e-15,0.0351592620370568,0.4460629864206776,1.1178579939919648,0.4523685639054546,0.4480457032379379,0.4480610062912105,-0.0846995462002896,-1.3304447010278462,0.5725003955290919,0.5722689073453797,1.1731967425757277,-0.3877717280426061,-0.035159262037062,0,0,0.15285839431869547
0.6498673734238385,0.741739073707783,0.559582382156809,-1.3363369921480264,1.2977384749268026,0.5706310273011902,0.5587206545010248,0.5364972010565343,-0.2075998062611519,0.5227042903269675,-1.7763568394002505e-15,0.5981262230361292,-1.6201739490353708,0.1816900195243801,-1.6139568145077867,-0.3851373072126279,-0.3851423032829841,-0.7476396173536332,0.7516283835227737,0.6121302077699401,0.6116465491501729,0.2294653289129794,0.6132417970645723,-0.5981262230361307,1,0,0.3462338872564348
-0.3617568068747892,-1.2015423116072694,1.0811227366090397,-1.28846200205744,-1.5266371060248232,1.0941121131958464,1.0822198099173184,1.0677290996087772,0.2609819824344674,1.0394479426246763,-1.7763568394002505e-15,0.6030645297115591,-1.6827871895037372,1.5311559703996254,-1.685181344982933,0.4480203846828607,0.4480306240235041,0.4064567838877705,-1.3304447010278462,-0.9238405405457422,-0.9240814812367524,1.5900878039510191,1.816514904299572,-0.6030645297115611,1,1,0.8586597524900452
1.227938333594483,0.0558750553612939,-0.7904807747785566,1.3076681424002334,0.1343137914466069,-0.7904197960249194,-0.7904794415036949,-0.785889850843727,-0.003432026900918,-0.8208292056470788,-1.7763568394002505e-15,0.0549124887387818,-0.5087889307218919,-1.2754256368337906,-0.5118080800695243,-0.3689587505188774,-0.3689688094407291,0.6000159287500615,0.7516283835227737,0.8483945660975455,0.8479123999789304,-1.242992821930326,1.0023343830223288,-0.0549124887387838,0,0,0.07914290440273018
-0.2172390668321281,-0.5156782932607803,1.5194783860951886,-1.3711551667593616,1.576518766816481,1.5128969819115732,1.520055467174582,1.5228858991964025,0.592336247297798,1.452842864462845,-1.7763568394002505e-15,0.6228177564132786,0.2895298852497627,1.1620712658867378,0.2887556424711189,-0.4271154715291149,-0.4271103424077827,-0.1645426934559847,-1.3304447010278462,0.6439350252371179,0.6449660922157667,1.217526787563598,-0.2437903305956832,-0.6228177564132827,0,0,0.14728114344746077
-0.9398277670454336,-0.4013676235363654,-0.7904807747785566,-0.2047463172796345,1.3688136483541218,-0.7904197960249194,-0.7904794415036949,-0.785889850843727,-0.7788233200996206,-0.8208292056470788,-1.7763568394002505e-15,0.0697274087650715,0.6808626381770445,-0.0701333986588921,0.6754030936219125,-0.0241200303798033,-0.0241300709756216,-0.8928089760003501,0.7516283835227737,-1.431960362461842,-1.4329617753294617,-0.0257355987679521,-1.1933819280432465,-0.0697274087650752,0,0,0.11652091980966021
0.6498673734238385,1.3132924223298572,0.424623181777602,0.4763842235546076,-0.2238222765997881,0.4135867015327962,0.425466324031423,0.4009075688883049,0.6068399693288531,0.3676811946376577,-1.7763568394002505e-15,0.1388637022210953,0.0860368537275777,0.1816900195243801,0.0921759383597155,1.1207090745048225,1.1206940310382598,-0.9823300804991596,0.7516283835227737,0.3339642645252595,0.3329740071470225,0.2283873946883504,-0.8899925548515158,-0.138863702221101,0,0,0.1738815687882139
-0.3617568068747892,1.5419137617786869,1.1151242884501162,1.1966852108266033,-1.14296917956279,1.1202861674905833,1.1155333925347186,1.1026615430108972,1.5640856233784748,1.065285125239566,-1.7763568394002505e-15,-0.2463242184624738,-0.7748952027124434,1.2870218168937049,-0.7824612958750801,0.1558695776575475,0.1558747377609073,0.2274145748901518,-1.3304447010278462,-0.4588843994779545,-0.4576078783184358,1.3437798336232776,0.8497826642988032,0.2463242184624721,0,0,0.3879569381811398
0.7943851134664996,-1.3158529813316842,-0.0567644547960982,-1.630115340431166,0.3585801153677597,-0.0575462757723952,-0.0575806239208841,-0.076631870360679,-0.8836963870934021,-0.097388092430281,-1.7763568394002505e-15,0.1487403155719605,0.4617162965377686,-0.864049976595468,0.4544035504904586,-0.0093846313254025,-0.0093845437155571,0.0144995155416339,0.7516283835227737,1.4085127403806184,1.40828653335483,-0.8266407276673489,-0.2420762663403624,-0.1487403155719618,0,0,0.1972270063344026
0.9389028535091608,-0.1727462840875357,-0.7140492648663602,-1.4821380983329917,-1.6322147908246274,-0.7118976331407177,-0.7143341098067795,-0.7130492373793059,-1.3690132396710075,-0.7433176578024193,-1.7763568394002505e-15,0.2623213691068588,0.6182493977086807,-1.3119496440512115,0.6208654531438005,1.2584420141198416,1.2584472328180665,0.5806600142638312,0.7516283835227737,1.053358945330468,1.0538877571116934,-1.2788341348992427,0.0664552996173296,-0.2623213691068616,0,0,0.1261186553265989
-0.072721326789467,-1.3158529813316842,1.7796334467175583,-0.5899223739175299,1.6055008763693688,1.774637524858906,1.7794255032672,1.7967821313530266,1.2148806237076917,1.711214690611704,-1.7763568394002505e-15,0.4499770227732163,0.0860368537275777,1.7253099035027588,0.0795590215326895,0.5483324998951252,0.5483427445667316,0.4911389097650226,-1.3304447010278462,0.0838168509540449,0.0845919588398671,1.7861370910554306,0.4795447851495728,-0.449977022773218,0,0,0.23879016978781606
-0.6507922869601114,0.3988070645345384,-0.6154212068700738,-0.2656781228494712,-1.334113092566357,-0.6072014159617884,-0.6143933619545779,-0.6187316401935814,-0.6605622020002502,-0.2524111881196001,-1.7763568394002505e-15,-0.1673113116555903,-0.8218551330637162,-0.0374540237801469,-0.8182770597711534,0.6199586922059502,0.6199537495501906,-0.7839319570153123,0.7516283835227737,-0.451059404704284,-0.451549779579237,-0.3818581182297801,0.3218508736600855,0.1673113116555852,0,0,0.29168602839586116
-0.7953100270027725,0.6274284039833682,-0.7601960977345802,0.6178330579131578,-0.5129533219012127,-0.7642457417301824,-0.7595454005018231,-0.7570382401819759,-0.3303236080623856,-0.7949920230321893,-1.7763568394002505e-15,0.3018278225103034,0.2895298852497627,-0.4911206397439046,0.2936396102751286,-2.225619031373407,-2.225619061542629,-0.5347245580051136,0.7516283835227737,-0.580298028062974,-0.5787698531024142,-0.4512501339402763,-0.5008999688937599,-0.3018278225103051,0,0,0.07394492478624833
-1.0843455070880947,0.741739073707783,-0.7904807747785566,0.9442534448944244,-1.111916919327553,-0.7904197960249194,-0.7904794415036949,-0.785889850843727,-0.1897490714536993,-0.8208292056470788,-1.7763568394002505e-15,0.0944189421422263,0.4930229167719505,-0.0547548693041885,0.4959172768245437,0.1301965628101895,0.1301814667040505,-0.5081101755865489,0.7516283835227737,-1.4604837305078031,-1.4602232196558564,-0.0105097778450665,-0.9431285467664514,-0.0944189421422272,0,0,0.11712623089859635
1.0834205935518215,1.3132924223298572,-0.7904807747785566,-1.1165472649139732,-1.2030035493509137,-0.7904197960249194,-0.7904794415036949,-0.785889850843727,-1.246289437869774,-0.8208292056470788,-1.7763568394002505e-15,0.0499741820633519,-1.8706269109088316,-1.1447081373188095,-1.865888153731304,0.5955769236674828,0.5955871708498367,0.2322535535117098,0.7516283835227737,0.5982471525263309,0.5995303516717748,-1.1094637198544002,1.953640044725212,-0.0499741820633534,1,1,0.6199065564645804
0.2163141532958551,-1.3158529813316842,1.6418735026532127,0.5394921650376538,-0.272815842748717,1.6437672533852394,1.641412089566541,1.6513596632642,1.6756527159250507,1.5820287775372746,-1.7763568394002505e-15,0.1536786222473904,0.6495560179428627,1.335079721127154,0.6428433082618459,0.4603505210050133,0.4603556972896433,0.3362915938751906,-1.3304447010278462,0.5152012402509228,0.5147169693229902,1.3933648079562146,-0.2900700654893369,-0.1536786222473924,0,0,0.09728070852012514
0.7943851134664996,-0.9729209721584398,-0.0222655746371,-0.2025701813664265,0.3923925765127947,-0.0313722214776675,-0.021887499687955,-0.0426050828986137,-0.1228088159257544,-0.0715509098154006,-1.7763568394002505e-15,0.3314576625628826,0.5399828471232233,-0.6564398303069687,0.5443499575476436,-2.2143522743644577,-2.214347240223637,0.9363249429482904,0.7516283835227737,1.086930697101378,1.087207300177288,-0.6177909716454671,-0.1889402744254268,-0.3314576625628877,0,0,0.2916439495414456
1.227938333594483,-0.0584356143631209,-0.7904807747785566,-1.005564333340342,0.2916452433051383,-0.7904197960249194,-0.7904794415036949,-0.785889850843727,-1.18939022067102,-0.8208292056470788,-1.7763568394002505e-15,0.6623242098167231,-1.4479875377473677,-1.4445894597355309,-1.4556348581944616,1.0018131398665628,1.0018082175039904,0.4524270807925655,0.7516283835227737,1.16467580646559,1.1659625837868737,-1.4118242698628534,1.8627946391932249,-0.6623242098167262,1,0,0.10175855893280533
-1.517898727216078,0.0558750553612939,-0.7904807747785566,-1.4429676518952397,1.6814064013888363,-0.7904197960249194,-0.7904794415036949,-0.785889850843727,-1.413640076689638,-0.8208292056470788,-1.7763568394002505e-15,0.1536786222473904,0.6025960875915898,-0.3123452359954746,0.6013295819277602,-0.3153340508672951,-0.3153339795167581,-0.3581018383182748,0.7516283835227737,-0.9760913120989624,-0.9755753205199432,-0.269079249977964,-0.824858113149336,-0.1536786222473924,0,0,0.11923542321388304
-0.2172390668321281,-0.2870569538119506,1.447993984187583,0.994304570898218,0.985835772119538,1.4605488733221084,1.4486692187087236,1.4481045944318636,1.743708642378462,1.4011684992330753,-1.7763568394002505e-15,0.4252854893960614,-1.7923603603233766,1.0890232514518954,-1.793035633988154,0.9017542102050624,0.901749282524981,0.0701477696895415,-1.3304447010278462,0.6194503641711161,0.6207336972589711,1.1453051945134507,1.5285521094057255,-0.4252854893960657,1,0,0.4656830838661865
-0.7953100270027725,1.5419137617786869,-0.7084216023214552,0.1020888464827561,-0.2783362445683145,-0.7118976331407177,-0.7095750265757224,-0.7076153017389761,-0.5523421222300716,-0.7691548404173089,-1.7763568394002505e-15,0.6425709831150036,-1.7140938097379192,-0.3873155665996549,-1.712043167904988,0.936389993549426,0.9363951951325914,-0.4137500924661824,0.7516283835227737,-0.7219051915477888,-0.7211351734735887,-0.3249970878805968,1.1428876519586102,-0.6425709831150045,1,0,0.47317862119803883
-0.9398277670454336,0.0558750553612939,-0.7904807747785566,-0.8292973243704583,-0.9752869742925124,-0.7904197960249194,-0.7904794415036949,-0.785889850843727,-1.0990208757082938,-0.8208292056470788,-1.7763568394002505e-15,0.1833084622999697,0.399103056069402,-0.2181517436979147,0.3913189663553293,-0.6124472946875642,-0.6124421754154616,-0.4839152824787632,0.7516283835227737,-1.1512702273546869,-1.1512601839567116,-0.1755684559913924,-0.7442970931492722,-0.183308462299975,0,0,0.04397485970459327
1.227938333594483,0.5131177342589534,-0.7904807747785566,-0.5964507816571547,-0.895241147908347,-0.7904197960249194,-0.7904794415036949,-0.785889850843727,-0.9796440866834574,-0.8208292056470788,-1.7763568394002505e-15,0.0104677286599074,1.1974218720410563,-1.165853615181527,1.1959526620659806,-1.688612478205285,-1.688602352413384,1.0016511543393125,0.7516283835227737,0.6383818031396742,0.638907993476568,-1.130887662568903,-0.3929139208085672,-0.01046772865991,0,0,0.08930022716660603
0.6498673734238385,-1.2015423116072694,0.6026928947682432,-1.5234846806839524,0.3068263483090321,0.5968050815959273,0.6015524035805397,0.5799686861791727,-0.2678460362363028,0.5485414729418572,-1.7763568394002505e-15,0.3759024226417571,-1.1349213354055403,-0.0028523327320636,-1.1410259321528158,-0.0447546527669778,-0.0447596307481156,-0.6436015769901524,0.7516283835227737,1.032660572058178,1.032684411524497,0.0427132244959936,0.3629884157877781,-0.3759024226417615,0,0,0.2349388459834827
-0.2172390668321281,-1.3158529813316842,-0.6105526243893654,0.8942023188906293,-0.0174972585923274,-0.6072014159617884,-0.6096342787235208,-0.6140739810732987,-0.0614469150251371,1.504517229692615,-1.7763568394002505e-15,0.1339253955456654,-0.0391896272091525,1.1736051629027655,-0.0344002272275445,0.8310648044320589,0.831070000417845,-0.0798605675787325,-1.3304447010278462,0.6648858176956555,0.666169437802963,-0.9717576226580368,0.2344335966387398,-0.1339253955456707,0,1,0.5168365734039998
-1.228863247130756,0.0558750553612939,-0.7904807747785566,-0.4767633064306901,-1.008409385210098,-0.7904197960249194,-0.7904794415036949,-0.785889850843727,-0.9182821857828406,-0.8208292056470788,-1.7763568394002505e-15,0.3363959692383125,0.4460629864206776,-0.1431814130937344,0.4417866336634327,-0.7150127613016142,-0.715012711191515,-0.4814957931679842,0.7516283835227737,-1.2954015827019765,-1.2966545536974858,-0.0986309007084928,-0.8351424986812594,-0.3363959692383182,0,0,0.05210579685728133
1.372456073637144,1.1989817526054425,-0.7904807747785566,-0.8271211884572504,-1.388627060534883,-0.7904197960249194,-0.7904794415036949,-0.785889850843727,-1.0979052047828282,-0.8208292056470788,-1.7763568394002505e-15,0.1635552355982502,1.291341732743605,-1.386919974655392,1.294853010097184,0.6439606824182716,0.6439456136155016,0.6484057149656329,0.7516283835227737,1.0581549098691696,1.0569168064812928,-1.35496323951367,-0.4340514629362598,-0.1635552355982532,0,0,0.19536849204146858
-0.6507922869601114,0.0558750553612939,-0.125552813717075,-1.4560244673744902,-1.3279026405193095,-0.1360684386565969,-0.1265873307712137,-0.1440385481847702,-0.8535732721058267,-0.1748996402749406,-1.7763568394002505e-15,-0.0092854980418175,-0.0391896272091525,0.2066801297257735,-0.0453891547865669,-1.8010774998541692,-1.8010673800390822,-0.7863514463260912,0.7516283835227737,-0.7481567869175227,-0.7483966177999838,0.2545272996356053,-0.7357267718726694,0.0092854980418116,0,0,0.3117278458224931
-0.5062745469174503,-0.9729209721584398,0.4294394139090554,-1.3298085844084009,0.6415007086221367,0.4397607558275239,0.4302254072624801,0.4058239868486032,-0.3158198860313305,0.3935183772525381,-1.7763568394002505e-15,0.6524475964658634,-2.058466632313928,0.7391617086323875,-2.0616538632087056,0.9074002479870756,0.9073902568957608,-0.7331226814889609,-1.3304447010278462,-0.6875761822181368,-0.6878156304079948,0.7914732852789593,1.3022956277034183,-0.6524475964658654,1,1,1.0398708923508084
-0.2172390668321281,-0.6299889629851951,-0.7362458129504502,-1.514780137031119,0.3420189099089662,-0.7380716874354547,-0.7357499843465369,-0.7342674622605937,-1.4035990383604462,1.452842864462845,-1.7763568394002505e-15,-0.1426197782784354,-1.181881265756816,0.9659950166142662,-1.182539658486901,1.2213250123779982,1.2213201016811182,-0.4597203893709766,-1.3304447010278462,0.9165477463843548,0.917580535479718,-1.2276322592293618,1.2577299570650846,0.1426197782784332,0,1,0.6772669717110199
-1.228863247130756,0.8560497434321979,-0.7904807747785566,0.2413615449280959,0.7733003020650293,-0.7904197960249194,-0.7904794415036949,-0.785889850843727,-0.5501107803791402,-0.8208292056470788,-1.7763568394002505e-15,-2.661156182747955,0.743475878645411,-0.0528325531348505,0.7356386965380358,0.7865294660528643,0.7865397233831581,-0.5323050686943355,0.7516283835227737,-1.4642700183015145,-1.463252269025456,-0.008488651173887,-1.1539584501708744,2.66115618274795,0,0,0.08353227942606545
0.7943851134664996,-1.3158529813316842,-0.1392162548726115,-1.7345698642651712,-0.493631915532621,-0.1360684386565969,-0.1384850388488567,-0.157364628445579,-1.0075358598201014,-0.1748996402749406,-1.7763568394002505e-15,-0.2562008318133336,1.244381802392332,-1.046670012682574,1.2435713481550783,0.4144479806517006,0.4144582182081791,0.3701644442260914,0.7516283835227737,1.5917690695962616,1.593058544900397,-1.0112369636350766,-0.6877329727236956,0.256200831813333,0,0,0.22336357730742898
1.6614915537224662,0.5131177342589534,-0.7904807747785566,0.6961739507886616,0.0563381157447905,-0.7904197960249194,-0.7904794415036949,-0.785889850843727,-0.316935556956796,-0.8208292056470788,-1.7763568394002505e-15,0.4401004094223565,-1.1662279556397253,-0.1777831041418177,-1.1621897926368594,-0.2140091934519814,-0.2139989892940896,-0.3871357100476177,0.7516283835227737,-1.227753240787662,-1.226986418196698,-0.1347416972335665,0.5652479979155984,-0.4401004094223572,0,1,0.5215050467471768
-1.228863247130756,-0.8586103024340248,-0.7904807747785566,0.9681909399397172,-0.5129533219012127,-0.7904197960249194,-0.7904794415036949,-0.785889850843727,-0.177476691273576,-0.8208292056470788,-1.7763568394002505e-15,0.7018306632201677,0.5869427774744989,-0.118191302892341,0.584235694613725,0.8108859160362547,0.810875919815806,-0.7452201280428542,0.7516283835227737,-1.3408370362265156,-1.3420902942414774,-0.0743773806543387,-1.0442583378303616,-0.7018306632201696,0,0,0.09761912375148339
0.9389028535091608,-1.0872316418828545,-0.744124540513317,0.5808387473886139,1.4233276163226476,-0.7380716874354547,-0.7452681508086514,-0.7417714686210493,-0.3370176336151796,-0.7691548404173089,-1.7763568394002505e-15,0.1191104755193758,0.6025960875915898,-1.6425880251773404,0.5984806007087546,1.1689915590353064,1.168991709268513,0.9653588146776332,0.7516283835227737,1.6225642103184494,1.6233490385963918,-1.6117810685315457,0.4058400221707909,-0.1191104755193793,0,0,0.19480658343251211
-1.6624164672587392,-0.5156782932607803,-0.7904807747785566,-0.9576893432497564,-0.6275016596578633,-0.7904197960249194,-0.7904794415036949,-0.785889850843727,-1.1648454603107736,-0.8208292056470788,-1.7763568394002505e-15,0.232691529054274,0.2425699548984898,-0.0605218178122023,0.2472419161370333,1.227274872820926,1.227275026151529,-0.6363431090578163,0.7516283835227737,-1.4521538973616377,-1.451136071547058,-0.0149562565216614,-0.7682939927237594,-0.2326915290542791,0,0,0.05430258631866732
0.2163141532958551,0.8560497434321979,1.7213675079968225,-1.005564333340342,-0.5847185455559816,1.722289416269441,1.7223165044945137,1.7351975274292888,0.952697956223238,1.659540325381934,-1.7763568394002505e-15,0.3956556493434821,-1.9488934614942888,1.67725199926931,-1.9424036493274608,-0.3016873496811749,-0.3016923413166849,0.2661264038626107,-1.3304447010278462,0.05074993755563,0.051272415774273,1.7384385016155943,2.087337056640212,-0.3956556493434832,1,1,0.5994236917369652
0.6498673734238385,0.0558750553612939,0.5395845487414261,-1.0142688769931765,-1.3575748002996468,0.5444569730064626,0.539684321576796,0.5164433909553172,-0.0603312440996716,0.4968671077120872,-1.7763568394002505e-15,0.6376326764395683,0.915662289933414,-0.0163085459174293,0.9155315106524052,0.7358417187901322,0.7358418460041177,-0.887969997378793,0.7516283835227737,0.9516340132727492,0.950900078545312,0.0287000795758157,-1.4299227952774765,-0.6376326764395742,0,0,0.20045899811102522
-0.6507922869601114,0.1701857250857087,-0.0314792361059674,0.7549296204452888,0.1060217321211689,-0.0313722214776675,-0.0314056661500695,-0.0517910217191713,0.3602766948009201,-0.0715509098154006,-1.7763568394002505e-15,0.5931879163606993,1.0252354607530534,0.1163312697668895,1.0246067916086292,-2.2752180807678584,-2.2752029224391093,-0.7887709356368694,0.7516283835227737,-0.3839159011624644,-0.384910693448049,0.1620944398736628,-1.5790463854903611,-0.5931879163607005,0,0,0.27103383710501033
-1.6624164672587392,-1.2015423116072694,-0.7904807747785566,0.689645543049036,-0.8186455726614301,-0.7904197960249194,-0.7904794415036949,-0.785889850843727,-0.3202825697331934,-0.8208292056470788,-1.7763568394002505e-15,0.2030616890016947,0.9000089798163232,-0.2412195377299702,0.9049495804103838,1.1462554965767984,1.146255645601724,-0.5685974083560145,0.7516283835227737,-1.107854127320127,-1.1088534927823193,-0.1987440418209174,-1.1848116067666434,-0.2030616890016967,0,0,0.17822351421375013
0.9389028535091608,-0.6299889629851951,-0.7904807747785566,0.1913104189243024,-0.023707710639375,-0.7904197960249194,-0.7904794415036949,-0.785889850843727,-0.5757712116648523,-0.8208292056470788,-1.7763568394002505e-15,0.4796068628257956,-1.4636408478644585,-1.261969423648425,-1.459297834047469,-0.1258753032314139,-0.1258802855236082,0.7113124370458767,0.7516283835227737,0.8223953899140589,0.8236800050221347,-1.2291144187882266,1.8233711613208532,-0.4796068628258004,1,0,0.2460400098564596
0.6498673734238385,1.4276030920542722,0.54047450467876,0.2478899526677215,1.4999231915695643,0.5444569730064626,0.539684321576796,0.5173490468953722,0.587873563595935,0.4968671077120872,-1.7763568394002505e-15,-0.0142238047172474,0.6495560179428627,-0.0182308620867673,0.6558672224058723,-2.317626660520646,-2.317626695579501,-0.9194233584189148,0.7516283835227737,0.9238679027855308,0.9236386342189168,0.0266789529046362,-1.2190928918730537,0.0142238047172422,0,0,0.40090285532811215
-1.373380987173417,-0.2870569538119506,-0.7904807747785566,-0.6334450921816986,-0.8717794401750574,-0.7904197960249194,-0.7904794415036949,-0.785889850843727,-0.9986104924163756,-0.8208292056470788,-1.7763568394002505e-15,0.2030616890016947,-1.5262540883328224,-0.0701333986588921,-1.5203474315975944,-0.0303483949285688,-0.030348308432819,-0.9460377408374804,0.7516283835227737,-1.433474877579327,-1.4329617753294617,-0.0249271480994803,0.6389527608943804,-0.2030616890016967,1,0,0.31968211337094293
-1.373380987173417,-0.0584356143631209,-0.7904807747785566,-1.2754051865781897,1.3563927442600268,-0.7904197960249194,-0.7904794415036949,-0.785889850843727,-1.3277334154287743,-0.8208292056470788,-1.7763568394002505e-15,0.2079999956771246,-1.6827871895037372,-0.1393367807550586,-1.6794833825449211,0.2199255220005622,0.2199205580855284,-0.8831310187572359,0.7516283835227737,-1.3017120623581622,-1.3027126524366843,-0.0952623562565269,0.8360701502562389,-0.207999995677127,1,0,0.3594465293543705
1.227938333594483,-1.0872316418828545,-0.7904807747785566,-1.2297063324008122,-0.8993814492730453,-0.7904197960249194,-0.7904794415036949,-0.785889850843727,-1.3043043259939937,-0.8208292056470788,-1.7763568394002505e-15,0.3610875026154674,-1.651480569269553,-1.3119496440512115,-1.6485515864528577,-0.5342635966119781,-0.5342584731849,0.430651676995557,0.7516283835227737,0.9157904888256124,0.9145514861101188,-1.278968876677321,1.9347853379166864,-0.3610875026154703,1,0,0.3906921030342734
0.7943851134664996,-0.9729209721584398,-0.1604443214954853,0.8876739111510038,1.155588128072164,-0.1622424929513339,-0.1599009133886142,-0.1781947150668433,0.3189968705586865,-0.2007368228898301,-1.7763568394002505e-15,-0.1080516315504262,0.414756366186493,-1.0639708582066154,0.4145178134243766,-0.5524676377118307,-0.5524675789634687,0.2588679359302746,0.7516283835227737,1.5900021352925289,1.5900294955307974,-1.0292923618976135,-0.008963527616773,0.1080516315504202,0,0,0.22822033285040844
1.0834205935518215,-1.3158529813316842,-0.7904807747785566,-1.5234846806839524,1.290837972652305,-0.7904197960249194,-0.7904794415036949,-0.785889850843727,-1.4549199009318712,-0.8208292056470788,-1.7763568394002505e-15,-0.2018794583835994,-0.0548429373262435,-1.4830357831222898,-0.0608550528325987,1.2621132046059031,1.2621032323653758,0.6096938859931758,0.7516283835227737,1.23964430478108,1.238659768657261,-1.4518425779522075,0.758937258766816,0.2018794583835983,0,0,0.19192218431025487
-0.3617568068747892,1.4276030920542722,1.1552770063286468,0.1499638365733417,-0.1237649936195813,1.146460221785311,1.155985599998705,1.144192336833418,1.062033706918883,1.0911223078544463,-1.7763568394002505e-15,0.5635580763081146,0.7904358089966839,1.3370020372964917,0.7962812967711607,-0.6579953752698079,-0.6579953221295896,-0.0992164820649619,-1.3304447010278462,-0.415720718629642,-0.4152011871440434,1.3952511928493154,-0.5403234467661311,-0.5635580763081178,0,0,0.12527919020932532
0.9389028535091608,-0.74429963270961,-0.7904807747785566,1.3294295015323183,-0.948375015421974,-0.7904197960249194,-0.7904794415036949,-0.785889850843727,0.0077246823537396,-0.8208292056470788,-1.7763568394002505e-15,0.1141721688439459,0.7278225685283201,-1.7713832085229837,0.7213937904430068,0.6979904789510771,0.6979855404422212,0.909710560529724,0.7516283835227737,1.7858794238205442,1.7869177045547622,-1.7434237857143704,0.36984467280906,-0.1141721688439489,0,0,0.13055159317408857
-1.228863247130756,0.5131177342589534,-0.7904807747785566,-1.0686722748233874,-1.621864037412882,-0.7904197960249194,-0.7904794415036949,-0.785889850843727,-1.2217446775095275,-0.8208292056470788,-1.7763568394002505e-15,-0.2660774451641989,0.8843556696992323,-0.1162689867230031,0.8878556930963486,0.435664929805631,0.4356650410670901,-0.8202242966769921,0.7516283835227737,-1.3446233240202274,-1.3451193436110769,-0.0723562539831592,-1.323650811447605,0.2660774451641938,0,0,0.18052085180406005
-0.7953100270027725,1.4276030920542722,-0.7904807747785566,-0.248269035543804,-0.3708029750465741,-0.7904197960249194,-0.7904794415036949,-0.785889850843727,-0.8011367386089361,-0.8208292056470788,-1.7763568394002505e-15,0.0005911153090476,0.4460629864206776,-0.5334115954693396,0.450740574637451,-0.5282124619487453,-0.5282022744888021,-0.3339069452104882,0.7516283835227737,-0.5558133669969723,-0.5545374581456185,-0.4934243104788885,-0.5488937680427338,-0.0005911153090491,0,0,0.1316150971095786
-0.5062745469174503,1.5419137617786869,0.5726961446451687,-0.4811155782571076,-1.503865448518983,0.5706310273011902,0.5729979041941966,0.5498232813173431,0.2408999057760838,0.5227042903269675,-1.7763568394002505e-15,0.2228149157034143,-1.103614715171359,0.7333947601243735,-1.0995122058187308,1.156256325831934,1.156261539099624,-0.4452034535063051,-1.3304447010278462,-0.4232932942170654,-0.4242883352528419,0.7851404217092636,0.5703901906815595,-0.2228149157034184,0,0,0.48932982283152415
-0.6507922869601114,-0.4013676235363654,-0.5302733638069317,-0.0524168033550435,1.639313337514405,-0.5286792530775867,-0.5311094054110769,-0.5368344673286107,-0.4787078411493315,-0.0715509098154006,-1.7763568394002505e-15,-0.1722496183310201,0.3521431257181292,0.1086420050895377,0.3489912453872422,1.050044987286896,1.0500552586213987,-1.0234613987823966,0.7516283835227737,-0.3743239720850617,-0.3727944959696512,-0.3408966176938756,-0.7562955429365158,0.1722496183310157,0,0,0.18403811326184907
0.7943851134664996,0.3988070645345384,-0.1212339099035434,-0.4745871705174821,1.539946104761647,-0.1098943843618599,-0.1218282475401565,-0.1397690273245111,-0.3470586719443719,-0.149062457660051,-1.7763568394002505e-15,0.1536786222473904,0.8843556696992323,-0.5468678086547053,0.8850067118773425,1.256770989484805,1.256776208094226,-0.1524452469020914,0.7516283835227737,0.6893704787616574,0.6904018327597587,-0.506494262952516,-0.8557112697451057,-0.1536786222473924,0,0,0.21018085117839694
1.5169738136798052,0.3988070645345384,-0.7904807747785566,1.5905658111173322,1.4302281185971453,-0.7904197960249194,-0.7904794415036949,-0.785889850843727,0.1416051934096311,-0.8208292056470788,-1.7763568394002505e-15,0.4203471827206315,0.3208365054839474,-1.7790724732003351,0.3253854010011938,-0.0697440666272785,-0.0697541096477307,1.028265536757877,0.7516283835227737,1.7995100598779057,1.7990339020331605,-1.7506998417306163,0.7417966162136106,-0.4203471827206355,0,0,0.1280434613129368
0.9389028535091608,0.5131177342589534,-0.6596834271651163,-1.327632448495192,-0.2679854911565691,-0.659549524551253,-0.6596046526496215,-0.6610387105361492,-1.2429424250933767,-0.8208292056470788,-1.7763568394002505e-15,0.4796068628257956,-0.7905485128295343,-1.7271699366282107,-0.7983341912381123,0.7914412657376658,0.7914413959064215,1.0040706436500904,0.7516283835227737,1.7013189964276505,1.7021043222059775,-1.571493276886034,1.567975587278097,-0.4796068628258004,0,0,0.041943294127841695
-1.373380987173417,0.2844963948101236,-0.7904807747785566,0.5090262622527355,1.4806017852009727,-0.7904197960249194,-0.7904794415036949,-0.785889850843727,-0.4128832565468512,-0.8208292056470788,-1.7763568394002505e-15,0.4746685561503657,-1.808013670440468,-0.0874342441829337,-1.813385499838196,0.962493423833081,0.9624935630921968,-0.9266818263512512,0.7516283835227737,-1.4004079641809115,-1.3996422322638673,-0.0425783210277813,0.9029186562137388,-0.47466855615037,1,0,0.30533025239531636
-1.517898727216078,-0.6299889629851951,-0.7904807747785566,-1.2122972450951448,-1.1388288781980915,-0.7904197960249194,-0.7904794415036949,-0.785889850843727,-1.2953789585902675,-0.8208292056470788,-1.7763568394002505e-15,0.232691529054274,1.1191553214556018,-0.1681715232951279,1.1174021798848195,0.0233269418331676,0.0233169037588578,-0.546822004559007,0.7516283835227737,-1.245927422197478,-1.2451607144142949,-0.1250402892119049,-1.4059258957029896,-0.2326915290542791,0,0,0.13475216983475594
-0.072721326789467,1.6562244315031018,1.7274663236850218,-0.1699281426682994,-1.6936292610676509,1.722289416269441,1.7270755877255706,1.7416664984296817,1.3844626043784876,1.659540325381934,-1.7763568394002505e-15,-0.2463242184624738,-0.9470816140004464,1.5503791320930047,-0.9464812146264164,0.4493622681019055,0.4493573163800071,4.567978398427005,-1.3304447010278462,0.2398119080549637,0.2390734766894394,1.6098948453285784,2.385584237065981,0.2463242184624721,1,1,1.5314074729925486
0.3608318933385163,0.8560497434321979,1.5071237036710252,1.6797873835588777,0.4006731792421914,1.5128969819115732,1.5081577590969388,1.5099479571956171,2.1453501755461355,1.452842864462845,-1.7763568394002505e-15,0.4401004094223565,-1.933240151377198,1.4408071104407414,-1.9346707003044448,1.0426266506495414,1.0426217304559549,-0.021792824120045,-1.3304447010278462,0.0729628259454047,0.0724757613614693,1.500484521528728,1.8490821251506608,-0.4401004094223572,1,1,0.5293329411271198
1.227938333594483,0.3988070645345384,-0.7904807747785566,0.5416683009508619,1.1707692330760573,-0.7904197960249194,-0.7904794415036949,-0.785889850843727,-0.396148192664865,-0.8208292056470788,-1.7763568394002505e-15,-0.1821262316818799,-0.9783882342346284,-1.4445894597355309,-0.9741570321824732,-1.1541124619897198,-1.154107371503752,0.7476047767075574,0.7516283835227737,1.1682096750730542,1.1689916331564731,-1.4137106547559546,1.5422646234482895,0.1821262316818766,1,0,0.18313910293628022
0.3608318933385163,-0.0584356143631209,-0.5715516141944433,0.9377250371547988,-0.6130106048814196,-0.5810273616670607,-0.5715616128750631,-0.5765539492710214,-0.0067790396773147,1.349494134003305,-1.7763568394002505e-15,0.0400975687124867,0.5243295370061324,1.064033141250502,0.5305120487696151,-0.6048010910545225,-0.6047959713760741,-0.1355088217266409,-1.3304447010278462,0.5305988106120167,0.5298622161709872,-0.8627515241924225,-0.3260654148510672,-0.0400975687124926,0,0,0.29003954193336773
0.0717964132531941,-1.544474320780514,1.7360517809628302,-1.6953994178274194,1.145927424887868,1.7484634705641688,1.7365937541876848,1.7507230578302309,0.6101869821052497,1.6853775079968143,-1.7763568394002505e-15,-0.2315092984361842,0.9782755304017808,1.5792138746330742,0.9851280518595482,-0.2213009373139504,-0.2213008609661408,0.1838637672961366,-1.3304447010278462,0.2019490301178474,0.2027248842542459,1.6400770036181924,-0.4631905552767082,0.2315092984361809,0,0,0.2978061405891095
-1.0843455070880947,-1.0872316418828545,-0.7904807747785566,0.6221853297395737,-0.2873068975251603,-0.7904197960249194,-0.7904794415036949,-0.785889850843727,-0.3548683684226322,-0.8208292056470788,-1.7763568394002505e-15,0.7215838899218873,-1.9019335311430128,-0.0585995016428644,-1.902517912261379,0.5826391420234971,0.5826341973844367,-0.7113472776919533,0.7516283835227737,-1.4526587357341323,-1.451136071547058,-0.0146867729655042,1.0211890898308544,-0.7215838899218914,1,0,0.43182435236950595
-1.228863247130756,1.5419137617786869,-0.7904807747785566,-0.4702348986910653,-0.708927586496928,-0.7904197960249194,-0.7904794415036949,-0.785889850843727,-0.9149351730064436,-0.8208292056470788,-1.7763568394002505e-15,0.3759024226417571,1.0408887708701444,-0.3046559713181228,1.0392586950206593,0.4587048149250574,0.4586947999883724,-0.4960127290326556,0.7516283835227737,-0.9879550138525922,-0.9876915179983412,-0.2627463864082682,-1.237947598681579,-0.3759024226417615,0,0,0.17579395204432177
0.7943851134664996,1.6562244315031018,-0.1095597820196943,0.2892365350186823,0.5711155854222675,-0.1098943843618599,-0.1099305394625135,-0.12838363836382,0.0556985321487673,-0.149062457660051,-1.7763568394002505e-15,-0.1080516315504262,0.6025960875915898,-0.7602449034512183,0.5960386168067495,0.5423320023420432,0.542347310406046,-0.2637417551979083,0.7516283835227737,1.1099008430498951,1.1084106457644836,-0.7230243003248799,-0.506042161659721,0.1080516315504202,0,0,0.1695472671605216
-0.2172390668321281,1.6562244315031018,1.4273417714065133,-0.4767633064306901,0.0501276636977429,1.4343748190273808,1.4272533441689663,1.4264982312905523,0.9727800328816216,1.3753313166181949,-1.7763568394002505e-15,0.5487431562818249,0.5243295370061324,1.3754483606832508,0.5235930943806008,1.0797436523913848,1.0797488615929027,-0.0096953775661526,-1.3304447010278462,0.0477209073206606,0.0482433664046736,1.4343263084921192,-0.2609309731488879,-0.5487431562818265,0,0,0.13486172942405608
0.2163141532958551,0.9703604131566128,1.6331571695022666,-1.3211040407555672,-0.2969676007094561,1.6437672533852394,1.6342734647199548,1.6421737244436423,0.7150600490990316,1.5820287775372746,-1.7763568394002505e-15,0.0697274087650715,0.0860368537275777,1.2197407509668765,0.0905479490917119,-0.5273516310761517,-0.5273616984155979,-0.0072758882553744,-1.3304447010278462,0.7072922409852259,0.7085761289773557,1.2770826534743542,0.0047489864257913,-0.0697274087650752,0,0,0.04097961122577412
0.9389028535091608,0.1701857250857087,-0.7904807747785566,1.072645463773722,-0.3356104134466395,-0.7904197960249194,-0.7904794415036949,-0.785889850843727,-0.1239244868512199,-0.8208292056470788,-1.7763568394002505e-15,0.0154060353353373,-2.08977325254811,-1.7809947893696734,-2.0820037290587474,0.7415890307924502,0.7415942220231542,0.8976131139758315,0.7516283835227737,1.8017818325541328,1.80206295140276,-1.751912517733324,2.733539280896045,-0.0154060353353403,1,0,0.13273560325063063
1.6614915537224662,0.2844963948101236,-0.7904807747785566,1.2119181622190625,-0.9732168236101632,-0.7904197960249194,-0.7904794415036949,-0.785889850843727,-0.0525215476214112,-0.8208292056470788,-1.7763568394002505e-15,0.252444755755999,0.3364898156010383,-0.3008113389794469,0.3371883231942182,0.6719883228877273,0.6719884467083029,-0.6484405556117095,0.7516283835227737,-0.9967896853712528,-0.9967786661071394,-0.258030424175516,-0.6928751654896567,-0.2524447557560008,0,0,0.18678257455459932
-0.5062745469174503,1.1989817526054425,0.4787534429071985,1.0552363764680546,-1.2513070652723928,0.4659348101222609,0.4778162395730522,0.455246925291603,0.9482352725213752,0.4193555598674277,-1.7763568394002505e-15,-4.473514732630919,-1.808013670440468,0.6219004223027721,-1.803617564230176,-0.127672920641829,-0.1276829667408411,-0.6774744273410525,-1.3304447010278462,-0.377353002320031,-0.3758235453392505,0.5419315122773303,0.9423421340861108,4.473514732630917,1,1,0.9434513403023391
-1.0843455070880947,1.4276030920542722,-0.7904807747785566,0.1782536034450512,1.3929654063148609,-0.7904197960249194,-0.7904794415036949,-0.785889850843727,-0.5824652372176471,-0.8208292056470788,-1.7763568394002505e-15,0.089480635466791,-1.8706269109088316,-0.210462479020563,-1.8760630866563248,-1.6591163615414095,-1.6591011704706862,-0.7936099142584265,0.7516283835227737,-1.1664153785295337,-1.166405430804709,-0.1674839493066744,1.0726110174904693,-0.0894806354667969,1,1,0.5543207971305996
1.372456073637144,0.2844963948101236,-0.7904807747785566,0.6635319120905353,1.7379905200397114,-0.7904197960249194,-0.7904794415036949,-0.785889850843727,-0.3336706208387822,-0.8208292056470788,-1.7763568394002505e-15,0.0005911153090476,0.8687023595821414,-1.619520231145285,0.8658778379783032,0.6062613539096758,0.6062614742372735,0.9774562612315256,0.7516283835227737,1.496859455567223,1.4961289650732146,-1.589144449814335,0.1692991549365599,-0.0005911153090491,0,0,0.1875636322518521
1.227938333594483,1.0846710828810275,-0.7904807747785566,0.4916171749470668,1.145927424887868,-0.7904197960249194,-0.7904794415036949,-0.785889850843727,-0.4218086239505779,-0.8208292056470788,-1.7763568394002505e-15,0.4104705693697718,0.1486500941959414,-1.1793098283668928,0.1499695573738336,-0.4241278820301142,-0.4241328801725778,0.3459695511183049,0.7516283835227737,0.6641285601369131,0.6631403884333636,-1.1446313239329238,0.3115664881281627,-0.4104705693697746,0,0,0.15045460649800124
-0.9398277670454336,-0.74429963270961,-0.7904807747785566,0.0302763613468771,-0.4191064909680534,-0.7904197960249194,-0.7904794415036949,-0.785889850843727,-0.6583308601493187,-0.8208292056470788,-1.7763568394002505e-15,0.2277532223788441,0.0547302334933958,-0.2162294275285768,0.0616511395846529,0.4397918542830666,0.4397767746299931,-0.5395635366266717,0.7516283835227737,-1.1573282878246256,-1.1573182826959103,-0.1723346533175052,-0.4837593263405545,-0.2277532223788487,0,0,0.03982855221658791
-0.2172390668321281,-0.6299889629851951,1.5520926536810091,0.99212843498501,-0.6971967326302829,1.5390710362063105,1.5509895081764535,1.5570420660784756,1.8318466454902569,1.4786800470777348,-1.7763568394002505e-15,0.7166455832464573,-0.0078830069749707,1.233196964152242,-0.0087593962564917,0.2760314400496206,0.276036606538837,0.205639171093145,-1.3304447010278462,0.5831020013514846,0.5843851048237778,1.2894788970575883,0.1573007051493163,-0.7166455832464611,0,0,0.07229770095798448
-1.0843455070880947,-0.0584356143631209,-0.7904807747785566,0.2304808653620543,-1.6191038365030832,-0.7904197960249194,-0.7904794415036949,-0.785889850843727,-0.5556891350064687,-0.8208292056470788,-1.7763568394002505e-15,0.0993572488176562,0.9313156000505052,-0.252753434745998,0.9269274355284284,0.943251321975102,0.9432615876341872,-0.4210085603985186,0.7516283835227737,-1.0858936581165997,-1.0846210978255235,-0.2104665765137584,-1.1556725144261952,-0.0993572488176578,0,0,0.163329135907506
1.227938333594483,-0.1727462840875357,-0.7904807747785566,-1.225354060574395,-0.8786799424495539,-0.7904197960249194,-0.7904794415036949,-0.785889850843727,-1.302072984143062,-0.8208292056470788,-1.7763568394002505e-15,-0.2018794583835994,0.6339027078257716,-1.488802731630304,0.6351103592388295,0.0802936907548195,0.0803039105530768,0.5951769501285035,0.7516283835227737,1.2507507489759675,1.2507759661356583,-1.4577712161876677,0.1727272834472009,0.2018794583835983,0,0,0.059319528322797764
-0.5062745469174503,1.6562244315031018,0.4659799576889958,-1.3167517689291504,0.7008450281828109,0.4659348101222609,0.4659185314954093,0.4424383627108255,-0.2778870745654943,0.4193555598674277,-1.7763568394002505e-15,0.5536814629572548,-1.4792941579815495,0.53924082702124,-1.4816826864825152,1.0773637082142136,1.0773790447118208,-0.7524785959751904,-1.3304447010278462,-0.243065995236392,-0.2425453730768743,0.5889563928267733,0.6800903030220723,-0.553681462957257,1,1,0.6003852900985133
0.6498673734238385,-1.0872316418828545,-0.7311416538980945,-1.2514676915328968,-1.0718940061354705,-0.7380716874354547,-0.7309909011154797,-0.7293510443002954,-1.2652558436026922,0.3935183772525381,-1.7763568394002505e-15,-0.1870645383573098,0.4304096763035867,-0.0509102369655125,0.4316117007384118,-0.6007754407973918,-0.6007753846162898,-0.5685974083560145,0.7516283835227737,0.8082599154842025,0.8085347581741378,-1.1649773324227972,-0.1717996318722214,0.1870645383573069,0,0,0.2598493493895211
1.372456073637144,1.3132924223298572,-0.7904807747785566,-1.062143867083762,0.2764641383012449,-0.7904197960249194,-0.7904794415036949,-0.785889850843727,-1.21839766473313,-0.8208292056470788,-1.7763568394002505e-15,0.6771391298430128,-0.8844683735320827,-1.4926473639689797,-0.8874666036612955,-0.5140087525509462,-0.5139935006248803,0.5758210356422749,0.7516283835227737,1.258323324563391,1.2598631142444563,-1.4618134695300264,1.4514192179163024,-0.6771391298430176,0,0,0.14461897415651756
-1.373380987173417,1.5419137617786869,-0.7904807747785566,-1.5234846806839524,-0.4273870936974496,-0.7904197960249194,-0.7904794415036949,-0.785889850843727,-1.4549199009318712,-0.8208292056470788,-1.7763568394002505e-15,0.1635552355982502,1.1817685619239655,-0.0566771854735264,1.187812715725964,-2.4705254146263624,-2.470510266676983,-0.7960294035692055,0.7516283835227737,-1.4561926043415967,-1.4571941702862572,-0.0128003880724033,-1.6064714135754894,-0.1635552355982532,0,0,0.1328361309524053
1.5169738136798052,-0.2870569538119506,-0.7904807747785566,-0.137286103970173,1.619301880918363,-0.7904197960249194,-0.7904794415036949,-0.785889850843727,-0.7442375214101822,-0.8208292056470788,-1.7763568394002505e-15,0.3857790359926168,0.915662289933414,-1.4561233567515586,0.9163455052864072,1.1139490202994515,1.1139491676074886,0.8685792422464886,0.7516283835227737,1.189917725090334,1.1901949787436694,-1.425298447670717,-0.008963527616773,-0.3857790359926223,0,0,0.16462652433570385
-0.9398277670454336,-1.6587849905049288,-0.7904807747785566,1.2402079290907728,-0.918702855641637,-0.7904197960249194,-0.7904794415036949,-0.785889850843727,-0.038017825590356,-0.8208292056470788,-1.7763568394002505e-15,0.5289899295800999,0.4773696066548595,-0.122035935231017,0.4841143546315198,0.5839557068874647,0.5839507623183707,6.312430191498393,0.7516283835227737,-1.333012041452845,-1.3330031461326792,-0.0785543757747763,1.0417578608947,-0.5289899295801047,1,1,2.2834795888336203
0.2163141532958551,0.3988070645345384,1.841092756742845,0.0933843028299218,-1.4176091700877704,1.853159687743108,1.841293585270944,1.8618599796169764,1.6176378278008308,1.7887262384563636,-1.7763568394002505e-15,0.0796040221159312,0.0547302334933958,1.3485359343125196,0.0624651342186544,-1.4735313528322,-1.4735161518987892,0.2032196817823669,-1.3304447010278462,0.8789372876334861,0.8782028936749249,1.407108469320235,0.1710132191918807,-0.079604022115936,0,0,0.1133256986538418
-1.6624164672587392,-0.4013676235363654,-0.7904807747785566,-1.421206292763155,-0.7951838649281406,-0.7904197960249194,-0.7904794415036949,-0.785889850843727,-1.40248336743498,-0.8208292056470788,-1.7763568394002505e-15,-5.6685849480850825,0.9939288405188716,-0.2796658611167294,0.9879770330785538,0.4301708033540771,0.4301658506122723,-0.5105296648973279,0.7516283835227737,-1.0349049824946164,-1.0361563079119325,-0.2376844156856424,-1.2139506991070923,5.66858494808508,0,0,0.22040536846590633
-1.228863247130756,0.2844963948101236,-0.7904807747785566,0.6809409993962025,-1.0284208418061391,-0.7904197960249194,-0.7904794415036949,-0.785889850843727,-0.3247452534350564,-0.8208292056470788,-1.7763568394002505e-15,0.4055322626943419,0.5086762268890413,-0.1893170011578454,0.5130111641385788,1.1304060810990395,1.130416356704237,-0.6944108525165029,0.7516283835227737,-1.2083169634466089,-1.2088121219791017,-0.1451168141456213,-0.925987904213246,-0.405532262694344,0,0,0.08561842244861088
-0.9398277670454336,-0.8586103024340248,-0.7904807747785566,-0.8641154989817935,-1.4914445444248885,-0.7904197960249194,-0.7904794415036949,-0.785889850843727,-1.116871610515746,-0.8208292056470788,-1.7763568394002505e-15,-3.8759796249038376,0.743475878645411,-0.1297251999083688,0.7506975972670669,-2.5577731554192598,-2.557778266951692,-0.7210252349350684,0.7516283835227737,-1.3188765670229885,-1.3178578992846817,-0.0860999153471798,-1.1710990927240796,3.8759796249038354,1,0,0.3468085324150436
-1.228863247130756,-1.0872316418828545,-0.7904807747785566,-1.205768837355519,0.8774978864099345,-0.7904197960249194,-0.7904794415036949,-0.785889850843727,-1.2920319458138705,-0.8208292056470788,-1.7763568394002505e-15,0.4697302494749358,1.1817685619239655,-0.2181517436979147,1.1853707318239592,0.6274529845085328,0.6274379148284787,-0.3943941779799538,0.7516283835227737,-1.153037161658419,-1.1542892333263113,-0.174625263544842,-1.3887852531497842,-0.4697302494749397,0,0,0.15716454241832464
1.6614915537224662,-1.544474320780514,-0.7904807747785566,1.3446624529247777,1.498543091114665,-0.7904197960249194,-0.7904794415036949,-0.785889850843727,0.015534378832,-0.8208292056470788,-1.7763568394002505e-15,0.608002836386989,0.9626222202846896,-0.1700938394644658,0.9554172477184872,-0.6721737661125299,-0.6721737137258054,-0.479076303857206,0.7516283835227737,-1.244412907079993,-1.2451607144142949,-0.1258487398803767,-1.2499460484688227,-0.6080028363869916,0,0,0.2797855345642386
1.227938333594483,-0.74429963270961,-0.7904807747785566,-0.2025701813664265,-1.541818211028717,-0.7904197960249194,-0.7904794415036949,-0.785889850843727,-0.777707649174155,-0.8208292056470788,-1.7763568394002505e-15,0.3314576625628826,-2.0271600120797437,-1.433055562719503,-2.0262450966296326,0.9242117685577328,0.9242220332049828,0.578240524953053,0.7516283835227737,1.1457443674970318,1.1447592381996774,-1.401718636506956,2.3735857872787376,-0.3314576625628877,1,0,0.2811451236218498
0.7943851134664996,0.5131177342589534,-0.0382586063344808,0.2261285935356368,0.6477111606691842,-0.0313722214776675,-0.0385442909966552,-0.0583893721395718,0.0824746343599457,-0.0715509098154006,-1.7763568394002505e-15,-0.2463242184624738,0.6182493977086807,-0.944787255707662,0.6188304665587964,0.4876439233772573,0.4876389736897902,0.0241774727847482,0.7516283835227737,1.5852061707538276,1.5839713967915985,-0.9086984705172368,-0.324351350595747,0.2463242184624721,0,0,0.11519306118370902
-0.7953100270027725,0.8560497434321979,-0.7904807747785566,1.6602021603400026,0.938912356652958,-0.7904197960249194,-0.7904794415036949,-0.785889850843727,0.1773066630245355,-0.8208292056470788,-1.7763568394002505e-15,-0.0636068714715517,0.1016901638446686,-0.5295669631306638,0.1064208444547445,1.1511926148166731,1.1511978278152613,-0.2371273727793436,0.7516283835227737,-0.5626286850256531,-0.563624606254417,-0.4897862824707655,-0.2335059450637597,0.0636068714715463,0,0,0.1291218508395511
-1.517898727216078,1.3132924223298572,-0.7904807747785566,-0.6682632667930338,-1.0919054627315117,-0.7904197960249194,-0.7904794415036949,-0.785889850843727,-1.0164612272238276,-0.8208292056470788,-1.7763568394002505e-15,0.4697302494749358,-0.3052958991997041,-0.3008113389794469,-0.3066814323011033,0.5627387577335342,0.5627439394594592,-0.5782753655991296,0.7516283835227737,-0.9977993621162424,-0.9967786661071394,-0.2574914570632015,-0.1306620897445294,-0.4697302494749397,0,0,0.16115315879734224
0.6498673734238385,1.0846710828810275,0.547070648684881,-0.5942746457439467,0.8202237175316094,0.5444569730064626,0.5468229464233818,0.5239473973157726,0.1616872700680147,0.4968671077120872,-1.7763568394002505e-15,0.588249609685264,0.3521431257181292,0.3316306807327406,0.3461422641682366,0.2857031280887643,0.2857184225145386,-0.6919913632057247,-1.3304447010278462,0.3036739621755664,0.302683513451028,0.3809150874733634,-0.9739817033622206,-0.5882496096852698,0,0,0.1484476582294553
-1.517898727216078,-1.6587849905049288,-0.7904807747785566,1.431707889453115,-0.7158280887714246,-0.7904197960249194,-0.7904794415036949,-0.785889850843727,0.0601612158506302,-0.8208292056470788,-1.7763568394002505e-15,0.6228177564132786,1.0095821506359626,-0.1393367807550586,1.0107688828306007,0.0421133096997726,0.042103272623844,-0.8807115294464577,0.7516283835227737,-1.3017120623581622,-1.3027126524366843,-0.0952623562565269,-1.4299227952774765,-0.6228177564132827,0,0,0.24434907302574146
-1.517898727216078,-1.2015423116072694,-0.7904807747785566,-0.5224621606080676,0.9409825073353072,-0.7904197960249194,-0.7904794415036949,-0.785889850843727,-0.9417112752176215,-0.8208292056470788,-1.7763568394002505e-15,0.6178794497378488,0.3051831953668564,-0.1835500526498316,0.3091055083211607,-3.2157770832969708,-3.215767038664364,-0.512949154208106,0.7516283835227737,-1.2196758268277437,-1.2209283194574994,-0.1390534341320828,-0.7065876795322211,-0.6178794497378525,0,0,0.15134791792813312
0.6498673734238385,0.9703604131566128,0.5347421414353453,0.5438444368640699,0.8091829138924145,0.5444569730064626,0.5349252383457389,0.5115269729950188,0.7351421257574153,0.4968671077120872,-1.7763568394002505e-15,0.0203443420107671,1.08784870122142,0.2912620411766435,1.0803654240377438,-0.0492107184604053,-0.0492055692557864,-1.1033045460380908,-1.3304447010278462,0.3304303959177953,0.3299449577774231,0.3384714273785938,-1.7367402969798482,-0.0203443420107709,0,0,0.21466617500906238
-0.9398277670454336,0.8560497434321979,-0.7904807747785566,-0.5899223739175299,-0.4260069932425505,-0.7904197960249194,-0.7904794415036949,-0.785889850843727,-0.9762970739070604,-0.8208292056470788,-1.7763568394002505e-15,0.3907173426680522,1.2600351125094231,-0.3008113389794469,1.2659562005901244,-1.7244129150831606,-1.724412918616398,-0.6847328952733885,0.7516283835227737,-0.9950227510675208,-0.99374961673754,-0.2589736166220664,-1.484772851447733,-0.3907173426680528,0,0,0.07791048809016336
1.0834205935518215,-1.2015423116072694,-0.7904807747785566,0.3828103792866453,-1.6929392108402013,-0.7904197960249194,-0.7904794415036949,-0.785889850843727,-0.4775921702238656,-0.8208292056470788,-1.7763568394002505e-15,0.6425709831150036,-0.8844683735320827,-1.2042999385682862,-0.8895015902462995,1.0162953533701995,1.0163005591998362,0.2733848717949468,0.7516283835227737,0.7113309479651848,0.711605178346955,-1.1698280364336282,1.182311129830982,-0.6425709831150045,0,0,0.2792606323174857
-1.228863247130756,-0.6299889629851951,-0.7904807747785566,-0.3179053847664743,-0.2024307195488473,-0.7904197960249194,-0.7904794415036949,-0.785889850843727,-0.8368382082238405,-0.8208292056470788,-1.7763568394002505e-15,0.5042983962029505,-2.074119942431019,-0.1412590969243965,-2.067758822963718,0.5063290170235575,0.5063139409065203,-0.8661945935817854,0.7516283835227737,-1.2991878704956878,-1.299683603067085,-0.0966097740373132,1.1685986157884185,-0.5042983962029527,1,0,0.4660253418436065
1.227938333594483,-1.6587849905049288,-0.7904807747785566,1.4360601612795325,0.553864329736025,-0.7904197960249194,-0.7904794415036949,-0.785889850843727,0.0623925577015621,-0.8208292056470788,-1.7763568394002505e-15,0.4993600895275206,0.0703835436104867,-1.5310936873557388,0.0640931234866574,0.8851199195199378,0.8851301820897024,0.9726172826099694,0.7516283835227737,1.3305152118301589,1.329531249745244,-1.5003496180605154,0.7880763511072649,-0.4993600895275221,0,0,0.14126662544434135
0.2163141532958551,0.2844963948101236,1.6772099884002898,0.2108956421431784,0.2288506726072157,1.6699413076799765,1.6771052137994695,1.6886209362264617,1.538425192092762,1.607865960152164,-1.7763568394002505e-15,0.2968895158348735,1.0721953911043265,1.5350006027383012,1.0710044857467245,1.0965804915171156,1.0965806379021246,0.4451686128602293,-1.3304447010278462,0.2206280499001583,0.2208991804718425,1.595342733296086,-0.4906155833618364,-0.2968895158348748,0,0,0.10438752514649396
0.0717964132531941,-0.0584356143631209,1.8119074370332224,-0.9576893432497564,-0.9973685815709028,1.8008115791536337,1.8127390858846,1.8309382982350997,1.053108339515157,1.7370518732265845,-1.7763568394002505e-15,0.109233862168516,0.6182493977086807,1.3466136181431816,0.6245284289968082,0.5851203604209732,0.5851154159137743,0.3508085297398629,-1.3304447010278462,0.8297155463152349,0.8297381037613335,1.4040094084244266,-0.2626450374042087,-0.1092338621685184,0,0,0.07715285973230139
1.6614915537224662,0.6274284039833682,-0.7904807747785566,0.2435376808413047,-0.7455002485517618,-0.7904197960249194,-0.7904794415036949,-0.785889850843727,-0.5489951094536742,-0.8208292056470788,-1.7763568394002505e-15,0.6820774365184427,0.8060891191137748,-0.1451037292630724,0.8133751840851958,0.0019833999038514,0.0019885518291217,-0.8032878715015417,0.7516283835227737,-1.28909110304579,-1.2875674055886872,-0.1019994451604586,-1.236233534426259,-0.682077436518448,0,0,0.14982765205391926
1.5169738136798052,-1.3158529813316842,-0.7904807747785566,0.3980433306791045,-0.3425109157211367,-0.7904197960249194,-0.7904794415036949,-0.785889850843727,-0.4697824737456052,-0.8208292056470788,-1.7763568394002505e-15,0.1141721688439459,0.6965159482941382,-1.3657744967926746,0.7038929058119712,1.0828831532208445,1.0828883625892072,0.5395286959805958,0.7516283835227737,1.019029936000816,1.0205682140460997,-1.3340782639114823,0.0201755647236759,-0.1141721688439489,0,0,0.09991894793036708
-0.3617568068747892,0.6274284039833682,1.0952573309078706,0.5786626114754058,0.1343137914466069,1.0941121131958464,1.0941175179949612,1.0822195946496564,1.2305000166642124,1.0394479426246763,-1.7763568394002505e-15,-0.2117560717344647,0.7747824988795929,1.4388847942714034,0.7816293933591306,1.3123958549874155,1.312406140264236,-0.0121148668769307,-1.3304447010278462,-0.78198095787468,-0.7817161608655778,1.4972507188548407,-0.4391936557022209,0.2117560717344592,0,0,0.12412644230627239
0.9389028535091608,-1.3158529813316842,-0.7904807747785566,1.2641454241360657,0.4745085535793089,-0.7904197960249194,-0.7904794415036949,-0.785889850843727,-0.0257454454102328,-0.8208292056470788,-1.7763568394002505e-15,-0.0586685647961219,0.5243295370061324,-1.6368210766693263,0.5170811373085876,0.890993824297638,0.8909838323344256,0.766960691193786,0.7516283835227737,1.5294215305931436,1.5294485081388085,-1.606526139186479,0.4144103434473929,0.0586685647961159,0,0,0.11550338986167348
0.2163141532958551,-0.1727462840875357,1.692627166255866,-1.403797205457488,-1.2630379191390373,1.6961153619747042,1.69376200510817,1.704793363727443,0.7239854165027576,1.6337031427670443,-1.7763568394002505e-15,-0.2117560717344647,-1.917586841260104,1.114013361653289,-1.9183908076244116,0.9978381267195828,0.9978382678570498,-0.0145343561877106,-1.3304447010278462,0.9995936586597632,0.9993648684589032,1.169423972789526,1.626253771958995,0.2117560717344592,1,1,0.5238350798592556
1.227938333594483,0.9703604131566128,-0.7904807747785566,-1.677990330521752,-0.1886297149998531,-0.7904197960249194,-0.7904794415036949,-0.785889850843727,-1.5341325366399403,-0.8208292056470788,-1.7763568394002505e-15,-0.2117560717344647,-1.573214018684098,-1.4119100848567856,-1.5797690398797164,-0.4222543089544677,-0.4222491795747947,0.808092009477023,0.7516283835227737,1.105609716883689,1.1053815963948843,-1.3802946937924536,2.049627643023161,0.2117560717344592,1,0,0.27015110916933727
-1.517898727216078,0.6274284039833682,-0.7904807747785566,1.6776112476456695,0.9458128589274544,-0.7904197960249194,-0.7904794415036949,-0.785889850843727,0.1862320304282613,-0.8208292056470788,-1.7763568394002505e-15,0.6968923565447378,-0.9314283038833556,-0.2815881772860673,-0.9240963621913706,-0.3142959901091652,-0.3143009824147481,-0.6218261731931448,0.7516283835227737,-1.0321283714458946,-1.0331272585423328,-0.2391665752445074,0.3647024800430983,-0.6968923565447394,0,0,0.12566794620225083
-0.3617568068747892,-0.8586103024340248,0.967025150407922,0.0933843028299218,-0.8669490885829094,0.9632418417221892,0.968001812371945,0.9505113450816628,0.8723696495897034,0.910262029550256,-1.7763568394002505e-15,0.1734318489491099,-1.1192680252884497,1.237041596490918,-1.120676066302774,0.8880062347986373,0.8880063700992201,-0.0967969927541829,-1.3304447010278462,-0.6216947746075545,-0.6211765442768066,1.293925375734183,1.010904704298931,-0.1734318489491141,0,0,0.3627253196544191
-0.2172390668321281,-0.6299889629851951,1.4212167805436868,0.859384144279295,-0.2541844866075748,1.4082007647326438,1.4201147193223802,1.420158639710167,1.6522236264902697,1.349494134003305,-1.7763568394002505e-15,-0.1821262316818799,1.08784870122142,0.9929074429849976,1.084028399890751,0.8521298422555337,0.8521249119382255,5.204304087161782,-1.3304447010278462,0.6956809584178434,0.6964599314989575,1.0478868889625983,0.5001135562134186,0.1821262316818766,1,1,1.7212937225739757
0.5053496333811774,0.741739073707783,1.0025710375520187,-1.0447347797780948,-1.3720658550760905,1.015589950311654,1.0036949366048742,0.986996341523877,0.3189968705586865,0.961936394780026,-1.7763568394002505e-15,0.2623213691068588,-0.4931356206048009,0.4142902760142728,-0.4873882410494743,-1.952026725219012,-1.952026740848506,-0.890389486689572,-1.3304447010278462,1.0079234918059288,1.0084520165677016,0.4641855063259588,-0.2763575514467725,-0.2623213691068616,1,0,0.3285698202504994
1.5169738136798052,-0.1727462840875357,-0.7904807747785566,0.8811455034113798,-1.1484895813823872,-0.7904197960249194,-0.7904794415036949,-0.785889850843727,-0.2221035282922062,-0.8208292056470788,-1.7763568394002505e-15,0.3561491959400376,1.291341732743605,-1.513792841831697,1.2883410530251709,0.0022872225647698,0.0022721196610462,0.5661430783991606,0.7516283835227737,1.2969434600592495,1.2962117066796504,-1.4824289615760575,-0.3706310854894007,-0.3561491959400397,0,0,0.11999019063672671
0.5053496333811774,-0.1727462840875357,1.0585859112547928,0.3153501659771831,-0.7689619562850518,1.0679380589011187,1.058424393762032,1.0445701834273713,1.064265048769814,1.013610760009796,-1.7763568394002505e-15,-0.1722496183310201,1.0721953911043265,0.6142111576254202,1.0742604642827311,0.4633887476141683,0.4634040514828299,-0.4960127290326556,-1.3304447010278462,0.708554336916463,0.7085761289773557,0.6653549809973585,-1.3510758395327331,0.1722496183310157,0,0,0.17771068375079166
-0.5062745469174503,1.4276030920542722,0.4751150936339809,-1.0338541002120525,-1.7046700647068465,0.4659348101222609,0.4754366979575237,0.4516243015313831,-0.1239244868512199,0.4193555598674277,-1.7763568394002505e-15,-0.093236711524131,-1.1505746455226342,0.5853764150853509,-1.1426539214208191,0.3635070478382042,0.36350715526492,-0.8081268501230988,-1.3304447010278462,-0.3465578615978429,-0.3455330516432558,0.6366549822666095,0.4092681506814318,0.0932367115241288,0,1,0.5420449885464351
-1.6624164672587392,-1.6587849905049288,-0.7904807747785566,-0.7335473441892865,0.9706546671156436,-0.7904197960249194,-0.7904794415036949,-0.785889850843727,-1.0499313549878002,-0.8208292056470788,-1.7763568394002505e-15,0.3709641159663272,1.103502011338511,-0.2700542802700396,1.1108902228128066,1.1492177675207256,1.14922298041436,-0.4500424321278623,0.7516283835227737,-1.0543412598356694,-1.054330604129529,-0.2273092987735876,-1.3065101688944,-0.3709641159663311,0,0,0.2598312986073026
-0.072721326789467,-0.6299889629851951,1.6731266611584057,1.5644521801588298,-0.205190920458646,1.6699413076799765,1.6723461305684124,1.6843514153662027,2.229025494956068,1.607865960152164,-1.7763568394002505e-15,-0.1623730049801604,-0.9314283038833556,1.3158565594337743,-0.9326433058483882,-0.0039158234289221,-0.0039258629510141,0.1161180665943366,-1.3304447010278462,0.5848689356552165,0.5843851048237778,1.3727493159101838,0.962910905149957,0.1623730049801549,0,0,0.16808358751270705
0.9389028535091608,0.8560497434321979,-0.7904807747785566,0.5133785340791516,0.6877340738612667,-0.7904197960249194,-0.7904794415036949,-0.785889850843727,-0.4106519146959202,-0.8208292056470788,-1.7763568394002505e-15,-0.1920028450327397,0.195610024547217,-1.4638126214289102,0.1902622917569167,-1.2873386988011608,-1.2873336153953372,0.4524270807925655,0.7516283835227737,1.2032959419614484,1.2023111762220668,-1.4324397619088844,0.4898291706814957,0.1920028450327374,0,0,0.0759290752381727
0.0717964132531941,-0.8586103024340248,-0.7012496044735301,1.6340885293815002,1.201131443083844,-0.7118976331407177,-0.7000568601136079,-0.70075819247856,0.2397842348506175,1.814563421071244,-1.7763568394002505e-15,-0.2512625251379037,0.946968910167596,1.5657576614477084,0.9464633067444688,-1.7695812173392618,-1.7695913506954828,0.3750034228476495,-1.3304447010278462,0.4952601245373748,0.4965426731053932,-0.9694670124307004,-0.4631905552767082,0.2512625251379026,0,1,0.6936568688149091
1.5169738136798052,-0.0584356143631209,-0.7904807747785566,-0.8097121011515823,0.0535779148349917,-0.7904197960249194,-0.7904794415036949,-0.785889850843727,-1.088979837379102,-0.8208292056470788,-1.7763568394002505e-15,0.5586197696326847,0.7747824988795929,-1.6521996060240305,0.7775594201891218,0.2611441296647605,0.2611391679402415,0.9581003467452972,0.7516283835227737,1.5584497370115986,1.559739001834803,-1.6220214436655214,0.2601445604685472,-0.5586197696326873,0,0,0.048194368230872565
-0.3617568068747892,-0.0584356143631209,0.960873984370468,1.5622760442456218,-1.661196900377515,0.9632418417221892,0.9608631875253594,0.944171753501278,1.6198691696517626,0.910262029550256,-1.7763568394002505e-15,-0.0438536447698267,0.3208365054839474,1.192828324596145,0.3233504144161897,0.7368544609931814,0.7368545882609903,0.1741858100530223,-1.3304447010278462,-0.5649004577018801,-0.563624606254417,1.2491911054120768,-0.1580871178296576,0.0438536447698245,0,0,0.15299974886840464
-0.7953100270027725,0.1701857250857087,-0.5942193154218275,-1.4690812828537414,-1.5100759005660307,-0.6072014159617884,-0.5953570290303493,-0.5984190712523485,-1.2596774889753632,-0.7174804751875389,-1.7763568394002505e-15,-0.0734834848224115,-0.1957227283800647,-0.5334115954693396,-0.1959781620768761,-0.1881842672741642,-0.1881841891664082,-0.3339069452104882,0.7516283835227737,-0.3811392901137426,-0.3818816440784494,-0.398431356933452,-0.0655276480423496,0.0734834848224071,0,0,0.2408908756756234
1.5169738136798052,0.741739073707783,-0.7904807747785566,-0.1068202011852546,0.8367849229904019,-0.7904197960249194,-0.7904794415036949,-0.785889850843727,-0.7286181284536615,-0.8208292056470788,-1.7763568394002505e-15,0.3314576625628826,1.0565420809872357,-1.6445103413466784,1.0644925286747111,-0.4255457211143868,-0.425550719332199,1.0427824726225494,0.7516283835227737,1.5453239393267322,1.5445937549868058,-1.6150148712054326,0.0373162072768806,-0.3314576625628877,0,0,0.10942946215907684
-0.2172390668321281,1.6562244315031018,1.4931723355945867,-0.6900246259251177,0.2502422296581566,1.4867229276168454,1.493880509403767,1.4953280827347295,0.9192278284592657,1.4270056818479648,-1.7763568394002505e-15,0.3512108892646077,-2.1367331828993827,1.2774102360470152,-2.1430533266088725,-0.0849605182281268,-0.0849654983459566,0.2564484466194964,-1.3304447010278462,0.3480997389551163,0.34811925399502,1.3344826509358518,1.9982057153635449,-0.3512108892646094,1,1,0.7368453775503716
0.3608318933385163,1.4276030920542722,1.473514779449361,1.392537443015363,-1.1622905859313817,1.4605488733221084,1.4724646348640096,1.4747567549534812,1.9701898402480116,1.4011684992330753,-1.7763568394002505e-15,0.2721979824577186,-2.058466632313928,1.1889836922574692,-2.0628748551597083,-0.4517251070632694,-0.4517301066723551,-0.249224819333236,-1.3304447010278462,0.4677464332364035,0.4692812287789982,1.2459573027381898,1.730811691533546,-0.2721979824577225,1,1,0.7408343624600215
1.6614915537224662,0.8560497434321979,-0.7904807747785566,1.486111287283326,-0.4508488014307397,-0.7904197960249194,-0.7904794415036949,-0.785889850843727,0.0880529889872742,-0.8208292056470788,-1.7763568394002505e-15,0.4697302494749358,-0.0391896272091525,-0.3008113389794469,-0.0360282164955478,-0.2789766057777405,-0.278986659917602,-0.7234447242458466,0.7516283835227737,-0.9962848469987576,-0.9967786661071394,-0.2582999077316734,-0.3997701778298497,-0.4697302494749397,0,0,0.212129590067911
-0.2172390668321281,-1.6587849905049288,-0.5305612907278338,-0.6617348590534082,1.4826719358833218,-0.5286792530775867,-0.5311094054110769,-0.5372226055886342,-0.7910957002797443,1.4270056818479648,-1.7763568394002505e-15,0.0104677286599074,0.4617162965377686,1.1063240969759371,0.4601015129284704,0.6484673852218534,0.6484523166585843,-0.1403478003481981,-1.3304447010278462,0.6171785914948891,0.6177046478893716,-0.8694886130963542,-0.2626450374042087,-0.01046772865991,0,0,0.43247177746014254
1.5169738136798052,0.8560497434321979,-0.7904807747785566,-0.4832917141703157,-1.3423936952957534,-0.7904197960249194,-0.7904794415036949,-0.785889850843727,-0.921629198559238,-0.8208292056470788,-1.7763568394002505e-15,-0.0043471913663822,0.3521431257181292,-1.2292900487696796,0.3579451863612611,0.380571753959622,0.3805718622932231,0.2975797649027334,0.7516283835227737,0.760552689283436,0.7600699682605464,-1.1961026831589616,0.1555866408939961,0.0043471913663813,0,0,0.13459244138073814
-1.373380987173417,-0.4013676235363654,-0.7904807747785566,-0.0763542984003363,-0.8179555224339806,-0.7904197960249194,-0.7904794415036949,-0.785889850843727,-0.7129987354971408,-0.8208292056470788,-1.7763568394002505e-15,0.5783729963344042,0.2738765751326718,-0.1374144645857206,0.2793947041800996,-0.062148500104391,-0.062138287876049,-0.5274660900727783,0.7516283835227737,-1.3065080268968636,-1.3057417018062842,-0.0927022624730329,-0.7151580008088237,-0.578372996334409,0,0,0.0593238495605008
-0.2172390668321281,-1.6587849905049288,1.413076301234545,-0.6747916745326585,-1.2899498780095755,1.4082007647326438,1.4129760944757943,1.411619597989649,0.8589815984841146,1.349494134003305,-1.7763568394002505e-15,-0.1623730049801604,1.1817685619239655,0.8814131051633961,1.182928747921954,0.2368129982364473,0.2368130989301626,-0.3460043917643815,-1.3304447010278462,0.8915582469458582,0.890319091153323,0.9357817296011756,-1.2293772774049772,0.1623730049801549,0,0,0.3502897412545976
0.9389028535091608,-0.0584356143631209,-0.604270582478774,1.1596909003020592,0.1274132891721098,-0.6072014159617884,-0.6048751954924635,-0.6079931483329296,0.0791276215835483,-0.8208292056470788,-1.7763568394002505e-15,-0.1031133248749908,0.3051831953668564,-1.6944905617494654,0.3005585646641429,0.0253524262392697,0.0253525156951718,1.028265536757877,0.7516283835227737,1.6374569423070486,1.638494285444389,-1.4857975060280233,0.5943870902560467,0.1031133248749897,0,0,0.039563926359733576
-1.228863247130756,0.1701857250857087,-0.7904807747785566,0.7005262226150777,-1.6301446401422783,-0.7904197960249194,-0.7904794415036949,-0.785889850843727,-0.3147042151058649,-0.8208292056470788,-1.7763568394002505e-15,0.6030645297115591,-0.11745617779461,-0.2431418538993082,-0.1214976530657233,-0.603965578737006,-0.6039756501480074,-0.5782753655991296,0.7516283835227737,-1.1045726778989104,-1.1058244434127198,-0.2004956849359395,-0.3226372863404262,-0.6030645297115611,0,0,0.15178162299410944
-0.9398277670454336,0.8560497434321979,-0.7904807747785566,1.0051852504642595,1.6055008763693688,-0.7904197960249194,-0.7904794415036949,-0.785889850843727,-0.1585102855406587,-0.8208292056470788,-1.7763568394002505e-15,0.6277560630887086,1.0095821506359626,-0.0682110824895542,1.003035933807585,-0.6003956624712492,-0.600400669981247,-0.8057073608123199,0.7516283835227737,-1.4370087461867909,-1.4359908246990607,-0.0230407632063794,-1.4470634378306817,-0.6277560630887133,0,0,0.22380592570378663
-1.373380987173417,-0.2870569538119506,-0.7904807747785566,-0.6617348590534082,1.426777867459897,-0.7904197960249194,-0.7904794415036949,-0.785889850843727,-1.0131142144474303,-0.8208292056470788,-1.7763568394002505e-15,0.3956556493434821,-0.0548429373262435,-0.1008904573682994,-0.0535291011265837,0.5668656822109698,0.5668759278674997,-0.8734530615141216,0.7516283835227737,-1.3749136263699204,-1.3754098373070716,-0.0561872406137232,-0.5557500250640163,-0.3956556493434832,0,0,0.08659647537604975
-0.9398277670454336,-0.2870569538119506,-0.7904807747785566,-0.0088940850908748,-0.3887442809602667,-0.7904197960249194,-0.7904794415036949,-0.785889850843727,-0.6784129368077024,-0.8208292056470788,-1.7763568394002505e-15,0.5487431562818249,-0.0861495575604254,-0.2046955305125491,-0.0901588596566588,0.7004463787934762,0.7004363767038528,-0.4113306031554042,0.7516283835227737,-1.1792887570281532,-1.1785216282831068,-0.1606121186246641,-0.327779479106388,-0.5487431562818265,0,0,0.03681753805275921
-0.072721326789467,-1.6587849905049288,1.823607740091699,0.5003217185999019,-0.0368186649609191,1.8269856334483705,1.8246367939622437,1.8433587225558532,1.810648897906408,1.762889055841474,-1.7763568394002505e-15,-0.0092854980418175,1.244381802392332,1.3197011917724502,1.2488623132760892,0.4216131317382911,0.4216081785416993,0.2153171283362593,-1.3304447010278462,0.892063085318353,0.8933481405229223,1.376656827474464,-0.8437128199578621,0.0092854980418116,0,0,0.2726937610559481
-1.6624164672587392,-0.2870569538119506,-0.7904807747785566,-1.0708484107365956,1.2432245069582757,-0.7904197960249194,-0.7904794415036949,-0.785889850843727,-1.222860348434993,-0.8208292056470788,-1.7763568394002505e-15,0.4894834761766554,0.4460629864206776,-0.254675750915336,0.4401586443954297,-0.2671022034469619,-0.2670970658219179,-0.3701992848721672,0.7516283835227737,-1.084379142999115,-1.0846210978255235,-0.2112750271822303,-0.7305845791067084,-0.4894834761766612,0,0,0.075356015814301
0.2163141532958551,-0.6299889629851951,1.8413806836637476,-0.6813200822722841,-1.6929392108402013,1.853159687743108,1.841293585270944,1.862248117877,1.220458978335021,1.7887262384563636,-1.7763568394002505e-15,0.5289899295800999,-0.9157749937662646,1.4677195368114728,-0.9139214292663496,0.7210303640704999,0.721025426786072,0.1790247886745803,-1.3304447010278462,0.7017390188877822,0.7025180302381563,1.5272981353663762,1.0623266319585465,-0.5289899295801047,0,0,0.24347554952470954
0.9389028535091608,0.6274284039833682,-0.7904807747785566,1.4273556176266988,-1.5887416264952967,-0.7904197960249194,-0.7904794415036949,-0.785889850843727,0.0579298739996991,-0.8208292056470788,-1.7763568394002505e-15,-0.241385911787044,-1.6984404996208282,-1.3753860776393645,-1.6912863047379454,-3.078322647787789,-3.07831765956162,1.1734348954045948,0.7516283835227737,1.0344275063619102,1.035713460894097,-1.3422975123742786,2.222748132810532,0.2413859117870418,1,1,0.5025724736777492
-0.6507922869601114,-0.0584356143631209,-0.2010420173426828,-1.4886665060726172,1.0023969775783306,-0.1884165472460616,-0.2003531208526005,-0.2177848175892462,-0.9350172496648272,-0.2265740055047105,-1.7763568394002505e-15,0.3314576625628826,0.2582232650155808,0.2162917105724633,0.2606728275980614,-0.3094348275345179,-0.3094296921591912,-1.0162029308500604,0.7516283835227737,-0.8970841068035132,-0.8968200369103573,0.263824482323031,-1.063113044638887,-0.3314576625628877,0,0,0.19837729206783147
1.227938333594483,-0.2870569538119506,-0.7904807747785566,0.3436399328488934,-1.6515361971932192,-0.7904197960249194,-0.7904794415036949,-0.785889850843727,-0.4976742468822492,-0.8208292056470788,-1.7763568394002505e-15,0.2820745958085783,-0.4305223801364344,-1.4157547171954614,-0.4365135764243699,-0.1706131900512182,-0.1706232384322378,0.6629226508303052,0.7516283835227737,1.1114153581673798,1.1114396951340837,-1.383393754688262,1.046900053660662,-0.2820745958085834,0,0,0.16052095389986046
0.0717964132531941,1.7705351012275166,1.7460506976705217,1.0791738715133474,-1.2747687730056825,1.7484634705641688,1.7461119206497997,1.761202790850867,2.04159277947782,1.6853775079968143,-1.7763568394002505e-15,0.4944217828520907,1.103502011338511,1.465797220642135,1.097052314034778,0.1880494611595123,0.1880394318391801,0.3048382328350678,-1.3304447010278462,0.512424629202201,0.5116879199533908,1.5239295909144104,-0.5968875671917083,-0.4944217828520918,0,0,0.30207909553768025
-0.9398277670454336,-0.74429963270961,-0.7904807747785566,0.1260263415280489,-1.2223249557195053,-0.7904197960249194,-0.7904794415036949,-0.785889850843727,-0.6092413394288252,-0.8208292056470788,-1.7763568394002505e-15,0.1042955554930861,-1.6358272591524616,-0.2585203832540119,-1.6432606213318468,-1.366104723643499,-1.366114835557454,-0.4887542611003203,0.7516283835227737,-1.0763017290391967,-1.0755339497167251,-0.2155867640807465,0.9937640617457262,-0.1042955554930881,1,1,0.5168114499552009
0.2163141532958551,-0.1727462840875357,1.731732877149298,0.0237479536072515,0.4979702613125989,1.722289416269441,1.7318346709566277,1.746065398709948,1.4882200004468031,1.659540325381934,-1.7763568394002505e-15,-0.1228665515767158,-1.7140938097379192,1.502321227859556,-1.7124501652219888,-0.1592451588219643,-0.15924001546499,0.394359337333878,-1.3304447010278462,0.3523908651213229,0.3511483033646194,1.5608488381079555,1.818228968554892,0.1228665515767114,1,0,0.44412582040493226
-0.5062745469174503,0.6274284039833682,0.5294024058113425,1.4991681027625772,-1.1112268691001037,0.5182829187117256,0.5301661551146816,0.506093037354689,1.220458978335021,0.4710299250971976,-1.7763568394002505e-15,0.691954049869308,-0.5087889307218919,0.6488128486735034,-0.5142500639715294,-0.2168448716205265,-0.2168447950359014,-0.4887542611003203,-1.3304447010278462,-0.3235877156493258,-0.3243297060560598,0.7005225850758817,0.0116052434470732,-0.6919540498693089,0,0,0.2553044257427841
-0.2172390668321281,-1.0872316418828545,1.4198556714630586,-1.2384108760536456,-1.3630952021192442,1.4082007647326438,1.4201147193223802,1.4187354660900813,0.5744855124903454,1.349494134003305,-1.7763568394002505e-15,0.3660258092908973,0.915662289933414,1.1390034718546824,0.9232644596754208,0.7117131358024251,0.711728452867982,-0.0750215889571753,-1.3304447010278462,0.4647174030014345,0.4662521794093988,1.195294394180623,-0.7682939927237594,-0.3660258092909006,0,0,0.18163340718515522
-1.6624164672587392,1.1989817526054425,-0.7904807747785566,-0.6095075971364059,-1.3237623391546112,-0.7904197960249194,-0.7904794415036949,-0.785889850843727,-0.9863381122362522,-0.8208292056470788,-1.7763568394002505e-15,-0.0389153380943968,1.2600351125094231,-0.2316079568832805,1.2610722327861146,-0.0545529335815036,-0.0545427209495048,-0.6944108525165029,0.7516283835227737,-1.125523470357448,-1.127027788999916,-0.189312117355413,-1.5276244578307456,0.0389153380943942,0,0,0.2393542149151762
-0.9398277670454336,-0.6299889629851951,-0.7904807747785566,0.1194979337884233,0.3178671519482271,-0.7904197960249194,-0.7904794415036949,-0.785889850843727,-0.6125883522052226,-0.8208292056470788,-1.7763568394002505e-15,0.1833084622999697,0.7278225685283201,-0.1835500526498316,0.7295337367830236,0.3774575716852392,0.3774526161420552,-0.6750549380302743,0.7516283835227737,-1.216899215779022,-1.2178992700878997,-0.1405355936909477,-1.1059646510219,-0.183308462299975,0,0,0.040878437605685165
0.7943851134664996,0.3988070645345384,-0.101602528932945,-0.0458883956154187,-1.2340558095861502,-0.1098943843618599,-0.1027919146159276,-0.1206208731633489,-0.1105364357456303,-0.149062457660051,-1.7763568394002505e-15,0.3363959692383125,0.1016901638446686,-0.7910019621606257,0.1092698256737501,0.5888928251273396,0.5889030719544779,0.1766052993638022,0.7516283835227737,1.1942088512565403,1.1932240281132689,-0.7538801675048868,0.0493146570641243,-0.3363959692383182,0,0,0.07771819100489487
-1.517898727216078,1.5419137617786869,-0.7904807747785566,0.1521399724865497,0.1198227366701631,-0.7904197960249194,-0.7904794415036949,-0.785889850843727,-0.5958532883232364,-0.8208292056470788,-1.7763568394002505e-15,0.3265193558874528,0.5869427774744989,-0.2450641700686461,0.5850496892477272,0.8626876797223447,0.8626776862548377,-0.5758558762883507,0.7516283835227737,-1.1025533244089307,-1.1027953940431203,-0.2015736191605687,-0.917417582936644,-0.3265193558874574,0,0,0.12478696404745364
1.5169738136798052,1.3132924223298572,-0.7904807747785566,-0.1046440652720466,-1.6646471515147634,-0.7904197960249194,-0.7904794415036949,-0.785889850843727,-0.727502457528196,-0.8208292056470788,-1.7763568394002505e-15,-0.0685451781469816,0.3208365054839474,-1.2984934308658462,0.3217224251481867,0.5673720533124944,0.5673721715733671,0.5903379715069454,0.7516283835227737,0.8915582469458582,0.890319091153323,-1.266033665981772,0.3132805523834828,0.0685451781469768,0,0,0.21221182994536011
-0.2172390668321281,1.5419137617786869,1.579864513960749,1.4360601612795325,-0.0768415781530017,1.5914191447957748,1.5795440075627971,1.5861524355802423,2.0828726037200527,1.5303544123075046,-1.7763568394002505e-15,-0.2068177650590293,-1.8706269109088316,1.031353766371757,-1.8715861161693157,0.3977630528564254,0.3977580983923502,-0.0750215889571753,-1.3304447010278462,0.9334598318629336,0.9327257823277152,1.0861535539369305,1.516553659618482,0.2068177650590286,1,1,0.6002931530496244
0.9389028535091608,-0.1727462840875357,-0.7226347221441685,1.1705715798681025,0.7374176902376451,-0.7118976331407177,-0.7214727346533653,-0.7212001408398007,-0.0157044070810413,-0.7433176578024193,-1.7763568394002505e-15,-0.1129899382258561,-0.9783882342346284,-1.1793098283668928,-0.9709010536464666,0.3513288228465073,0.3513137384921744,0.2516094679979384,0.7516283835227737,0.7847849311631903,0.784302363217342,-1.1442270985986878,1.2285908647246355,0.1129899382258506,0,0,0.14336510499124158
1.5169738136798052,0.6274284039833682,-0.7904807747785566,0.5764864755621962,-1.3913872614446816,-0.7904197960249194,-0.7904794415036949,-0.785889850843727,-0.3782974578574132,-0.8208292056470788,-1.7763568394002505e-15,0.5289899295800999,0.195610024547217,-1.584918540097202,0.198809235413934,0.3288459459387634,0.3288511152347412,0.7984140522339087,0.7516283835227737,1.4335022398191153,1.4325189283116255,-1.555324263516598,0.6595215319582266,-0.5289899295801047,0,0,0.11423432175616166
1.372456073637144,-1.3158529813316842,-0.7904807747785566,-0.8684677708082102,1.3405215890286843,-0.7904197960249194,-0.7904794415036949,-0.785889850843727,-1.1191029523666771,-0.8208292056470788,-1.7763568394002505e-15,-4.216722785508538,0.3051831953668564,-1.3388620704219432,0.2981165807621377,0.3295548654808979,0.3295499073919833,0.6266303111686262,0.7516283835227737,0.9677888411925856,0.9690743747629088,-1.3067256829615197,0.3681306085537392,4.216722785508535,0,0,0.1744205179611662
-0.5062745469174503,1.0846710828810275,0.5170477233871791,0.3436399328488934,-0.510193120991414,0.5182829187117256,0.51588890542151,0.4938019924539429,0.6168810076580445,0.4710299250971976,-1.7763568394002505e-15,-0.0389153380943968,-0.9783882342346284,0.7391617086323875,-0.9855529570584968,-2.3537309200594363,-2.353730957037008,-0.287936648305694,-1.3304447010278462,-0.5532891751344978,-0.5545374581456185,0.7907995763885661,0.5223963915325857,0.0389153380943942,1,0,0.45206168539746816
-0.2172390668321281,0.9703604131566128,1.4923870803557624,-0.3374906079853503,-1.6163436355932843,1.4867229276168454,1.4915009677882385,1.4945518062146828,1.0999665183847185,1.4270056818479648,-1.7763568394002505e-15,0.6968923565447378,1.103502011338511,1.0909455676212334,1.1019362818387877,0.1218161210799362,0.1218060882397145,-0.0556656744709467,-1.3304447010278462,0.7315244828649801,0.7328085239341513,1.1457094198476865,-0.9448426110217722,-0.6968923565447394,0,0,0.2406978191319944
-1.6624164672587392,-0.74429963270961,-0.7904807747785566,1.6340885293815002,-0.6468230660264546,-0.7904197960249194,-0.7904794415036949,-0.785889850843727,0.1639186119189458,-0.8208292056470788,-1.7763568394002505e-15,0.0154060353353373,0.0077703031421202,-0.2412195377299702,0.0022295313025306,0.654822342546001,0.6548224654543127,-0.4718178359248698,0.7516283835227737,-1.110125899996354,-1.1088534927823193,-0.1975313658182096,-0.3997701778298497,-0.0154060353353403,0,0,0.0655440853801161
0.0717964132531941,0.2844963948101236,1.8068556283301216,1.579685131551289,1.5716884152243338,1.8008115791536337,1.807980002653543,1.8256337420147772,2.350633625831835,1.7370518732265845,-1.7763568394002505e-15,0.4598536361240761,-0.0235363170920616,1.6484172567292406,-0.0217833104005185,0.5042782140623783,0.5042783289702062,0.2637069145518325,-1.3304447010278462,0.2827231697170289,0.2814801678638317,1.7097385028848455,0.4521197570644446,-0.4598536361240789,0,0,0.12414099442487615
1.0834205935518215,1.5419137617786869,-0.7904807747785566,-1.6801664664349605,-0.9566556181513703,-0.7904197960249194,-0.7904794415036949,-0.785889850843727,-1.5352482075654057,-0.8208292056470788,-1.7763568394002505e-15,0.5635580763081146,-0.6966286521269859,-1.2888818500191563,-0.6929218861348961,1.1488379891945797,1.1488381383567483,0.5709820570207169,0.7516283835227737,0.8713647120460629,0.872144794935726,-1.2552543237354818,1.1548861017458538,-0.5635580763081178,0,0,0.1448576300097828
0.9389028535091608,-1.544474320780514,-0.7904807747785566,-0.6312689562684899,0.6877340738612667,-0.7904197960249194,-0.7904794415036949,-0.785889850843727,-0.9974948214909096,-0.8208292056470788,-1.7763568394002505e-15,-0.0092854980418175,0.9626222202846896,-1.4945696801383177,0.965999177960509,0.8642574301370765,0.8642676915981272,0.7282488622213271,0.7516283835227737,1.2600902588671228,1.2598631142444563,-1.4627566619765768,-0.0655276480423496,0.0092854980418116,0,0,0.15606748560627254
0.5053496333811774,-0.74429963270961,0.99605341906978,-1.0686722748233874,1.1031443107859864,0.989415896016917,0.9965563117582884,0.9802686116834688,0.3011461357512348,0.9360992121651364,-1.7763568394002505e-15,-0.0092854980418175,-1.041001474702995,0.6257450546414479,-1.0453815626576195,1.1086574422885076,1.1086626530266137,-0.5976312800853583,-1.3304447010278462,0.5793157135577728,0.5783270060845784,0.6761343232436491,0.4126962791920728,0.0092854980418116,0,0,0.31825308267148533
1.6614915537224662,-1.544474320780514,-0.7904807747785566,-1.664933515042501,-0.6751151253518926,-0.7904197960249194,-0.7904794415036949,-0.785889850843727,-1.5274385110871451,-0.8208292056470788,-1.7763568394002505e-15,-0.0734834848224115,-1.651480569269553,-0.1239582514003549,-1.6562845354758733,-1.6033649032634167,-1.6033598366524204,-0.6194066838823659,0.7516283835227737,-1.3287209152866384,-1.32997409676308,-0.0808449860021131,0.8823498851498925,0.0734834848224071,1,1,1.0166143984640215
-1.6624164672587392,1.1989817526054425,-0.7904807747785566,-0.4876439859967325,-1.0953557138687602,-0.7904197960249194,-0.7904794415036949,-0.785889850843727,-0.9238605404101694,-0.8208292056470788,-1.7763568394002505e-15,0.6820774365184427,-0.0548429373262435,-0.2700542802700396,-0.0592270635645954,0.2300529440310764,0.2300581080768225,-0.3653603062506101,0.7516283835227737,-1.0525743255319373,-1.0513015547599296,-0.228252491220138,-0.2969263225106188,-0.682077436518448,0,0,0.14794697595558648
1.5169738136798052,-0.4013676235363654,-0.7904807747785566,1.1596909003020592,-1.2195647548097066,-0.7904197960249194,-0.7904794415036949,-0.785889850843727,-0.0792976498325897,-0.8208292056470788,-1.7763568394002505e-15,-0.0438536447698267,1.2756884226265142,-1.4734242022756003,1.271654163028136,0.694901615231768,0.6949068039813286,0.537109206669816,0.7516283835227737,1.2197031890675325,1.220485472439664,-1.4411979774839956,-0.391199856553247,0.0438536447698245,0,0,0.13966280612835383
0.3608318933385163,1.7705351012275166,1.4679394672537107,0.3109978941507663,0.2081491657837249,1.4605488733221084,1.4677055516329525,1.468934681053128,1.4112387065896652,1.4011684992330753,-1.7763568394002505e-15,-0.0241004180681072,-1.6358272591524616,1.1332365233466684,-1.6408186374298417,0.9474035650076148,0.947403703464796,0.1016011307296643,-1.3304447010278462,0.5351423559644705,0.5359203149101864,1.189904723057478,1.4394207681290587,0.0241004180681028,1,0,0.4976624550438687
-1.6624164672587392,0.6274284039833682,-0.7904807747785566,0.7984523387094583,1.3764042008560684,-0.7904197960249194,-0.7904794415036949,-0.785889850843727,-0.2644990234599054,-0.8208292056470788,-1.7763568394002505e-15,0.5141750095538102,0.915662289933414,-0.2681319641007016,0.9191944865054128,0.4265755685332433,0.4265807430229434,-0.5806948549099078,0.7516283835227737,-1.0588848051881234,-1.0573596534991283,-0.2248839467681722,-1.1848116067666434,-0.5141750095538136,0,0,0.16429550123720985
-1.0843455070880947,1.1989817526054425,-0.7904807747785566,1.3229010937926926,0.2495521794307066,-0.7904197960249194,-0.7904794415036949,-0.785889850843727,0.0043776695773422,-0.8208292056470788,-1.7763568394002505e-15,0.3561491959400376,1.1191553214556018,-0.2066178466818871,1.1178091772018202,0.4423743469008476,0.4423693948075868,-0.546822004559007,0.7516283835227737,-1.1760073076069364,-1.1754925789135071,-0.1623637617396863,-1.3819289961285024,-0.3561491959400397,0,0,0.16614611328061296
-0.072721326789467,-1.6587849905049288,-0.6123587114386604,-1.723689184699129,-0.516403573038461,-0.6072014159617884,-0.6120138203390494,-0.6157559135334008,-1.404714709285912,1.762889055841474,-1.7763568394002505e-15,-0.1821262316818799,-0.0391896272091525,1.3773706768525888,-0.0348072245445452,0.8734480656297692,0.8734431364453926,0.133054491769787,-1.3304447010278462,0.7721639718508182,0.7721861657389439,-1.0318524556811075,0.3338493234473291,0.1821262316818766,0,1,0.531566690215989
-0.6507922869601114,-1.430163651056099,-0.0599316509260214,-0.1459906476230066,0.7567390966062368,-0.0575462757723952,-0.0599601655364128,-0.0797369764408675,-0.126155828702151,-0.097388092430281,-1.7763568394002505e-15,0.1191104755193758,-1.573214018684098,0.3527761585954582,-1.5724430881737013,-2.3652255440640726,-2.365215454229943,-0.9049064225542436,-1.3304447010278462,-0.8993558794797403,-0.8998490862799567,0.4018000630755515,0.5943870902560467,-0.1191104755193793,1,1,1.2460064755683848
-1.373380987173417,1.4276030920542722,-0.7904807747785566,0.4742080876413996,1.5151042965734578,-0.7904197960249194,-0.7904794415036949,-0.785889850843727,-0.4307339913543038,-0.8208292056470788,-1.7763568394002505e-15,0.380840729317187,1.2600351125094231,-0.1739384718031417,1.2525252891290968,-0.4980074257427284,-0.4980023003888621,-0.7452201280428542,0.7516283835227737,-1.2378500082375594,-1.239102615675096,-0.1293520261104211,-1.572190128469079,-0.380840729317192,0,0,0.28183756751974304
0.2163141532958551,1.4276030920542722,1.804683088836042,-0.7378996160157041,0.3206273528580263,1.8008115791536337,1.8056004610380143,1.823304912454636,1.1602127483598692,1.7370518732265845,-1.7763568394002505e-15,-0.241385911787044,-0.4148690700193434,1.7176206388254072,-0.4194196891103348,-0.2577090195136557,-0.2576988176781408,0.6338887791009623,-1.3304447010278462,0.0775063712978589,0.0785338601006681,1.778456809704949,0.9354858770648288,0.2413859117870418,0,0,0.19875036689347025
-0.3617568068747892,-0.4013676235363654,1.0220977178241073,-0.4593542191250229,-0.9124924035945896,1.015589950311654,1.022731269529103,1.0070501516250945,0.6358474133909626,0.961936394780026,-1.7763568394002505e-15,0.2475064490805691,0.8217424292308685,1.3523805666511954,0.819480143840208,1.0304231071027707,1.0304283136832082,0.087084194864992,-1.3304447010278462,-0.7267011560864901,-0.7271932722127877,1.4096685631037291,-0.4974718403831183,-0.2475064490805704,0,0,0.12566199898172326
-0.3617568068747892,-1.6587849905049288,1.0749977457462132,-0.400598549468395,-1.213354302762659,1.0679380589011187,1.0750811850707325,1.0613895080283924,0.7105973653971688,1.013610760009796,-1.7763568394002505e-15,0.2771362891331485,1.0408887708701444,1.3773706768525888,1.0339677298996486,-0.7003279993573676,-0.7003178210442939,0.280643339727283,-1.3304447010278462,-0.6716737734845478,-0.6726703835599973,1.4363474351632988,-0.6071719527236311,-0.2771362891331531,0,0,0.2769515367830228
-0.2172390668321281,1.4276030920542722,1.4461878971382878,1.140105677083184,-0.052689820192262,1.4343748190273808,1.446289677093195,1.446163903131746,1.8173429234592016,1.3753313166181949,-1.7763568394002505e-15,0.4746685561503657,-0.0078830069749707,0.9948297591543356,-0.0055034177204851,0.0158832866407357,0.015893503015982,-0.0750215889571753,-1.3304447010278462,0.799930082338037,0.799447610065339,1.0493690485214635,-0.079240162084914,-0.47466855615037,0,0,0.15139412797284116
0.2163141532958551,-0.4013676235363654,1.784947007166933,-1.6518766995632506,1.3225802831149918,1.774637524858906,1.784184586498257,1.802345446413364,0.6748958957822644,1.711214690611704,-1.7763568394002505e-15,0.0845423287913611,1.0408887708701444,1.711853690317393,1.0380377030696568,0.2906908834387936,0.2906909869957832,0.6774395866949775,-1.3304447010278462,0.0815450782778179,0.0815629094702675,1.773201880359882,-0.2832138084680544,-0.0845423287913664,0,0,0.2228481288021369
-0.6507922869601114,1.6562244315031018,-0.1257360399394673,0.2261285935356368,0.4379358915244747,-0.1360684386565969,-0.1265873307712137,-0.144167927604778,0.0088403532792052,-0.1748996402749406,-1.7763568394002505e-15,0.6524475964658634,0.2269166447813989,0.1605445416616625,0.2325900127250033,0.4232588378182507,0.4232488209978327,-1.115401992591984,0.7516283835227737,-0.6444125013698242,-0.6454089392336022,0.2079066444203981,-1.0339739522984388,-0.6524475964658654,0,0,0.22953836523249485
1.5169738136798052,-0.6299889629851951,-0.7904807747785566,0.5003217185999019,-0.0340584640511204,-0.7904197960249194,-0.7904794415036949,-0.785889850843727,-0.4173459402487142,-0.8208292056470788,-1.7763568394002505e-15,-0.0882984048487011,0.9782755304017808,-1.3811530261473783,0.9716971403985208,0.3339856126192483,0.3339755910545163,0.6774395866949775,0.7516283835227737,1.0467960464880346,1.0478296583724946,-1.3488998595001318,-0.1580871178296576,0.0882984048486985,0,0,0.04291148879611167
1.227938333594483,1.6562244315031018,-0.7904807747785566,-0.8227689166308327,1.2646160640092166,-0.7904197960249194,-0.7904794415036949,-0.785889850843727,-1.0956738629318965,-0.8208292056470788,-1.7763568394002505e-15,0.1635552355982502,-1.6984404996208282,-1.4964919963076555,-1.706345205466976,0.4102704190641107,0.4102755926872953,0.9314859643267324,0.7516283835227737,1.262866869915845,1.2628921636140564,-1.464238821535442,2.243316903874378,-0.1635552355982532,1,0,0.3247829403550347
-0.7953100270027725,-1.0872316418828545,-0.7904807747785566,0.9812477554189668,-1.6004724803619412,-0.7904197960249194,-0.7904794415036949,-0.785889850843727,-0.170782665720782,-0.8208292056470788,-1.7763568394002505e-15,-2.3253513288186847,-1.776707050206283,-0.5622463380094089,-1.7840816930141354,-0.2861923939744853,-0.286187257363966,-0.4452034535063051,0.7516283835227737,-0.5028053378850095,-0.5030436188624278,-0.5217200838754016,1.319436270256623,2.3253513288186816,1,1,1.3198721650901628
0.5053496333811774,-0.8586103024340248,1.0822482691180209,1.6340885293815002,-0.7358395453674659,1.0941121131958464,1.0822198099173184,1.068893514388848,1.7604437062604483,1.0394479426246763,-1.7763568394002505e-15,0.3265193558874528,-0.0548429373262435,0.5180953491585224,-0.0486451333225738,0.7717434298883092,0.7717435590102503,-0.6387625983685953,-1.3304447010278462,0.9725848057312868,0.9721034241325082,0.5683409007807424,-0.5077562259150418,-0.3265193558874574,0,0,0.20023470709061128
1.372456073637144,0.9703604131566128,-0.7904807747785566,1.0269466095963444,0.7049853295475093,-0.7904197960249194,-0.7904794415036949,-0.785889850843727,-0.147353576286001,-0.8208292056470788,-1.7763568394002505e-15,0.4894834761766554,0.9313156000505052,-1.7463930983215905,0.9240784543094228,0.2618024120967444,0.2617873229846403,0.9605198360560752,0.7516283835227737,1.73590042494355,1.7354238652715714,-1.7167449136548008,0.1967241830216881,-0.4894834761766612,0,0,0.14994080901748
1.5169738136798052,1.3132924223298572,-0.7904807747785566,-0.9576893432497564,0.883018288229532,-0.7904197960249194,-0.7904794415036949,-0.785889850843727,-1.1648454603107736,-0.8208292056470788,-1.7763568394002505e-15,0.6573859031412933,0.5086762268890413,-1.752160046829604,0.5024292338965576,0.6835589025575911,0.6835539632817872,0.9581003467452972,0.7516283835227737,1.7470068691384375,1.7475400627499695,-1.7226735518902605,0.554963612383675,-0.6573859031412959,0,0,0.14933754609411662
-1.6624164672587392,-0.1727462840875357,-0.7904807747785566,-1.0295018283856356,1.1942309408093474,-0.7904197960249194,-0.7904794415036949,-0.785889850843727,-1.2016626008511435,-0.8208292056470788,-1.7763568394002505e-15,0.1141721688439459,-1.7923603603233766,-0.2239186922059286,-1.7865236769161406,-0.1443578484371042,-0.1443527042889635,-0.362940816939832,0.7516283835227737,-1.1419307174635318,-1.1421730358479134,-0.1805539017803018,1.1274610736607256,-0.1141721688439489,1,0,0.3881187531614454
0.3608318933385163,-0.9729209721584398,1.3940207741057509,-1.532189224336786,-0.9656262711082166,1.3820267104379067,1.3939397615515656,1.3918245467284478,0.4026721899686185,1.3236569513884158,-1.7763568394002505e-15,-0.2463242184624738,0.4930229167719505,1.0005967076623494,0.4922543009715366,0.1986832542915546,0.198673225536342,-0.476656814546427,-1.3304447010278462,0.624498747896065,0.6237627466285705,1.05462397786653,-0.608886016978952,0.2463242184624721,0,0,0.14762907275803455
-0.072721326789467,0.0558750553612939,1.822429857233463,0.0563899923053786,-0.1575774547646168,1.8269856334483705,1.8222572523467149,1.8420649283557748,1.5830520291113928,1.762889055841474,-1.7763568394002505e-15,0.1339253955456654,0.4617162965377686,1.3869822576992787,0.4548105478074597,0.707560892769916,0.7075458273470983,-0.0580851637817249,-1.3304447010278462,0.7762026788307772,0.7752152151085433,1.44510565073841,-0.2095090454892725,-0.1339253955456707,0,0,0.028112041917584558
-0.9398277670454336,0.3988070645345384,-0.7904807747785566,0.3197024378036006,0.5179817179086408,-0.7904197960249194,-0.7904794415036949,-0.785889850843727,-0.5099466270623725,-0.8208292056470788,-1.7763568394002505e-15,0.2129383023525545,-0.0391896272091525,-0.2296856407139425,-0.0360282164955478,-0.5990284604971273,-0.5990334679344691,-0.5564999618021212,0.7516283835227737,-1.130067015709902,-1.1300568383695155,-0.1868867653499976,-0.3980561135745289,-0.2129383023525576,0,0,0.028547977070296868
1.6614915537224662,-1.544474320780514,-0.7904807747785566,-1.4995471856386595,0.2819845401208429,-0.7904197960249194,-0.7904794415036949,-0.785889850843727,-1.442647520751748,-0.8208292056470788,-1.7763568394002505e-15,0.5783729963344042,-1.7140938097379192,-0.1989285820045352,-1.7148921491239937,1.083693346983284,1.0836884289721365,-0.4064916245338471,0.7516283835227737,-1.1881234285468134,-1.1876087763919052,-0.1558961563919119,1.0400437966393798,-0.578372996334409,1,1,0.8643661101486613
1.6614915537224662,1.4276030920542722,-0.7904807747785566,1.594918082943748,0.2619730835248012,-0.7904197960249194,-0.7904794415036949,-0.785889850843727,0.1438365352605622,-0.8208292056470788,-1.7763568394002505e-15,0.6326943697641384,0.1643034043130324,-0.0835896118442578,0.1585165010308515,0.6606202916584732,0.6606254785861925,-0.6968303418272819,0.7516283835227737,-1.4059611862783556,-1.4057003310030662,-0.0396140019100513,-0.6945892297449775,-0.6326943697641436,0,0,0.32136096081903526
1.372456073637144,-0.8586103024340248,-0.7904807747785566,0.6482989606980761,1.3032588767464,-0.7904197960249194,-0.7904794415036949,-0.785889850843727,-0.3414803173170426,-0.8208292056470788,-1.7763568394002505e-15,0.0302209553616269,0.8687023595821414,-1.6387433928386643,0.8666918326123053,0.4663510185580954,0.46634100402776,0.6121133753039539,0.7516283835227737,1.5342174951318448,1.5355066068780072,-1.6090862329699729,0.0784537494045732,-0.0302209553616317,0,0,0.14033492478529616
-1.228863247130756,-0.2870569538119506,-0.7904807747785566,-0.0632974829210859,-1.6998397131146985,-0.7904197960249194,-0.7904794415036949,-0.785889850843727,-0.7063047099443464,-0.8208292056470788,-1.7763568394002505e-15,0.3907173426680522,0.1016901638446686,-0.0893565603522717,0.0990948927487292,-2.0045627270023134,-2.0045678091350547,-0.737961660110518,0.7516283835227737,-1.3946023228972209,-1.393584133524668,-0.0456773819235898,-0.6517376233619647,-0.3907173426680528,0,0,0.1597630716369154
-0.7953100270027725,-1.3158529813316842,-0.7700903137437617,1.2663215600492737,0.5952673433830066,-0.7642457417301824,-0.7690635669639375,-0.7664829378425491,-0.0067790396773147,-0.7949920230321893,-1.7763568394002505e-15,0.3462725825891778,-0.0704962474433344,-0.3065782874874608,-0.0783559374636346,0.9544927604289738,0.954492899262904,-0.4500424321278623,0.7516283835227737,-0.9475679440530016,-0.948313876193548,-0.2646327713013691,-0.2814997442127342,-0.3462725825891791,0,0,0.08489951080597403
-1.228863247130756,-1.544474320780514,-0.7904807747785566,0.6374182811320329,0.2854347912580912,-0.7904197960249194,-0.7904794415036949,-0.785889850843727,-0.3470586719443719,-0.8208292056470788,-1.7763568394002505e-15,-0.261139138488769,0.0860368537275777,-0.295044390471433,0.0917689410427145,-0.0833654492583215,-0.083365365580098,-0.5758558762883507,0.7516283835227737,-1.0058767760761609,-1.0058658142159376,-0.2531797201646852,-0.4683327480426699,0.2611391384887635,0,0,0.13152050296900583
-0.7953100270027725,0.9703604131566128,-0.7904807747785566,-0.4702348986910653,-0.092022683156895,-0.7904197960249194,-0.7904794415036949,-0.785889850843727,-0.9149351730064436,-0.8208292056470788,-1.7763568394002505e-15,-0.0833600981732713,0.2269166447813989,-0.5910810805494782,0.2220080824829819,0.5609917774332698,0.5609918953550697,-0.0435682279170534,0.7516283835227737,-0.4457586017930877,-0.4454916808400379,-0.5521717257211727,-0.2369340735744007,0.083360098173268,0,0,0.12105223878413618
0.9389028535091608,1.4276030920542722,-0.7904807747785566,0.0912081669167138,-0.6337121117049104,-0.7904197960249194,-0.7904794415036949,-0.785889850843727,-0.6270920742362773,-0.8208292056470788,-1.7763568394002505e-15,-0.0191621113926773,-0.6966286521269859,-1.4849580992916278,-0.6998408405239104,-0.4391671037454299,-0.4391721026871352,0.694376011870428,0.7516283835227737,1.2421684966435549,1.2416888180268602,-1.453189995732994,1.3211503345119435,0.0191621113926725,0,0,0.16290504261599473
1.6614915537224662,0.1701857250857087,-0.7904807747785566,0.4067478743319381,-0.0540699206471617,-0.7904197960249194,-0.7904794415036949,-0.785889850843727,-0.4653197900437422,-0.8208292056470788,-1.7763568394002505e-15,0.3117044358611631,-1.9019335311430128,-0.1047350897069753,-1.896819949823367,-2.759030349720691,-2.7590202808148385,-0.6919913632057247,0.7516283835227737,-1.3668362124100022,-1.3663226891982732,-0.0604989775122395,1.0520422464266237,-0.311704435861166,1,1,0.982999831335194
-1.0843455070880947,-0.8586103024340248,-0.7904807747785566,0.5177308059055691,1.32534048402479,-0.7904197960249194,-0.7904794415036949,-0.785889850843727,-0.4084205728449883,-0.8208292056470788,-1.7763568394002505e-15,0.4796068628257956,0.6182493977086807,-0.1278028837390308,0.624121431679807,1.1769162667741857,1.176921481139825,-0.4887542611003203,0.7516283835227737,-1.3231676931891947,-1.3239159980238808,-0.0838093051198431,-0.9996926671920288,-0.4796068628258004,0,0,0.1393874259762645
0.2163141532958551,-0.0584356143631209,-0.5455334906147435,1.2750261037021071,-0.7524007508262588,-0.5548533073723237,-0.5453866551042483,-0.5515837212095059,0.1884633722791932,1.607865960152164,-1.7763568394002505e-15,0.3067661291857332,1.0565420809872357,1.233196964152242,1.0579805716026975,-0.4960578970018541,-0.4960578352556671,-0.0846995462002896,-1.3304447010278462,0.7762026788307772,0.7752152151085433,-0.9674458857595208,-0.6894470369790158,-0.3067661291857356,0,0,0.29205992317028706
1.0834205935518215,-0.2870569538119506,-0.7904807747785566,1.2075658903926465,1.110044813060484,-0.7904197960249194,-0.7904794415036949,-0.785889850843727,-0.0547528894723423,-0.8208292056470788,-1.7763568394002505e-15,0.6672625164921531,-1.588867328801189,-1.1773875121975548,-1.5813970291477195,-0.5807484637320469,-0.5807433427753507,0.4693635059680142,0.7516283835227737,0.6608471107156966,0.6601113390637643,-1.1428796808179016,1.802802390257008,-0.6672625164921567,1,0,0.3890165470286489
1.372456073637144,-1.6587849905049288,-0.7904807747785566,-1.1230756726535986,0.5524842292811258,-0.7904197960249194,-0.7904794415036949,-0.785889850843727,-1.2496364506461717,-0.8208292056470788,-1.7763568394002505e-15,0.2030616890016947,-2.0428133221968343,-1.3907646069940682,-2.047408957113676,-0.494057731150829,-0.4940627330096279,0.7016344798027624,0.7516283835227737,1.0662323238290878,1.0660039545900917,-1.3592749764121868,2.399296751108545,-0.2030616890016967,1,1,0.5012692529037387
0.5053496333811774,0.9703604131566128,1.028798562528738,1.2815545114417328,0.7056753797749593,1.0417640046063816,1.029869894375689,1.0139072608855106,1.533962508390899,0.9877735773949065,-1.7763568394002505e-15,-3.638940904483176,-1.6984404996208282,0.4873382904491151,-1.6949492805909527,0.9685445584963174,0.9685396343657264,-0.7863514463260912,-1.3304447010278462,0.9208388725505612,0.9206095848493174,0.3896733030484746,0.7229419094050851,3.638940904483175,1,1,0.8556460404336409
-0.6507922869601114,1.7705351012275166,-0.0865256283475254,0.4002194665923125,0.2819845401208429,-0.0837203300671322,-0.0861351233072274,-0.1057422398624458,0.1315641550804389,-0.1232252750451706,-1.7763568394002505e-15,-0.2166943784098945,-0.2270293486142494,0.0817295787188063,-0.2322009232899504,0.1472865874866843,0.1472968108451969,-0.9799105911883804,0.7516283835227737,-0.4439916674893556,-0.4454916808400379,0.1276005446855326,-0.5523218965533747,0.2166943784098895,0,0,0.30227905243452297
-1.228863247130756,-0.5156782932607803,-0.7904807747785566,-0.552928063392986,0.0266659559644534,-0.7904197960249194,-0.7904794415036949,-0.785889850843727,-0.9573306681741424,-0.8208292056470788,-1.7763568394002505e-15,0.4203471827206315,0.1799567144301261,-0.122035935231017,0.1841573320019039,-0.3028773217697605,-0.3028873771797944,-0.812965828744656,0.7516283835227737,-1.3350313949428243,-1.3360321955022787,-0.0774764415501473,-0.7254423863407466,-0.4203471827206355,0,0,0.028028942336024553
-1.228863247130756,1.1989817526054425,-0.7904807747785566,-0.6377973640081155,1.5599575613576886,-0.7904197960249194,-0.7904794415036949,-0.785889850843727,-1.0008418342673069,-0.8208292056470788,-1.7763568394002505e-15,-0.0537302581206865,1.0565420809872357,-0.2008508981738731,1.0644925286747111,-1.1068933567724395,-1.1068832000657842,-0.5903728121530221,0.7516283835227737,-1.1840847215668544,-1.1845797270223055,-0.15805202484117,-1.3527899037880535,0.0537302581206854,0,0,0.19314529932638216
1.227938333594483,-1.430163651056099,-0.7904807747785566,-0.4637064909514397,-0.6219812578382653,-0.7904197960249194,-0.7904794415036949,-0.785889850843727,-0.9115881602300462,-0.8208292056470788,-1.7763568394002505e-15,0.2721979824577186,0.6652093280599536,-1.657966554532044,0.6611581875268829,0.5115699579243509,0.511570073219689,0.9242274963943964,0.7516283835227737,1.569808600392734,1.5688261499436016,-1.6280848236790602,0.3527040302558547,-0.2721979824577225,0,0,0.13441141842570561
-0.072721326789467,0.741739073707783,1.6659808384851076,-1.3950926618046542,0.0432271614232463,1.6699413076799765,1.6652075057218267,1.6767180295857391,0.7050190107698394,1.607865960152164,-1.7763568394002505e-15,-0.2018794583835994,1.2287284922752413,1.2293523318135662,1.2256634662070418,0.1117393361595727,0.1117495576289701,4.812346818815645,-1.3304447010278462,0.7300099677474954,0.7297794745645514,1.2857061272713866,0.4195525362133547,0.2018794583835983,1,1,1.3482877214153255
-0.6507922869601114,-0.9729209721584398,-0.1159988749780505,0.3806342433734365,0.6408106583946875,-0.1098943843618599,-0.1170691643090993,-0.1347232299442048,0.0969783563910009,-0.149062457660051,-1.7763568394002505e-15,0.2425681424051393,0.9000089798163232,0.1182535859362275,0.9041355857763816,0.6695577416004018,0.6695477378692397,-0.9073259118650224,0.7516283835227737,-0.5545512710657349,-0.5545374581456185,0.1639808247667636,-1.5121978795328612,-0.2425681424051399,0,0,0.09913911637191568
0.0717964132531941,-0.9729209721584398,1.7729849523621823,-0.6878484900119097,-0.3390606645838878,1.774637524858906,1.772286878420614,1.7897956426726025,1.1590970774344036,1.711214690611704,-1.7763568394002505e-15,-0.2364476051116141,-1.1349213354055403,1.2101291701201868,-1.1300370045937933,-0.6771868400176363,-0.6771867878973248,0.1790247886745803,-1.3304447010278462,0.9728372249175344,0.9721034241325082,1.2672465036746137,1.0794672745117515,0.2364476051116112,0,0,0.31172047809842945
1.372456073637144,0.3988070645345384,-0.7904807747785566,-0.2265076764117193,0.7546689459238877,-0.7904197960249194,-0.7904794415036949,-0.785889850843727,-0.7899800293542784,-0.8208292056470788,-1.7763568394002505e-15,-0.1426197782784354,1.244381802392332,-1.500336628646331,1.2366523937660645,0.0387206233195522,0.0387308409084584,0.8540623063818163,0.7516283835227737,1.2737208949244845,1.275008361092454,-1.470032717992823,-0.254074716127606,0.1426197782784332,0,0,0.09067562994603325
0.6498673734238385,1.5419137617786869,0.4869724477402224,1.7211339659098392,-1.2733886725507833,0.4921088644169886,0.4873344060351667,0.4635272081721054,1.297440272192158,0.445192742482308,-1.7763568394002505e-15,0.464791942799506,-1.808013670440468,0.1989908650484216,-1.8109435159361909,-0.2908003709983685,-0.2908053620553049,-0.8419997004739996,0.7516283835227737,0.4341746814654938,0.4329326363438046,0.2465775347289659,0.7417966162136106,-0.4647919427995092,1,0,0.46335151482244613
-1.228863247130756,-1.544474320780514,-0.7904807747785566,-0.7466041596685377,-0.4053054864190592,-0.7904197960249194,-0.7904794415036949,-0.785889850843727,-1.056625380540595,-0.8208292056470788,-1.7763568394002505e-15,-0.0586685647961219,0.6808626381770445,-0.3008113389794469,0.67418210167091,-1.438946206597987,-1.4389411312491598,-0.4137500924661824,0.7516283835227737,-0.9967896853712528,-0.9967786661071394,-0.258030424175516,-0.9105613259153617,0.0586685647961159,0,0,0.12761684247367622
1.5169738136798052,0.8560497434321979,-0.7904807747785566,0.0215718176940435,0.1425943941760031,-0.7904197960249194,-0.7904794415036949,-0.785889850843727,-0.6627935438511817,-0.8208292056470788,-1.7763568394002505e-15,-0.1080516315504262,0.399103056069402,-1.540705268202429,0.397016928793341,-0.2142117418925913,-0.2142217925906018,0.5201727814943655,0.7516283835227737,1.3486893932399746,1.347705545962841,-1.5100510260821771,0.3852712511069446,0.1080516315504202,0,0,0.051081570970134604
-1.228863247130756,-0.74429963270961,-0.7904807747785566,0.5634296600829466,0.0515077641526426,-0.7904197960249194,-0.7904794415036949,-0.785889850843727,-0.3849914834102073,-0.8208292056470788,-1.7763568394002505e-15,-0.0191621113926773,0.7278225685283201,-0.2123847951899009,0.7250567662960145,0.3886990101391112,0.3886839277707721,-0.3895551993583967,0.7516283835227737,-1.1636387674808115,-1.1633763814351097,-0.1689661088655394,-1.0031207957026695,0.0191621113926725,0,0,0.05779668272836424
-0.7953100270027725,-0.6299889629851951,-0.7410620450819035,-0.3548996952910175,1.5944600727301736,-0.7380716874354547,-0.7405090675775942,-0.7387957419608686,-0.8134091187890594,-0.7691548404173089,-1.7763568394002505e-15,0.1388637022210953,0.8687023595821414,-0.2758212287780535,0.8646568460273006,-0.3198913907810276,-0.3198913196726847,-0.4984322183434346,0.7516283835227737,-0.9533735853366928,-0.954371974932747,-0.2337769041213621,-1.109392779532541,-0.138863702221101,0,0,0.1371236481680634
-1.228863247130756,0.3988070645345384,-0.7904807747785566,1.1705715798681025,0.2509322798856062,-0.7904197960249194,-0.7904794415036949,-0.785889850843727,-0.0737192952052604,-0.8208292056470788,-1.7763568394002505e-15,-0.1722496183310201,1.1817685619239655,-0.0816672956749199,1.1841497398729568,-0.542795949672687,-0.5427958904103355,-0.6363431090578163,0.7516283835227737,-1.410757150817057,-1.4117584297422652,-0.0370539081265573,-1.5430510361286305,0.1722496183310157,0,0,0.13475927233662288
-0.5062745469174503,1.3132924223298572,0.5581950979015534,-0.0611213470078771,0.8981993932334253,0.5706310273011902,0.5587206545010248,0.5352034068564558,0.4439520142108521,0.5227042903269675,-1.7763568394002505e-15,0.2178766090279844,-1.9019335311430128,0.8660345758086925,-1.8988549364083716,-0.5844702913282628,-0.5844702342806416,-0.249224819333236,-1.3304447010278462,-0.7024689142067359,-0.702960877255992,0.919073749119425,1.3845707119588022,-0.2178766090279879,1,1,0.9133310514229919
-1.373380987173417,-1.544474320780514,-0.7904807747785566,0.7375205331396216,-0.2203720254625394,-0.7904197960249194,-0.7904794415036949,-0.785889850843727,-0.2957378093729468,-0.8208292056470788,-1.7763568394002505e-15,-2.1870787419066318,0.8373957393479594,-0.2815881772860673,0.8316900633502329,-0.3021684022276225,-0.3021784575999838,-0.3290679665889311,0.7516283835227737,-1.0316235330733998,-1.030098209172733,-0.2394360588006646,-1.0305458237877978,2.187078741906629,0,0,0.2601059652380722
1.0834205935518215,0.6274284039833682,-0.7904807747785566,-1.3102233611895249,1.496472940432316,-0.7904197960249194,-0.7904794415036949,-0.785889850843727,-1.345584150236227,-0.8208292056470788,-1.7763568394002505e-15,0.6870157431938726,0.9313156000505052,-1.7733055246923213,0.9273344328454296,0.4022444371049264,0.4022546740128645,1.0790748122842284,0.7516283835227737,1.7871415197517808,1.7869177045547622,-1.7440974946047634,0.2447179821706626,-0.6870157431938785,0,0,0.20009999539781997
0.2163141532958551,0.6274284039833682,1.7138814080533675,1.2902590550945665,-0.221752125917439,1.722289416269441,1.7127983380323988,1.7273053828088096,2.1230367570368203,1.659540325381934,-1.7763568394002505e-15,0.6475092897904335,-1.7923603603233766,1.6522618890679166,-1.7922216393541524,-1.2656660156558563,-1.2656609310982645,0.9895537077854198,-1.3304447010278462,0.1095636079512839,0.1088243537966628,1.7122985966683395,2.1490433698317504,-0.6475092897904351,1,1,0.5701619369322685
0.0717964132531941,0.8560497434321979,1.8219587040901688,-0.3353144720721415,-0.743430097869413,1.8269856334483705,1.8222572523467149,1.841547410675744,1.38111559160209,1.762889055841474,-1.7763568394002505e-15,0.7067689698955976,-1.3540676770448192,1.631116411205199,-1.3591764940652635,0.6071221847822694,0.6071121777330462,0.5903379715069454,-1.3304447010278462,0.3728368192073657,0.3723516489518154,1.6916831046223089,1.6588209928100843,-0.7067689698956002,1,0,0.3126780347264791
-1.0843455070880947,1.4276030920542722,-0.7904807747785566,0.3632251560677693,1.1521378769349158,-0.7904197960249194,-0.7904794415036949,-0.785889850843727,-0.4876332085530573,-0.8208292056470788,-1.7763568394002505e-15,0.4993600895275206,-2.1367331828993827,-0.1950839496658593,-2.142646329291872,-0.4691695915108334,-0.4691796557582694,-0.6363431090578163,0.7516283835227737,-1.1946863273892472,-1.193666875131104,-0.1523928701618674,1.3331487842991874,-0.4993600895275221,1,1,0.5753759120366341
1.5169738136798052,0.5131177342589534,-0.7904807747785566,-1.723689184699129,0.1557053484975473,-0.7904197960249194,-0.7904794415036949,-0.785889850843727,-1.557561626074721,-0.8208292056470788,-1.7763568394002505e-15,0.5684963829835444,0.4460629864206776,-1.5464722167104423,0.4531825585394561,-0.5698361664941669,-0.5698259812462643,0.5854989928853892,0.7516283835227737,1.3575240647586355,1.3567926940716393,-1.5147669883149295,0.3578462230218164,-0.5684963829835482,0,0,0.026139235321210093
-0.9398277670454336,1.5419137617786869,-0.7904807747785566,-1.153541575438517,0.5283324713203856,-0.7904197960249194,-0.7904794415036949,-0.785889850843727,-1.2652558436026922,-0.8208292056470788,-1.7763568394002505e-15,0.2178766090279844,-0.0391896272091525,-0.2354525892219564,-0.0441681628355646,0.996951977291912,0.9969571820935708,-0.4669788573033127,0.7516283835227737,-1.1194654098875094,-1.1179406408911177,-0.1925459200293002,-0.3620607642127981,-0.2178766090279879,0,0,0.11387254260612496
0.6498673734238385,-0.6299889629851951,0.6018291140055367,-0.5616326070458195,0.5283324713203856,0.5968050815959273,0.6015524035805397,0.5791924096591258,0.2252805128195631,0.5485414729418572,-1.7763568394002505e-15,0.2277532223788441,1.2130751821581502,0.0298270421466815,1.214674538648019,-2.586762900981613,-2.586752822920816,-0.6508600449224877,0.7516283835227737,0.9607211039776572,0.9599872266541106,0.075994443681416,-1.6441808271925404,-0.2277532223788487,0,0,0.40037486260996613
-0.6507922869601114,1.6562244315031018,-0.0605336799424531,-1.3363369921480264,-1.3161717866526643,-0.0575462757723952,-0.0599601655364128,-0.0802544941208989,-0.7375434958573878,-0.097388092430281,-1.7763568394002505e-15,0.0005911153090476,-1.228841196108089,-0.0066969650707396,-1.2216114009189811,0.6908253278644866,0.6908153252635635,-0.8153853180554341,0.7516283835227737,-0.2221152027778544,-0.2213420274896783,0.0378625204851628,0.3852712511069446,-0.0005911153090491,0,1,0.5942965800937589
-1.6624164672587392,1.1989817526054425,-0.7904807747785566,-0.9750984305554244,1.2301135526367315,-0.7904197960249194,-0.7904794415036949,-0.785889850843727,-1.1737708277144998,-0.8208292056470788,-1.7763568394002505e-15,0.3561491959400376,0.2895298852497627,-0.118191302892341,0.2871276532031153,0.3923195635150222,0.3923196724729447,-0.6048897480176944,0.7516283835227737,-1.342099132157753,-1.3420902942414774,-0.0737036717639456,-0.754581478681195,-0.3561491959400397,0,0,0.1024229171102403
0.0717964132531941,0.8560497434321979,1.7315758261015337,0.2326570012752624,1.4481694245108367,1.722289416269441,1.7318346709566277,1.7459360192899402,1.5953244092915162,1.659540325381934,-1.7763568394002505e-15,0.52405162290467,0.6025960875915898,1.1774497952414416,0.609469528267777,0.4287276457147275,0.4287378840300821,0.0169190048524121,-1.3304447010278462,1.029126703450714,1.0296553621548978,1.2339652844891913,-0.4529061697447853,-0.5240516229046744,0,0,0.18757902952703143
1.6614915537224662,-1.3158529813316842,-0.7904807747785566,0.861560280192503,0.4489766951636706,-0.7904197960249194,-0.7904794415036949,-0.785889850843727,-0.2321445666213985,-0.8208292056470788,-1.7763568394002505e-15,0.3610875026154674,-1.6671338793866464,-0.2412195377299702,-1.6737854201069091,0.5598777610099119,0.5598677514499415,-0.5589194511129002,0.7516283835227737,-1.107854127320127,-1.1088534927823193,-0.1987440418209174,0.9886218689797645,-0.3610875026154703,1,1,0.7184027457811107
-1.228863247130756,0.5131177342589534,-0.7904807747785566,1.0225943377699285,1.5440864061263453,-0.7904197960249194,-0.7904794415036949,-0.785889850843727,-0.149584918136932,-0.8208292056470788,-1.7763568394002505e-15,0.0549124887387818,-0.11745617779461,-0.0470656046268366,-0.1121367147747039,-0.5220853716202811,-0.5220954386798607,-0.5540804724913431,0.7516283835227737,-1.4748716241239073,-1.4753684665038538,-0.0028294964945844,-0.4494780412341444,-0.0549124887387838,0,0,0.10865447995180348
-0.072721326789467,1.0846710828810275,1.688884116284139,-1.3036949534498992,-1.5390580101189175,1.6961153619747042,1.6890029218771128,1.7009119811272078,0.7708435953723197,1.6337031427670443,-1.7763568394002505e-15,-0.241385911787044,1.2130751821581502,1.2043622216121728,1.2150815359650198,1.1446604276069932,1.1446555128358653,-0.0145343561877106,-1.3304447010278462,0.8168421678166152,0.817621906282936,1.2614526072172323,-0.955126996553695,0.2413859117870418,0,0,0.2909666152442582
0.3608318933385163,0.6274284039833682,1.4102755575494064,1.5383385492003292,1.4343684199618436,1.4082007647326438,1.410596552860266,1.4087732507494763,1.990271916906395,1.349494134003305,-1.7763568394002505e-15,0.0104677286599074,0.9782755304017808,1.0717224059278538,0.9712901430815196,0.7126499223402503,0.712650048321736,0.0653087910679852,-1.3304447010278462,0.5439770274831311,0.5450074630189846,1.126441345582442,-0.8128596633620929,-0.01046772865991,0,0,0.20618377125161771
-1.228863247130756,-0.4013676235363654,-0.7904807747785566,0.9986568427246356,-1.4755733891935456,-0.7904197960249194,-0.7904794415036949,-0.785889850843727,-0.1618572983170553,-0.8208292056470788,-1.7763568394002505e-15,-0.1870645383573098,0.7278225685283201,-0.0528325531348505,0.7352316992210353,-0.1268627268793896,-0.1268525180902054,-0.9411987622159234,0.7516283835227737,-1.4660369526052468,-1.4662813183950554,-0.0075454587273366,-1.270514819532669,0.1870645383573069,0,0,0.18228284079201548
1.227938333594483,-0.9729209721584398,-0.7904807747785566,0.8202136978415431,1.2156224978602883,-0.7904197960249194,-0.7904794415036949,-0.785889850843727,-0.2533423142052476,-0.8208292056470788,-1.7763568394002505e-15,-0.0438536447698267,-0.868815063414989,-1.7175583557815208,-0.8634537619582461,-0.2719633660216091,-0.2719582286549064,0.7838971163692364,0.7516283835227737,1.684154491762825,1.6839300259883807,-1.6891228491486812,1.634824093235597,0.0438536447698245,0,0,0.16030324729799225
-0.6507922869601114,0.1701857250857087,-0.1024139593463964,-0.4180076367740622,1.0010168771234311,-0.1098943843618599,-0.1027919146159276,-0.121397149683396,-0.3013161640002753,-0.149062457660051,-1.7763568394002505e-15,-0.0191621113926773,-1.9488934614942888,0.318174467547375,-1.9505435956674773,-0.06460439994679,-0.0646093789828182,-0.9000674439326863,-1.3304447010278462,-0.9142486114683392,-0.914994333127954,0.3656892665504778,0.8909202064264953,0.0191621113926725,1,1,0.5584018999021475
-1.228863247130756,1.0846710828810275,-0.7904807747785566,-0.1655758708418826,-1.5811510739933494,-0.7904197960249194,-0.7904794415036949,-0.785889850843727,-0.758741243441237,-0.8208292056470788,-1.7763568394002505e-15,0.4154088760452016,0.6339027078257716,-0.2046955305125491,0.6277844075328147,-0.4255204025593097,-0.4255203370644931,-0.3750382634937244,0.7516283835227737,-1.1782790802831633,-1.1785216282831068,-0.1611510857369786,-0.920845711447285,-0.4154088760452049,0,0,0.16933711823379785
-1.0843455070880947,1.0846710828810275,-0.7904807747785566,-0.75748483923458,0.6401206081672376,-0.7904197960249194,-0.7904794415036949,-0.785889850843727,-1.062203735167924,-0.8208292056470788,-1.7763568394002505e-15,-4.680923612998996,-1.8706269109088316,-0.1816277364804936,-1.8634461698292983,0.1594394939233042,0.1594497179276677,-0.6121482159500297,0.7516283835227737,-1.220433084386486,-1.2209283194574994,-0.1386492087978469,1.0948938528096364,4.680923612998995,1,1,0.8613125855030779
-0.5062745469174503,1.1989817526054425,0.5812292515737221,-0.6247405485288643,-0.4922518150777218,0.5706310273011902,0.5801365290407823,0.5583623230378615,0.1750753211736036,0.5227042903269675,-1.7763568394002505e-15,0.4203471827206315,0.1643034043130324,0.8794907889940582,0.1625864742008596,-0.4459524765058779,-0.4459574758081812,-0.5613389404236793,-1.3304447010278462,-0.6741979653470224,-0.6726703835599973,0.9330868940396028,-0.432337398680939,-0.4203471827206355,0,0,0.12711702655690124
-1.517898727216078,0.6274284039833682,-0.7904807747785566,1.4621737922380331,-0.7965639653830398,-0.7904197960249194,-0.7904794415036949,-0.785889850843727,0.0757806088071509,-0.8208292056470788,-1.7763568394002505e-15,-0.1623730049801604,0.8843556696992323,-0.2777435449473914,0.8845997145603419,0.216710065505871,0.2167202925538112,-0.7258642135566257,0.7516283835227737,-1.0399533662195652,-1.0391853572815315,-0.2349895801240697,-1.1899537995326053,0.1623730049801549,0,0,0.1413674231953683
-1.228863247130756,-0.0584356143631209,-0.7904807747785566,-1.5583028552952876,-0.3425109157211367,-0.7904197960249194,-0.7904794415036949,-0.785889850843727,-1.472770635739323,-0.8208292056470788,-1.7763568394002505e-15,0.4944217828520907,-1.4949474680986403,-0.2796658611167294,-1.4947066006265417,0.4087766243146103,0.4087767341471239,-0.6629574914763811,0.7516283835227737,-1.036419497612101,-1.0361563079119325,-0.2368759650171706,0.8326420217455979,-0.4944217828520918,1,0,0.3249395014432968
0.3608318933385163,1.4276030920542722,1.4156414683480365,-1.0773768184762211,0.9589238132489996,1.4082007647326438,1.415355636091323,1.4143365658098142,0.6548138191238808,1.349494134003305,-1.7763568394002505e-15,-3.426593717439669,-0.1018028676775191,1.3043226624177464,-0.0966708167286723,-0.4115192416021204,-0.4115242390745141,-0.1330893324158619,-1.3304447010278462,0.1113305422550161,0.1118534031662622,1.203648384421499,0.0801678136598934,3.426593717439667,0,0,0.2636934263466207
-0.5062745469174503,-1.430163651056099,0.4845643316744957,0.6852932712226185,-0.8358968283476726,0.4921088644169886,0.4849548644196381,0.4610689991919562,0.7641495698195249,0.445192742482308,-1.7763568394002505e-15,0.6968923565447378,-2.0428133221968343,0.6103665252867443,-2.040083005407661,-1.5717167094180535,-1.5717116411251528,-0.7307031921781828,-1.3304447010278462,-0.3374707708929351,-0.3364459035344576,0.6621211783234712,1.2028799008948283,-0.6968923565447394,1,1,1.1834343550054
1.372456073637144,-0.2870569538119506,-0.7904807747785566,0.1064411183091729,-1.6142734849109357,-0.7904197960249194,-0.7904794415036949,-0.785889850843727,-0.619282377758017,-0.8208292056470788,-1.7763568394002505e-15,0.0154060353353373,1.08784870122142,-1.3676968129620126,1.0909473542797652,0.8835248505501326,0.8835199219012748,0.541948185291374,0.7516283835227737,1.0225638046082803,1.023597263415699,-1.3359646488045829,-0.3037825795319007,-0.0154060353353403,0,0,0.1482734757146127
-0.072721326789467,0.1701857250857087,1.693909749812612,0.1064411183091729,0.758119197061136,1.6961153619747042,1.69376200510817,1.7062165373475298,1.499376709701461,1.6337031427670443,-1.7763568394002505e-15,-0.0191621113926773,-2.1367331828993827,1.102479464637261,-2.1410183400238685,-0.4496743041020902,-0.4496843673134725,-0.1524452469020914,-1.3304447010278462,1.0427573395080756,1.041771559633296,1.1577014380966848,1.766807040895277,0.0191621113926725,1,1,0.6436876665082994
-0.3617568068747892,-1.0872316418828545,1.077877014955234,-0.6377973640081155,-0.3128387559407995,1.0679380589011187,1.077460726686261,1.0643652346885728,0.592336247297798,1.013610760009796,-1.7763568394002505e-15,-0.0487919514452566,0.6025960875915898,1.1736051629027655,0.5956316194897485,-1.843587353827258,-1.843592427405161,0.0120800262308558,-1.3304447010278462,-0.3016272464457983,-0.3031263604688635,1.2292493222564391,-0.4460499127235034,0.0487919514452551,0,0,0.11086798338778876
-1.228863247130756,-0.2870569538119506,-0.7904807747785566,-1.440791515982031,0.972034767570544,-0.7904197960249194,-0.7904794415036949,-0.785889850843727,-1.4125244057641722,-0.8208292056470788,-1.7763568394002505e-15,0.2129383023525545,0.3834497459523111,-0.1258805675696929,0.3774810575773007,-0.0858466676557976,-0.0858465841094356,-0.8444191897847778,0.7516283835227737,-1.3264491426104117,-1.3269450473934803,-0.0820576620048208,-0.8934206833621567,-0.2129383023525576,0,0,0.04820348026046137
-0.7953100270027725,1.3132924223298572,-0.7491501740417901,-1.7084562333066695,1.202511543538744,-0.7380716874354547,-0.7500272340397086,-0.7465585071613398,-1.5140504599815563,-0.7691548404173089,-1.7763568394002505e-15,-0.0685451781469816,0.3051831953668564,-0.6314497201055753,0.3025935512491469,-0.2013245973587598,-0.2013397110831826,-0.3750382634937244,0.7516283835227737,-0.2988506353970764,-0.3000973110992641,-0.5911120995858977,-0.3740592140000417,0.0685451781469768,0,0,0.2243165202244097
0.3608318933385163,-1.6587849905049288,1.5303934339148408,-0.3679565107702678,-1.3706857546211908,1.5390710362063105,1.5295736336366963,1.5342712881570937,1.115585911341239,1.4786800470777348,-1.7763568394002505e-15,-0.0734834848224115,0.8217424292308685,0.9986743914930116,0.819480143840208,1.2188691125355993,1.2188793928420554,-0.2710002231302436,-1.3304447010278462,0.9099848475419215,0.9084933873709192,1.053276560085744,-0.8265721774046567,0.0734834848224071,0,0,0.29396458989254054
-1.228863247130756,1.7705351012275166,-0.7904807747785566,-0.2025701813664265,-0.6771852760342417,-0.7904197960249194,-0.7904794415036949,-0.785889850843727,-0.777707649174155,-0.8208292056470788,-1.7763568394002505e-15,0.5684963829835444,0.1173434739617595,-0.0989681411989615,0.1096768229907511,0.1880494611595123,0.1880495592617486,-0.9266818263512512,0.7516283835227737,-1.3784474949773846,-1.378438886676671,-0.0543008557206223,-0.710015808042862,-0.5684963829835482,0,0,0.17377767047653112
1.372456073637144,-1.2015423116072694,-0.7904807747785566,0.6439466888716585,0.2571427319326532,-0.7904197960249194,-0.7904794415036949,-0.785889850843727,-0.3437116591679744,-0.8208292056470788,-1.7763568394002505e-15,0.4154088760452016,0.9313156000505052,-1.7694608923536457,0.9297764167474346,0.2267868504262344,0.2267768231645556,0.7790581377476784,0.7516283835227737,1.7825979743993274,1.783888655185163,-1.7416721425993482,0.1573007051493163,-0.4154088760452049,0,0,0.13464553216534514
1.227938333594483,-0.5156782932607803,-0.7904807747785566,-0.0589452110946691,0.5614548822379716,-0.7904197960249194,-0.7904794415036949,-0.785889850843727,-0.7040733680934149,-0.8208292056470788,-1.7763568394002505e-15,0.3215810492120229,0.6652093280599536,-1.7771501570309975,0.6717401177689049,0.1418937352554354,0.1418786397709288,1.219405192309388,0.7516283835227737,1.7962286104566891,1.796004852663561,-1.7489481986155944,0.5035416847240601,-0.3215810492120268,0,0,0.08190431845003605
0.3608318933385163,-1.0872316418828545,1.5234570126385631,0.9311966294151732,-0.2376232811487819,1.5128969819115732,1.5224350087901106,1.5270260406366538,1.776063099216969,1.452842864462845,-1.7763568394002505e-15,0.4993600895275206,1.0721953911043265,1.3581475151592093,1.0754814562337336,0.0231750305027084,0.0231751198428957,-0.0193733348092669,-1.3304447010278462,0.2703546295909043,0.2693639703854339,1.415327717783032,-0.7408689646386312,-0.4993600895275221,0,0,0.12079111320987322
1.6614915537224662,-0.74429963270961,-0.7904807747785566,0.9399011730680068,-0.1727585597685101,-0.7904197960249194,-0.7904794415036949,-0.785889850843727,-0.1919804133046312,-0.8208292056470788,-1.7763568394002505e-15,-0.0438536447698267,0.4773696066548595,-0.1989285820045352,0.4771954002425055,-0.2912814235448195,-0.2912813509160348,-0.6629574914763811,0.7516283835227737,-1.189385524478051,-1.190637825761505,-0.1552224475015188,-0.8797081693195924,0.0438536447698245,0,0,0.11910556573250557
-0.072721326789467,0.3988070645345384,1.7582745042215475,0.313174030063975,-1.2602777182292386,1.7484634705641688,1.7580096287274427,1.7741407328516523,1.6589176520430644,1.6853775079968143,-1.7763568394002505e-15,0.4499770227732163,-0.4305223801364344,1.194750640765483,-0.4320366059373605,-2.4782728924797093,-2.478267872364627,0.0677282803787634,-1.3304447010278462,1.044776692998055,1.0448006090028952,1.2504037814147844,0.4486916285538037,-0.449977022773218,1,0,0.1849768525293717
0.9389028535091608,-0.9729209721584398,-0.790271373381537,-0.8662916348950023,-1.229915508221452,-0.7904197960249194,-0.7904794415036949,-0.7856310920037112,-1.1179872814412115,-0.8208292056470788,-1.7763568394002505e-15,0.0647891020896416,0.5869427774744989,-1.1908437253829205,0.5858636838817287,-0.2205666992167388,-0.2205615591186238,0.169346831431466,0.7516283835227737,0.688613221202915,0.6873727833901593,-1.1575665346284727,-0.0980948688934395,-0.0647891020896446,0,0,0.11980496173509336
-0.5062745469174503,-1.3158529813316842,0.495793481589678,1.0443556969020131,0.1074018325760685,0.4921088644169886,0.4968525724972811,0.4723250087326395,0.9571606399251008,0.445192742482308,-1.7763568394002505e-15,0.2870129024840082,1.244381802392332,0.7372393924630494,1.2415363615700743,1.0404998920231343,1.040494971716522,-0.3750382634937244,-1.3304447010278462,-0.5737351292205406,-0.5727117543632152,0.7889131914954652,-1.3802149318731818,-0.2870129024840139,0,0,0.10875044571243482
-1.517898727216078,-0.0584356143631209,-0.7904807747785566,0.5525489805169035,-0.5929991482853783,-0.7904197960249194,-0.7904794415036949,-0.785889850843727,-0.3905698380375366,-0.8208292056470788,-1.7763568394002505e-15,-0.0685451781469816,0.9939288405188716,-0.2219963760365906,0.996930974052572,-0.6264990927549041,-0.6264990379408529,-0.7282837028674037,0.7516283835227737,-1.1452121668847486,-1.1452020852175129,-0.1788022586652796,-1.3219367471922845,0.0685451781469768,0,0,0.08688834978229655
-0.3617568068747892,-1.0872316418828545,1.122715089092081,1.166219308041685,0.0770396225682813,1.1202861674905833,1.1226720173813045,1.1105536876313764,1.5551602559747488,1.065285125239566,-1.7763568394002505e-15,0.2178766090279844,-1.6358272591524616,1.194750640765483,-1.63512067499183,-0.3482481724664715,-0.3482481028651164,-0.0024369096338164,-1.3304447010278462,-0.236755515580206,-0.2364872743376755,1.2516164574174922,1.4428488966396995,-0.2178766090279879,1,1,0.5153875952298482
1.227938333594483,-1.0872316418828545,-0.7904807747785566,-0.4049508212948118,0.7429380920572426,-0.7904197960249194,-0.7904794415036949,-0.785889850843727,-0.8814650452424707,-0.8208292056470788,-1.7763568394002505e-15,0.691954049869308,1.2287284922752413,-1.486880415460966,1.2272914554750454,-0.490310584999536,-0.4903155866591996,0.9072910712189458,0.7516283835227737,1.2467120419960085,1.2477469167660589,-1.4556153477384093,-0.2403622020850416,-0.6919540498693089,0,0,0.12029642538983547
0.5053496333811774,-0.1727462840875357,1.0028851396475484,0.99212843498501,-1.6322147908246274,1.015589950311654,1.0036949366048742,0.987255100363893,1.3632648567946375,0.961936394780026,-1.7763568394002505e-15,0.3610875026154674,0.4304096763035867,0.6334343193187998,0.4381236578104256,0.4948597115739986,0.4948699534038601,-0.7210252349350684,-1.3304447010278462,0.6010237635750527,0.6025594010413742,0.6852967641529961,-0.8659956552770286,-0.3610875026154703,0,0,0.1989973800864231
0.3608318933385163,1.5419137617786869,1.5703629255709797,-1.4451437878084483,0.5483439279164274,1.5652450905010378,1.5700258411006824,1.5761902202396376,0.5979146019251265,1.504517229692615,-1.7763568394002505e-15,0.0746657154405013,0.0703835436104867,1.2543424420149596,0.0734540617776768,-0.1578273197376917,-0.1578120488827998,-0.1064749499972972,-1.3304447010278462,0.5199972047896242,0.520775068062189,1.310902839772091,0.0133193077023934,-0.0746657154405055,0,0,0.10164877298747148
-0.072721326789467,-0.8586103024340248,1.668703056646364,-1.2754051865781897,1.2273533517269333,1.6699413076799765,1.6675870473373553,1.6796937562459198,0.7686122535213878,1.607865960152164,-1.7763568394002505e-15,0.3907173426680522,-0.0548429373262435,1.5772915584637364,-0.0506801199075778,1.1659786509812289,1.1659838647656011,0.123376534526671,-1.3304447010278462,0.1337958498310385,0.1330567487534585,1.6376516516127768,0.3904134438729063,-0.3907173426680528,0,0,0.14335487801948876
-0.5062745469174503,-0.0584356143631209,0.4766332537623738,0.3044694864111414,-1.686728758793154,0.4659348101222609,0.4778162395730522,0.4531768545714772,0.5633288032356885,0.4193555598674277,-1.7763568394002505e-15,0.0993572488176562,-0.4774823104877072,0.8794907889940582,-0.4816902786114626,0.9151224072853412,0.9151276077382676,-0.290356137616473,-1.3304447010278462,-0.8892591120298426,-0.8877328888015589,0.9328174104834456,0.188153861745086,-0.0993572488176578,0,0,0.29249511745366147
-0.3617568068747892,1.0846710828810275,1.0514139134068674,1.6471453448607514,-0.0450992676903154,1.0417640046063816,1.0512857689154465,1.037066177066916,1.7403616296020643,0.9877735773949065,-1.7763568394002505e-15,0.6820774365184427,-0.0704962474433344,1.198595273104159,-0.0657390206366086,0.3232758638219781,0.3232810328219421,0.0628893017572054,-1.3304447010278462,-0.3498393110190599,-0.3485621010128555,1.25579345253793,0.1435881911067525,-0.682077436518448,0,0,0.13783104835244905
0.2163141532958551,1.1989817526054425,1.658232986795378,0.2261285935356368,0.8733575850452361,1.6699413076799765,1.6580688808752408,1.6685671261252446,1.529499824689036,1.607865960152164,-1.7763568394002505e-15,0.1339253955456654,0.211263334664308,1.4696418529808108,0.2126471441919625,1.204209669146426,1.2042047575399712,0.1040206200404424,-1.3304447010278462,0.2910530028631944,0.2905673159726302,1.529184520259477,0.0938803277024578,-0.1339253955456707,0,0,0.10640877736323384
0.0717964132531941,0.2844963948101236,1.8309629641620164,-1.4125017491103211,0.0425371111957963,1.8269856334483705,1.831775418808829,1.8511214877563245,0.836668179974799,1.762889055841474,-1.7763568394002505e-15,0.5141750095538102,-2.08977325254811,1.4408071104407414,-2.086887696862757,-0.3993916537205777,-0.3993915868371808,0.0628893017572054,-1.3304447010278462,0.7297575485612482,0.7297794745645514,1.5002150379725707,1.9999197796188664,-0.5141750095538136,1,1,0.5607067498938328
0.3608318933385163,-0.74429963270961,1.4162696725390955,0.8985545907170469,-1.589431676722746,1.4082007647326438,1.415355636091323,1.4149834629098537,1.6678430194467904,1.349494134003305,-1.7763568394002505e-15,0.0351592620370568,-1.0879614050542676,0.9506164872595626,-1.086488291674704,-0.689542294894866,-0.6895422434311699,-0.0580851637817249,-1.3304447010278462,0.7852897695356851,0.784302363217342,1.0050390035335932,0.8086451221711106,-0.035159262037062,0,0,0.38383109283941863
1.5169738136798052,0.9703604131566128,-0.7904807747785566,-0.552928063392986,-0.7303191435478684,-0.7904197960249194,-0.7904794415036949,-0.785889850843727,-0.9573306681741424,-0.8208292056470788,-1.7763568394002505e-15,0.3610875026154674,0.9939288405188716,-1.752160046829604,0.9920470062485626,0.5606373176622007,0.5606273081425959,1.0911722588381207,0.7516283835227737,1.7490262226284174,1.750569112119569,-1.7237514861148897,0.1812976047238035,-0.3610875026154703,0,0,0.1556832616579496
0.3608318933385163,-1.2015423116072694,1.569708546205293,0.2130717780563864,0.7767505532022786,1.5652450905010378,1.5700258411006824,1.5755433231395986,1.4469401762045695,1.504517229692615,-1.7763568394002505e-15,-2.201893661932927,0.5243295370061324,1.502321227859556,0.5268490729166074,1.0468042122371275,1.0468144833994066,0.1572493848775719,-1.3304447010278462,0.061099124191775,0.0603595638830714,1.4418718480645225,-0.2112231097445933,2.201893661932921,0,0,0.22646296354533066
-1.517898727216078,-0.5156782932607803,-0.7904807747785566,-0.3962462776419782,1.32672058447969,-0.7904197960249194,-0.7904794415036949,-0.785889850843727,-0.8770023615406077,-0.8208292056470788,-1.7763568394002505e-15,0.1289870888702355,-1.541907398449916,-0.3104229198261367,-1.5496512384216548,0.7169287581481414,0.7169238206457383,-0.479076303857206,0.7516283835227737,-0.9783630847751896,-0.9786043698895426,-0.2678665739752562,0.9509124553627134,-0.1289870888702401,1,0,0.30862603179962705
1.5169738136798052,-0.4013676235363654,-0.7904807747785566,1.220622705871896,1.5999804745497712,-0.7904197960249194,-0.7904794415036949,-0.785889850843727,-0.0480588639195483,-0.8208292056470788,-1.7763568394002505e-15,0.1042955554930861,0.0077703031421202,-1.7636939438456318,0.0119974669105507,-2.91772705293888,-2.9177169924667687,1.623459907209419,0.7516283835227737,1.7704818534594498,1.7717724577067653,-1.7352045372515736,1.1651704872777773,-0.1042955554930881,0,0,0.11085644760252522
0.3608318933385163,0.741739073707783,1.574943581130786,1.183628395347352,0.5338528731399832,1.5652450905010378,1.5747849243317396,1.5809772587799282,1.9489920926641613,1.504517229692615,-1.7763568394002505e-15,0.6475092897904335,0.8843556696992323,1.5330782865689634,0.88866968773035,1.0975172780549405,1.0975326156235845,0.2128976390254812,-1.3304447010278462,0.0550410637218366,0.0543014651438724,1.5925131559564347,-0.4049123705958108,-0.6475092897904351,0,0,0.1276339296902779
-0.7953100270027725,0.6274284039833682,-0.7489931229940252,0.8789693674981701,-0.2465939341056282,-0.7380716874354547,-0.7500272340397086,-0.746429127741332,-0.1886334005282338,-0.7691548404173089,-1.7763568394002505e-15,-0.2512625251379037,0.7121692584112291,-0.5660909703480848,0.7144748360539925,0.8471927240156552,0.8471928571472561,-0.2734197124410226,0.7516283835227737,-0.4215263599133332,-0.4212592858832423,-0.5254928536616033,-0.7340127076173493,0.2512625251379026,0,0,0.10718354750245292
-0.5062745469174503,-0.5156782932607803,0.5771197491572103,0.4959694467734843,0.8547262289040944,0.5706310273011902,0.5777569874252537,0.5542221815976102,0.7462988350120731,0.5227042903269675,-1.7763568394002505e-15,0.0351592620370568,-1.776707050206283,0.9486941710902248,-1.7702437842361072,0.5985898317215607,0.5985848879301796,-0.2032545224284427,-1.3304447010278462,-0.8322123759379207,-0.8332100001487687,1.0023441679720204,1.3417191055757896,-0.035159262037062,1,1,0.6179494939585822
0.2163141532958551,-0.8586103024340248,1.807117380076396,-0.2917917538079728,-1.5652799187620066,1.8008115791536337,1.807980002653543,1.8258925008547933,1.3911566299312814,1.7370518732265845,-1.7763568394002505e-15,-0.1475580849538652,-0.7435885824782588,1.2774102360470152,-0.737284593687987,0.036441953362686,0.0364319159853573,0.1161180665943366,-1.3304447010278462,0.925129998716768,0.9266676835885164,1.33367420026738,0.7726497728093797,0.1475580849538635,0,0,0.2548015129601929
0.7943851134664996,1.3132924223298572,-0.0350914102045577,-0.0611213470078771,-1.32652254006441,-0.0313722214776675,-0.0361647493811267,-0.0552842660593833,-0.0614469150251371,-0.0715509098154006,-1.7763568394002505e-15,0.3709641159663272,-1.8236669805575585,-0.7352547932498249,-1.823153435446216,0.4788583847657843,0.478858498322705,-0.290356137616473,0.7516283835227737,1.2103636791763768,1.211398324330865,-0.6959412029310745,1.5079833383418788,-0.3709641159663311,1,0,0.17414670225968623
-1.517898727216078,-0.9729209721584398,-0.7904807747785566,1.4926396950229517,0.6083782977045508,-0.7904197960249194,-0.7904794415036949,-0.785889850843727,0.0914000017636716,-0.8208292056470788,-1.7763568394002505e-15,0.5586197696326847,-0.868815063414989,-0.2143071113592388,-0.8622327700072435,1.1606364358601302,1.1606467130718832,-0.6871523845841676,0.7516283835227737,-1.1588428029421105,-1.1573182826959103,-0.1715262026490334,0.2515742391919445,-0.5586197696326873,0,0,0.10168532335905733
-0.5062745469174503,-1.0872316418828545,0.435224127501725,0.8506796006264614,-1.3003006314213217,0.4397607558275239,0.4349844904935374,0.4115166813289487,0.806545064987224,0.3935183772525381,-1.7763568394002505e-15,0.6129411430624189,0.9939288405188716,0.7603071864951049,0.9867560411275512,0.4696424307180145,0.4696324163625958,-0.4500424321278623,-1.3304447010278462,-0.7193809996853143,-0.7181061241039892,0.8131667115496193,-1.1710990927240796,-0.6129411430624219,0,0,0.15154655428273142
-1.373380987173417,1.1989817526054425,-0.7904807747785566,0.6570035043509097,-0.0430291170079662,-0.7904197960249194,-0.7904794415036949,-0.785889850843727,-0.3370176336151796,-0.8208292056470788,-1.7763568394002505e-15,0.5833113030098341,0.9313156000505052,-0.0585995016428644,0.925706443577426,0.7653125168989339,0.7653025182565406,-0.8807115294464577,0.7516283835227737,-1.4549305084103592,-1.4541651209166575,-0.0134740969627965,-1.4093540242136309,-0.5833113030098396,0,0,0.17599203985132847
0.6498673734238385,0.2844963948101236,0.5025466766435639,-0.3483712875513919,-1.0836248600021154,0.4921088644169886,0.5016116557283382,0.4791821179930557,0.2498252731798097,0.445192742482308,-1.7763568394002505e-15,-3.120418703562984,0.9626222202846896,0.1220982182749034,0.9598942182054964,1.0143711431844022,1.0143763489117787,-1.0186224201608385,0.7516283835227737,0.6123826269561877,0.6116465491501729,0.0716827067828998,-1.5310525863413866,3.12041870356298,0,0,0.2874519079409067
-0.3617568068747892,1.6562244315031018,1.0946553018914391,-0.5790416943514876,1.347422091303181,1.0941121131958464,1.0941175179949612,1.0815726975496174,0.6369630843164282,1.0394479426246763,-1.7763568394002505e-15,0.0944189421422263,0.5243295370061324,1.3946715223766306,0.5260350782826059,0.6637597924879332,0.6637649795824974,0.1306350024590072,-1.3304447010278462,-0.6762173188370018,-0.675699432929597,1.4521122231984986,-0.2112231097445933,-0.0944189421422272,0,0,0.27357850694352703
0.3608318933385163,-1.6587849905049288,1.572090487096392,0.0150434099544179,0.124653088262311,1.5652450905010378,1.572405382716211,1.5780015321197478,1.3476454638381168,1.504517229692615,-1.7763568394002505e-15,-0.1524963916292951,-1.1662279556397253,1.3389243534658295,-1.1638177819048627,0.8483573775491635,0.8483575107426593,0.2709653824841687,-1.3304447010278462,0.3420416784851778,0.342061155255821,1.396463868852023,1.2165924149373928,0.152496391629294,0,0,0.32884413924259176
-0.6507922869601114,0.5131177342589534,-0.0172922914578818,-1.5757119426009547,1.0962438085114898,-0.0051981671829305,-0.0171284164568978,-0.0378180443583232,-0.8223344861927853,-0.0457137272005111,-1.7763568394002505e-15,0.5141750095538102,-1.9802000817284704,0.4085233275062588,-1.979033407857536,-1.6509637868068434,-1.6509789775705683,-0.2177714582931141,-1.3304447010278462,-0.9139961922820918,-0.914994333127954,0.4581221263124203,1.1668845515330974,-0.5141750095538136,1,1,1.508838885120335
0.7943851134664996,1.3132924223298572,-0.0341229287433415,0.182605875271468,-1.425889772817167,-0.0313722214776675,-0.033785207765598,-0.0543786101193284,0.0646238995524931,-0.0715509098154006,-1.7763568394002505e-15,0.2475064490805691,0.4304096763035867,-0.5718579188560987,0.4234717543983956,-1.4692271984692316,-1.4692221247296495,0.7161514156674347,0.7516283835227737,0.9003929184645185,0.8994062392621212,-0.5314214918970631,-0.2043668527233114,-0.2475064490805704,0,0,0.43672810772651244
1.227938333594483,0.2844963948101236,-0.7904807747785566,-0.7705416547138304,1.2528852101425716,-0.7904197960249194,-0.7904794415036949,-0.785889850843727,-1.0688977607207182,-0.8208292056470788,-1.7763568394002505e-15,0.2079999956771246,-1.8862802210259224,-1.6233648634839608,-1.89315697397036,0.013123564137422,0.0131185892321509,0.8371258812063659,0.7516283835227737,1.5046844503408938,1.5052161131820128,-1.5933214449347726,2.4558608715341217,-0.207999995677127,1,0,0.2775843282657375
1.227938333594483,0.0558750553612939,-0.7904807747785566,0.3719296997206029,-1.374136005758439,-0.7904197960249194,-0.7904794415036949,-0.785889850843727,-0.4831705248511944,-0.8208292056470788,-1.7763568394002505e-15,0.1635552355982502,-0.5870554813073465,-1.1350965564721198,-0.5850675971296748,-0.4111901003861285,-0.4111799067071773,0.4403296342386714,0.7516283835227737,0.5805778094890099,0.5813560554541785,-1.100031795388896,0.9286296200435464,-0.1635552355982532,0,0,0.2144899698634355
0.3608318933385163,0.741739073707783,1.438099768178401,-1.5648312630349124,-0.0768415781530017,1.4343748190273808,1.4391510522466089,1.4377542408312356,0.4238699375524685,1.3753313166181949,-1.7763568394002505e-15,-0.2660774451641989,0.8217424292308685,1.1409257880240202,0.8182591518892054,0.3089708802038741,0.3089709847323327,-0.2080935010499998,-1.3304447010278462,0.4409899994941746,0.4420197844526031,1.1978544879641173,-0.7151580008088237,0.2660774451641938,0,0,0.08050747063914064
1.0834205935518215,-0.0584356143631209,-0.7904807747785566,1.6210317139022503,0.8816381877746329,-0.7904197960249194,-0.7904794415036949,-0.785889850843727,0.1572245863661518,-0.8208292056470788,-1.7763568394002505e-15,-0.0685451781469816,0.8530490494650503,-1.573384643081174,0.8557029050532823,0.7061430536856435,0.7061381156100455,0.8709987315572668,0.7516283835227737,1.4085127403806184,1.40828653335483,-1.541984827486813,0.1178772272769451,0.0685451781469768,0,0,0.0868287929041579
0.0717964132531941,-0.4013676235363654,1.7990292511165096,-1.1644222550045586,-1.530087357162072,1.8008115791536337,1.7984618361914289,1.817353459134275,0.9359628923412516,1.7370518732265845,-1.7763568394002505e-15,0.5536814629572548,0.1016901638446686,1.7464553813654766,0.1019438739677354,-1.9568625692385817,-1.95684739399122,0.4233932090632209,-1.3304447010278462,0.0913894265414681,0.0906500575790659,1.808773709772641,0.4555478855750856,-0.553681462957257,0,0,0.18112140917889655
0.5053496333811774,0.1701857250857087,1.1292327075743196,-0.6508541794873658,0.3220074533129254,1.1202861674905833,1.1298106422278904,1.1172814174717849,0.6291533878381679,1.065285125239566,-1.7763568394002505e-15,-0.2068177650590293,0.2582232650155808,0.8621899434700167,0.2586378410130567,0.600210219246443,0.6002052755411755,-0.1500257575913124,-1.3304447010278462,0.3728368192073657,0.3723516489518154,0.9159746882236164,-0.4066264348511316,0.2068177650590286,0,0,0.04892595721770975
-0.3617568068747892,0.741739073707783,1.017778814010576,-0.1264054244041306,-1.6053028319540892,1.015589950311654,1.0179721862980458,1.0025218719248192,0.8031980522108266,0.961936394780026,-1.7763568394002505e-15,0.3610875026154674,-0.868815063414989,1.0947901999599092,-0.8610117780562412,0.3111482759404353,0.3111483805846087,-0.0048563989445946,-1.3304447010278462,-0.2412990609326597,-0.2425453730768743,1.1504253820804389,0.7263700379157261,-0.3610875026154703,0,0,0.3302193505959157
1.5169738136798052,0.5131177342589534,-0.7904807747785566,1.3054920064870257,0.3661706678697063,-0.7904197960249194,-0.7904794415036949,-0.785889850843727,-0.0045476978263836,-0.8208292056470788,-1.7763568394002505e-15,0.232691529054274,0.7278225685283201,-1.5022589448156696,0.7311617260510266,0.3522402908292552,0.3522454613684972,0.6435667363440767,0.7516283835227737,1.2754878292282172,1.275008361092454,-1.4709759104393736,0.1127350345109833,-0.2326915290542791,0,0,0.04588954232065326
-0.3617568068747892,-0.6299889629851951,1.0118893997193965,-1.2601722351857303,0.996186525531283,1.015589950311654,1.01083356145146,0.9965704186044584,0.2163551454158372,0.961936394780026,-1.7763568394002505e-15,0.045035875387922,0.1329967840788505,1.1736051629027655,0.1296196915237919,-0.0446533785466729,-0.0446684839449973,0.1209570452158929,-1.3304447010278462,-0.4232932942170654,-0.4242883352528419,1.2295188058125963,-0.0209619774040166,-0.0450358753879229,0,0,0.14229748221265032
-0.9398277670454336,1.5419137617786869,-0.7904807747785566,0.1107933901355897,-1.3630952021192442,-0.7904197960249194,-0.7904794415036949,-0.785889850843727,-0.6170510359070855,-0.8208292056470788,-1.7763568394002505e-15,0.1684935422736801,-1.8393202906746493,-0.1374144645857206,-1.8455382878812616,1.0372591169733696,1.037264323917098,-0.4669788573033127,0.7516283835227737,-1.3057507693381212,-1.3057417018062842,-0.0931064878072688,1.0931797885543155,-0.1684935422736836,1,1,0.5364649509690856
0.9389028535091608,0.2844963948101236,-0.7904807747785566,0.7723387077509575,1.0720920505507507,-0.7904197960249194,-0.7904794415036949,-0.785889850843727,-0.2778870745654943,-0.8208292056470788,-1.7763568394002505e-15,0.109233862168516,-1.6201739490353708,-1.3657744967926746,-1.622910755481805,-1.8498663554861812,-1.849861301975202,0.8056725201662431,0.7516283835227737,1.0160009057658468,1.0145101153069007,-1.3324613625745385,2.0530557715338014,-0.1092338621685184,1,0,0.3266182591516559
1.372456073637144,0.0558750553612939,-0.7904807747785566,-0.0328315801361676,0.973414868025443,-0.7904197960249194,-0.7904794415036949,-0.785889850843727,-0.6906853169878256,-0.8208292056470788,-1.7763568394002505e-15,0.5931879163606993,0.4460629864206776,-1.1350965564721198,0.4474845961014444,0.2376485105539638,0.2376435475807982,0.4379101449278932,0.7516283835227737,0.5815874862339998,0.5813560554541785,-1.1005707625012104,0.0578849783407269,-0.5931879163607005,0,0,0.07705165964335622
-1.0843455070880947,-0.0584356143631209,-0.7904807747785566,-0.0219509005701252,-1.241646362088097,-0.7904197960249194,-0.7904794415036949,-0.785889850843727,-0.6851069623604968,-0.8208292056470788,-1.7763568394002505e-15,0.1684935422736801,0.2582232650155808,-0.2123847951899009,0.250904891990041,-0.0457167578598764,-0.0457116084695758,-0.7984488928799837,0.7516283835227737,-1.1633863482945643,-1.1633763814351097,-0.169100850643618,-0.7185861293194648,-0.1684935422736836,0,0,0.07642502781890052
-1.228863247130756,-0.6299889629851951,-0.7904807747785566,0.5895432910414474,-0.7931137142457915,-0.7904197960249194,-0.7904794415036949,-0.785889850843727,-0.3716034323046184,-0.8208292056470788,-1.7763568394002505e-15,-0.0537302581206865,0.9313156000505052,-0.2431418538993082,0.9293694194304336,-0.0745799106468485,-0.0745950176355813,-0.4427839641955262,0.7516283835227737,-1.1055823546439,-1.1058244434127198,-0.199956717823625,-1.169385028468759,0.0537302581206854,0,0,0.09242153159868978
1.5169738136798052,-0.9729209721584398,-0.7904807747785566,0.3109978941507663,1.4019360592717067,-0.7904197960249194,-0.7904794415036949,-0.785889850843727,-0.5144093107642358,-0.8208292056470788,-1.7763568394002505e-15,-0.0191621113926773,-1.8236669805575585,-1.6041417017905817,-1.8260024166652216,1.3023190700670522,1.302319227385785,0.9314859643267324,0.7516283835227737,1.46757882996252,1.4688675207468194,-1.5735144035572135,2.414723329406429,0.0191621113926725,1,0,0.24956171551270945
-1.517898727216078,0.3988070645345384,-0.7904807747785566,-1.6148823890387067,1.5371859038518487,-0.7904197960249194,-0.7904794415036949,-0.785889850843727,-1.5017780798014329,-0.8208292056470788,-1.7763568394002505e-15,0.5438048496063951,0.9782755304017808,-0.2431418538993082,0.9826860679575432,-0.1826141851573789,-0.1826141067536091,-0.6145677052608087,0.7516283835227737,-1.1033105819676732,-1.1027953940431203,-0.2011693938263327,-1.2619444982560664,-0.5438048496063961,0,0,0.14599670335236026
-0.072721326789467,-0.6299889629851951,1.823948017361856,0.8702648238453365,-1.082244759547216,1.8269856334483705,1.8246367939622437,1.843746860815877,2.0014286261610525,1.762889055841474,-1.7763568394002505e-15,0.193185075650835,0.211263334664308,1.5734469261250603,0.2077631763879523,-0.1149630059935339,-0.1149527965719528,0.4790414632111303,-1.3304447010278462,0.4341746814654938,0.4329326363438046,1.6326662058238677,0.27042894600047,-0.1931850756508358,0,0,0.06871271389989282
-0.072721326789467,-0.2870569538119506,1.7305288191164347,-1.5060755933782846,0.5373031242772325,1.722289416269441,1.7294551293410991,1.7449009839298777,0.7027876689189084,1.659540325381934,-1.7763568394002505e-15,0.1684935422736801,0.1016901638446686,1.4984765955208803,0.0982808981147277,1.2445927644931114,1.2445827913214802,0.2274145748901518,-1.3304447010278462,0.385710197705985,0.3844678464302132,1.5576150354340688,0.2430039179153418,-0.1684935422736836,0,0,0.04222865001636986
0.5053496333811774,-0.2870569538119506,1.0027019134251562,0.76798643592454,-0.3287099111721424,1.015589950311654,1.0036949366048742,0.9871257209438848,1.248350751471665,0.961936394780026,-1.7763568394002505e-15,0.1141721688439459,0.4617162965377686,0.7545402379870909,0.4605085102454714,0.8675994794071462,0.8675996136232379,-0.5032711969649918,-1.3304447010278462,0.3554198953562919,0.3541773527342188,0.8071033315360807,-0.7460111574045929,-0.1141721688439489,0,0,0.045286951062939375
0.6498673734238385,-0.4013676235363654,0.4210895332028942,0.0106911381280011,-0.3452711166309354,0.4135867015327962,0.4207072408003656,0.3974143245480928,0.3647393785027831,0.3676811946376577,-1.7763568394002505e-15,0.4796068628257956,0.1173434739617595,0.0259824098080056,0.1161887800627644,-0.5393526261823123,-0.5393525667369692,-0.6387625983685953,0.7516283835227737,0.6361100304634472,0.6358789441069685,0.0720869321171357,-0.713443936553503,-0.4796068628258004,0,0,0.07290151484999126
0.9389028535091608,1.7705351012275166,-0.7516629908060267,0.1521399724865497,0.8616267311785911,-0.7642457417301824,-0.7524067756552372,-0.7488873367214811,-0.5623831605592635,-0.7949920230321893,-1.7763568394002505e-15,0.109233862168516,-2.0271600120797437,-1.3715414453006884,-2.033571048335648,-0.3574894450693185,-0.357494439670363,0.4475881021710075,0.7516283835227737,1.09955165641375,1.0993234976556854,-1.3397374185907849,2.303309152810596,-0.1092338621685184,1,1,0.5176639330947456
-1.517898727216078,0.6274284039833682,-0.7904807747785566,-0.8075359652383743,1.0700218998684017,-0.7904197960249194,-0.7904794415036949,-0.785889850843727,-1.0878641664536364,-0.8208292056470788,-1.7763568394002505e-15,0.2178766090279844,1.1348086315726928,-0.1047350897069753,1.1418220189048696,-2.300840458505066,-2.300835428960554,-0.3242289879673739,0.7516283835227737,-1.3670886315962496,-1.3663226891982732,-0.0603642357341608,-1.4042118314476688,-0.2178766090279879,0,0,0.09370886193675022
-1.373380987173417,1.0846710828810275,-0.7904807747785566,0.1913104189243024,0.1674362023641923,-0.7904197960249194,-0.7904794415036949,-0.785889850843727,-0.5757712116648523,-0.8208292056470788,-1.7763568394002505e-15,0.3512108892646077,0.5399828471232233,-0.2046955305125491,0.5419079736456385,-0.6753132669419933,-0.6753030872995417,-0.7936099142584265,0.7516283835227737,-1.1767645651656786,-1.1754925789135071,-0.1619595364054504,-0.9671254463409388,-0.3512108892646094,0,0,0.058418411113305306
1.227938333594483,-1.3158529813316842,-0.7904807747785566,-0.4462974036457725,-0.4839712123483251,-0.7904197960249194,-0.7904794415036949,-0.785889850843727,-0.9026627928263202,-0.8208292056470788,-1.7763568394002505e-15,0.0845423287913611,-1.588867328801189,-1.3811530261473783,-1.5818040264647204,1.2667971372950175,1.2668023564372648,0.4887194204542445,0.7516283835227737,1.0460387889292926,1.0448006090028952,-1.348495634165896,1.939927530682648,-0.0845423287913664,1,0,0.21121107349723003
-1.228863247130756,0.3988070645345384,-0.7904807747785566,-1.2710529147517728,1.281867319695459,-0.7904197960249194,-0.7904794415036949,-0.785889850843727,-1.325502073577843,-0.8208292056470788,-1.7763568394002505e-15,0.6129411430624189,1.244381802392332,-0.2277633245446046,1.2399083723020707,1.3086487088361265,1.3086488664912388,-0.626665151814702,0.7516283835227737,-1.1338533035036136,-1.133085887739115,-0.1848656386788181,-1.4933431727243356,-0.6129411430624219,0,0,0.20500413233704343
-0.072721326789467,-1.2015423116072694,1.6444648449413315,0.3958671947658957,0.7802008043395269,1.6437672533852394,1.6437916311820695,1.654076631084365,1.604249776695242,1.5820287775372746,-1.7763568394002505e-15,0.2968895158348735,0.915662289933414,1.1736051629027655,0.9086125562633908,-0.197045761550865,-0.1970456839140431,0.0435333872709768,-1.3304447010278462,0.8393074753926376,0.8388252518701322,1.230327256481068,-0.6997314225109392,-0.2968895158348748,0,0,0.16196414373804444
-1.517898727216078,0.0558750553612939,-0.7904807747785566,1.2706738318756912,-1.3458439464330016,-0.7904197960249194,-0.7904794415036949,-0.785889850843727,-0.0223984326338354,-0.8208292056470788,-1.7763568394002505e-15,0.1586169289228203,-1.9019335311430128,-0.118191302892341,-1.8976339444573689,0.7788832624198226,0.778873264498633,-0.6702159594087171,0.7516283835227737,-1.3408370362265156,-1.3420902942414774,-0.0743773806543387,1.067468824724508,-0.1586169289228227,1,0,0.39522770114028455
-1.0843455070880947,-1.6587849905049288,-0.7904807747785566,0.0759752155242546,0.0025141980037137,-0.7904197960249194,-0.7904794415036949,-0.785889850843727,-0.6349017707145377,-0.8208292056470788,-1.7763568394002505e-15,0.380840729317187,-0.0704962474433344,-0.0932011926909476,-0.0759139535616295,-0.0891380798157167,-0.0891379964442714,-0.5589194511129002,0.7516283835227737,-1.3893015199860244,-1.390555084155069,-0.0485069592632411,-0.4529061697447853,-0.380840729317192,0,0,0.1406134065806242
0.7943851134664996,0.6274284039833682,-0.1838449276124386,1.575332859724873,0.5186717681360898,-0.1884165472460616,-0.1836963295439003,-0.2010948724082332,0.6503511354220171,-0.2265740055047105,-1.7763568394002505e-15,0.588249609685264,0.5712894673574079,-0.6429836171216031,0.5708047831526976,-0.1084055002287729,-0.1084003541699875,0.0532113445140911,0.7516283835227737,0.7666107497533745,0.7661280669997451,-0.6040473102814466,-0.4700468122979907,-0.5882496096852698,0,0,0.0688727226006995
1.5169738136798052,-0.6299889629851951,-0.7904807747785566,-1.3036949534498992,0.3254577044501738,-0.7904197960249194,-0.7904794415036949,-0.785889850843727,-1.3422371374598294,-0.8208292056470788,-1.7763568394002505e-15,0.0549124887387818,0.6025960875915898,-1.2946487985271702,0.6098765255847781,-0.6696419106049031,-0.6696519855061929,0.5540456318452665,0.7516283835227737,0.8829759946134451,0.8842609924141241,-1.2614524455270986,0.0561709140854062,-0.0549124887387838,0,0,0.03596320716923603
-0.6507922869601114,0.1701857250857087,-0.0582826149244911,-0.4571780832118141,-0.7675818558301521,-0.0575462757723952,-0.0575806239208841,-0.0780550439807654,-0.2834654291928235,-0.097388092430281,-1.7763568394002505e-15,0.1635552355982502,-1.8862802210259224,0.0375163068240333,-1.879726062509332,1.1905629679603058,1.190563119339899,-0.7137667670027323,0.7516283835227737,-0.2983457970245817,-0.2970682617296647,0.0831357579195836,0.9389140055754698,-0.1635552355982532,1,1,0.6053005183546091
0.3608318933385163,-0.5156782932607803,1.4120816445987017,-0.909814353159171,-1.16436073661373,1.4082007647326438,1.4129760944757943,1.4105845626295863,0.7373734676083464,1.349494134003305,-1.7763568394002505e-15,0.0154060353353373,-0.7905485128295343,1.325468140280464,-0.7971131992871101,0.6210220715191538,0.6210272563424754,0.2080586604039232,-1.3304447010278462,0.0663999271029715,0.0664176626222702,1.3836633999345531,0.8823498851498925,-0.0154060353353403,0,0,0.22254615096141475
1.0834205935518215,0.8560497434321979,-0.7904807747785566,1.658026024426793,0.0515077641526426,-0.7904197960249194,-0.7904794415036949,-0.785889850843727,0.1761909920990691,-0.8208292056470788,-1.7763568394002505e-15,-0.1080516315504262,0.946968910167596,-1.2042999385682862,0.950940277231478,-0.0812893277420652,-0.081299371376078,0.4451686128602293,0.7516283835227737,0.7130978822689168,0.711605178346955,-1.1707712288801786,-0.3192091578297853,0.1080516315504202,0,0,0.0698846098343306
-1.6624164672587392,0.6274284039833682,-0.7904807747785566,1.6623782962532103,1.7083183602593748,-0.7904197960249194,-0.7904794415036949,-0.785889850843727,0.178422333950001,-0.8208292056470788,-1.7763568394002505e-15,-0.0537302581206865,0.8687023595821414,-0.1412590969243965,0.8642498487103002,0.3939399510399046,0.3939501875065097,-0.6411820876793735,0.7516283835227737,-1.2984306129369456,-1.299683603067085,-0.0970139993715491,-1.236233534426259,0.0537302581206854,0,0,0.22942030102688957
1.6614915537224662,-0.1727462840875357,-0.7904807747785566,-0.0197747646569172,1.5254550499852038,-0.7904197960249194,-0.7904794415036949,-0.785889850843727,-0.6839912914350312,-0.8208292056470788,-1.7763568394002505e-15,0.1981233823262649,-0.6496687217757131,-0.2931220743020951,-0.6554781329708191,0.6255794114328862,0.6255845964984019,-0.3943941779799538,0.7516283835227737,-1.0121872557323466,-1.0119239129551365,-0.2498111757127194,0.2104366970642525,-0.1981233823262662,0,0,0.4267889820312594
-0.6507922869601114,-1.430163651056099,-0.0635438250246115,-0.400598549468395,1.7172890132162206,-0.0575462757723952,-0.06471924876747,-0.0832302207810795,-0.258920668832577,-0.097388092430281,-1.7763568394002505e-15,0.4055322626943419,0.7904358089966839,0.2701165633139261,0.7934323155521544,1.0293597277895636,1.0293548068909235,-0.8807115294464577,-1.3304447010278462,-0.7405842113300996,-0.7393094696911856,0.3177211935544843,-1.445349373575361,-0.405532262694344,0,0,0.23007723788353693
-0.5062745469174503,0.1701857250857087,0.5900502854231776,0.8746170956717542,1.5316655020322512,0.5968050815959273,0.5896546955028967,0.5672895030184033,0.9515822852977724,0.5485414729418572,-1.7763568394002505e-15,0.1388637022210953,-0.1957227283800647,0.967917332783604,-0.1947571701258735,0.6056283900327691,0.6056335740380127,-0.1234113751727476,-1.3304447010278462,-0.8385228555941068,-0.8392680988879675,1.0218817257934223,0.0493146570641243,-0.138863702221101,0,0,0.2051033323465293
-0.7953100270027725,0.741739073707783,-0.7093115582587891,1.614503306162625,1.711768611396623,-0.7118976331407177,-0.7095750265757224,-0.708520957679031,0.2230491709686312,-0.7433176578024193,-1.7763568394002505e-15,0.2475064490805691,-0.11745617779461,-0.5353339116386776,-0.1137647040427072,-0.0991389090708524,-0.0991337625196035,-0.3581018383182748,0.7516283835227737,-0.405371531993497,-0.406114039035245,-0.4955801789281467,-0.079240162084914,-0.2475064490805704,0,0,0.19580975512442556
1.5169738136798052,-0.9729209721584398,-0.7904807747785566,-1.4429676518952397,-0.2024307195488473,-0.7904197960249194,-0.7904794415036949,-0.785889850843727,-1.413640076689638,-0.8208292056470788,-1.7763568394002505e-15,-0.0438536447698267,1.0408887708701444,-1.656044238362706,1.0457706520926726,0.2305846336876781,0.2305847340503962,0.6338887791009623,0.7516283835227737,1.565517474226527,1.565797100574002,-1.6257942134517231,-0.0552432625104267,0.0438536447698245,0,0,0.10899042465754089
-0.7953100270027725,0.3988070645345384,-0.7904807747785566,-1.717160776959504,-1.1195074718294995,-0.7904197960249194,-0.7904794415036949,-0.785889850843727,-1.554214613298324,-0.8208292056470788,-1.7763568394002505e-15,-0.2166943784098945,0.8530490494650503,-0.6641290949843205,0.8520399292002747,-0.6473869006928427,-0.647381783277565,-0.1935765651853276,0.7516283835227737,-0.310461917964459,-0.3091844592080626,-0.6243933187713202,-0.7648658642131184,0.2166943784098895,0,0,0.13991063373363075
0.0717964132531941,-1.6587849905049288,1.848003002844496,0.1303786133544657,0.6925644254534151,1.853159687743108,1.8484322101175292,1.869234606557424,1.6421825881610774,1.7887262384563636,-1.7763568394002505e-15,0.252444755755999,1.2130751821581502,1.3869822576992787,1.2187445118180276,0.1081947384488931,0.1081847048847787,0.3556475083614192,-1.3304447010278462,0.8390550562063904,0.8388252518701322,1.445509876072646,-0.7357267718726694,-0.2524447557560008,0,0,0.27143797399680497
1.6614915537224662,-1.430163651056099,-0.7904807747785566,1.2249749776983136,1.2101020960406907,-0.7904197960249194,-0.7904794415036949,-0.785889850843727,-0.0458275220686164,-0.8208292056470788,-1.7763568394002505e-15,-0.0142238047172474,0.4773696066548595,-0.252753434745998,0.4812653734125137,0.1107012754014427,0.1107064331043911,-0.6677964700979382,0.7516283835227737,-1.0869033348615895,-1.087650147195123,-0.2099276094014439,-0.850569076979144,0.0142238047172422,0,0,0.2458407586497018
1.0834205935518215,0.741739073707783,-0.7904807747785566,-1.4299108364159894,-0.3549318198152312,-0.7904197960249194,-0.7904794415036949,-0.785889850843727,-1.4069460511368437,-0.8208292056470788,-1.7763568394002505e-15,0.6129411430624189,-0.5870554813073465,-1.446511775904869,-0.5830326105446705,-0.5272503568558468,-0.5272604241899107,0.5734015463314968,0.7516283835227737,1.1684620942593016,1.1689916331564731,-1.413845396534033,1.1634564230224564,-0.6129411430624219,0,0,0.0871012235678089
0.7943851134664996,-1.2015423116072694,-0.0466346622152695,-1.6170585249519154,-1.347224046887901,-0.0575462757723952,-0.0456829158432411,-0.0666696550200743,-0.8680769941368814,-0.097388092430281,-1.7763568394002505e-15,0.1388637022210953,-1.745400429972101,-0.6814299405083623,-1.7490799237520638,0.6279340370549803,0.6279240311117775,-0.3169705200350378,0.7516283835227737,1.081882313376429,1.0811492014380886,-0.6423139752557784,1.4034254187673283,-0.138863702221101,1,0,0.29486840820469634
0.6498673734238385,1.1989817526054425,0.4495157728483207,1.483935151370118,1.2832474201503583,0.4397607558275239,0.4492617401867089,0.4258777969498203,1.143477684477883,0.3935183772525381,-1.7763568394002505e-15,0.4697302494749358,0.5556361572403142,0.1124866374282136,0.5569668743746691,-0.6058644703677261,-0.6058694781683589,-1.079109652930304,0.7516283835227737,0.5275697803770473,0.5268331668013877,0.1585911536436183,-1.2653726267667074,-0.4697302494749397,0,0,0.1790396088369898
1.372456073637144,1.4276030920542722,-0.7904807747785566,1.579685131551289,0.4061935810617889,-0.7904197960249194,-0.7904794415036949,-0.785889850843727,0.1360268387823018,-0.8208292056470788,-1.7763568394002505e-15,0.2623213691068588,0.5086762268890413,-1.7694608923536457,0.5077201990175682,-1.8340675771185733,-1.8340726501905589,1.6984640758435567,0.7516283835227737,1.7818407168405852,1.7808596058155637,-1.7412679172651122,0.7726497728093797,-0.2623213691068616,0,0,0.13435965177058978
1.5169738136798052,1.1989817526054425,-0.7904807747785566,1.6558498885135848,1.675885999569239,-0.7904197960249194,-0.7904794415036949,-0.785889850843727,0.1750753211736036,-0.8208292056470788,-1.7763568394002505e-15,-0.1179282449012859,-1.9488934614942888,-1.6944905617494654,-1.948101611765472,0.3052743711627353,0.3052846029173167,0.7984140522339087,0.7516283835227737,1.64023355335577,1.6415233348139886,-1.6656777797629987,2.5381359557895067,0.1179282449012811,1,0,0.3178160490379954
-0.5062745469174503,0.9703604131566128,0.4864489442476731,0.4872649031206508,-0.3314701120819412,0.4921088644169886,0.4873344060351667,0.4630096904920741,0.6648548574530722,0.445192742482308,-1.7763568394002505e-15,0.1141721688439459,-0.0548429373262435,0.5680755695613092,-0.0531221038095829,0.7541217155552126,0.7541218437406676,-0.5250466007619994,-1.3304447010278462,-0.2806764539872607,-0.2819230148816672,0.6183301004479154,-0.4391936557022209,-0.1141721688439489,0,0,0.11121845326581588
-0.7953100270027725,-0.1727462840875357,-0.7904807747785566,0.9812477554189668,1.404696260181506,-0.7904197960249194,-0.7904794415036949,-0.785889850843727,-0.170782665720782,-0.8208292056470788,-1.7763568394002505e-15,-0.2463242184624738,-0.7279352723611677,-0.5930033967188163,-0.7311796339329746,1.11027782981339,1.1102729132150413,-0.4234280497092976,0.7516283835227737,-0.4452537634205927,-0.4454916808400379,-0.55244120927733,0.4589760140857265,0.2463242184624721,0,0,0.23845784633967745
-1.6624164672587392,-0.5156782932607803,-0.7904807747785566,-1.2275301964876042,-0.1893197652273031,-0.7904197960249194,-0.7904794415036949,-0.785889850843727,-1.303188655068528,-0.8208292056470788,-1.7763568394002505e-15,0.0944189421422263,-0.1800694182629738,-0.208540162851225,-0.1764422908608361,1.099036391359518,1.0990314741637564,-0.7694150211506408,0.7516283835227737,-1.1709589238819875,-1.172463529543908,-0.165058597301259,-0.3534904429361954,-0.0944189421422272,0,0,0.030103215680863955
1.5169738136798052,0.1701857250857087,-0.7904807747785566,0.8854977752377957,-1.1208875722843994,-0.7904197960249194,-0.7904794415036949,-0.785889850843727,-0.2198721864412752,-0.8208292056470788,-1.7763568394002505e-15,0.5339282362555298,1.291341732743605,-1.2927264823578324,1.2850850744891635,0.2176215334886189,0.2176317605849962,0.6508252042764111,0.7516283835227737,0.8791897068197333,0.8782028936749249,-1.259431318855919,-0.4854733905958753,-0.5339282362555352,0,0,0.11948670235181759
1.6614915537224662,0.5131177342589534,-0.7904807747785566,1.2924351910077745,-1.1533199329745352,-0.7904197960249194,-0.7904794415036949,-0.785889850843727,-0.0112417233791784,-0.8208292056470788,-1.7763568394002505e-15,0.3215810492120229,0.0234236132592111,-0.1508706777710863,0.0299053488585874,0.5939312175875232,0.5939262735485654,5.833371307964224,0.7516283835227737,-1.2797515931546348,-1.278480257479889,-0.106984890949368,1.3074378204693793,-0.3215810492120268,1,1,2.6191191873922115
-0.9398277670454336,-1.0872316418828545,-0.7904807747785566,0.0302763613468771,1.391585305859962,-0.7904197960249194,-0.7904794415036949,-0.785889850843727,-0.6583308601493187,-0.8208292056470788,-1.7763568394002505e-15,0.3857790359926168,0.0077703031421202,-0.0932011926909476,0.0083344910575433,-2.588940296718175,-2.5889403461956606,-0.8008683821907626,0.7516283835227737,-1.3900587775447668,-1.390555084155069,-0.0481027339290052,-0.5917453744257466,-0.3857790359926223,0,0,0.17999725602177863
0.6498673734238385,1.0846710828810275,0.5220733569156524,0.047685448652545,-1.065683554088423,0.5182829187117256,0.5230275302680957,0.4987184104142415,0.4696124454965642,0.4710299250971976,-1.7763568394002505e-15,-0.0389153380943968,-2.074119942431019,0.3623877394421479,-2.079968742473743,-0.0219679531983192,-0.0219729299684829,-0.960554676702152,-1.3304447010278462,0.1673676016019482,0.1663762918190524,0.4112319875410559,1.0126187685542516,0.0389153380943942,1,1,0.9189586315095045
0.3608318933385163,-1.3158529813316842,1.390644176578808,-0.9555132073365484,-1.0981159147785589,1.3820267104379067,1.391560219936037,1.388331302388236,0.6960936433661136,1.3236569513884158,-1.7763568394002505e-15,0.0400975687124867,0.8373957393479594,0.9852181783076458,0.8373880257882447,-0.2484930654658895,-0.2484828631406005,6.094676153528316,-1.3304447010278462,0.670186620606852,0.6691984871725625,1.0398023822778806,0.9543405838733544,-0.0400975687124926,1,1,2.1759670928094605
-1.373380987173417,0.1701857250857087,-0.7904807747785566,1.4578215204116172,-1.576320722401202,-0.7904197960249194,-0.7904794415036949,-0.785889850843727,0.0735492669562198,-0.8208292056470788,-1.7763568394002505e-15,-2.463623915730738,0.8687023595821414,-0.1681715232951279,0.8715758004163149,0.1843276335632963,0.1843429226015952,-0.5710168976667935,0.7516283835227737,-1.2474419373149623,-1.2481897637838943,-0.1242318385434331,-1.20538037783049,2.463623915730733,0,0,0.2751204565625604
0.3608318933385163,-1.544474320780514,1.4960516048036077,-1.0730245466498043,0.4703682522146106,1.4867229276168454,1.4962600510192956,1.4983038093949106,0.7251010874282231,1.4270056818479648,-1.7763568394002505e-15,0.380840729317187,0.0703835436104867,0.9525388034289004,0.0714190751926727,-0.5318583338797298,-0.5318582740361122,-0.2347078834685646,-1.3304447010278462,0.9695557754963178,0.9690743747629088,1.0071948719828512,-0.2146512382552342,-0.380840729317192,0,0,0.19011950972954816
-1.228863247130756,0.2844963948101236,-0.7904807747785566,0.5220830777319851,0.9534034114294012,-0.7904197960249194,-0.7904794415036949,-0.785889850843727,-0.4061892309940573,-0.8208292056470788,-1.7763568394002505e-15,-5.278458720726078,-0.2113760384971557,-0.0970458250296235,-0.2045251057338936,0.084268703901796,0.0842637327774484,-0.6581185128548238,0.7516283835227737,-1.3814765252123538,-1.3814679360462707,-0.0526839543836788,-0.36891702123408,5.278458720726077,1,0,0.14828532740548667
-0.5062745469174503,-0.9729209721584398,0.5705236051510894,0.4611512721621484,0.5462737772340782,0.5706310273011902,0.5706183625786678,0.5476238311772096,0.722869745577292,0.5227042903269675,-1.7763568394002505e-15,-0.0142238047172474,0.6652093280599536,0.9890628106463216,0.6623791794778855,0.8120505695697632,0.8120405734112095,-0.4089111138446253,-1.3304447010278462,-0.9235881213594948,-0.9240814812367524,1.043036184951768,-0.7391549003833104,0.0142238047172422,0,0,0.07837895635570707
-0.7953100270027725,-1.2015423116072694,-0.7286026619592305,-1.3537460794536935,1.2763469178758615,-0.7380716874354547,-0.7286113594999512,-0.7268928353201461,-1.315461035248651,-0.7691548404173089,-1.7763568394002505e-15,-0.2166943784098945,0.2582232650155808,-0.3988494636156827,0.2606728275980614,0.9593032858934704,0.9593135524056176,-0.4452034535063051,0.7516283835227737,-0.6989350455992717,-0.6999318278863924,-0.358008823509862,-0.506042161659721,0.2166943784098895,0,0,0.16437404194685354
-0.072721326789467,-0.6299889629851951,1.7133055542115634,-1.3907403899782371,1.2763469178758615,1.722289416269441,1.7127983380323988,1.72665848570877,0.7474145059375387,1.659540325381934,-1.7763568394002505e-15,0.691954049869308,-1.6671338793866464,1.3408466696351675,-1.6680874576688978,-0.2695581032893608,-0.2695580295061185,0.0459528765817549,-1.3304447010278462,0.6999720845840499,0.6994889808685569,1.3991587044135956,1.5782599728100204,-0.6919540498693089,1,1,0.5067028731860953
0.6498673734238385,0.1701857250857087,0.5385637169309551,1.423003345800281,0.9264914525588638,0.5444569730064626,0.539684321576796,0.5154083555952543,1.1892201924219796,0.4968671077120872,-1.7763568394002505e-15,0.4252854893960614,-1.3540676770448192,0.1663114901696764,-1.3510365477252466,-0.156156295102655,-0.1561612790040974,-0.7476396173536332,0.7516283835227737,0.5919366728701448,0.5904432035629766,0.213835282655858,0.4006978294048292,-0.4252854893960657,1,0,0.2200768568659461
0.7943851134664996,-0.9729209721584398,-0.1721184493793344,-0.6595587231401994,-1.378966357350587,-0.1622424929513339,-0.1717986214662572,-0.1895801040275343,-0.4842861957766604,-0.2007368228898301,-1.7763568394002505e-15,0.3660258092908973,-2.0271600120797437,-0.6372166686135892,-2.0262450966296326,-0.6710344311340986,-0.6710495698206772,-0.1838986079422133,0.7516283835227737,0.7724163910370658,0.7721861657389439,-0.5982534138240653,1.6468225430228407,-0.3660258092909006,1,1,0.6108968075167001
0.2163141532958551,-1.2015423116072694,1.7302670673701603,1.575332859724873,0.972034767570544,1.722289416269441,1.7294551293410991,1.7445128456698542,2.282577699378424,1.659540325381934,-1.7763568394002505e-15,0.52405162290467,0.2895298852497627,1.6272717788665232,0.2863136585691138,-0.4003031217033256,-0.4002929274457972,5.095427068176745,-1.3304447010278462,0.178221626610588,0.1784924892974502,1.686832400611478,1.5456927519589312,-0.5240516229046744,1,1,1.9027483431103753
0.5053496333811774,0.2844963948101236,1.0763850300014688,-0.0632974829210859,-1.469362937146498,1.0679380589011187,1.077460726686261,1.0628126816484784,0.8846420297698268,1.013610760009796,-1.7763568394002505e-15,0.4302237960714913,0.915662289933414,0.710326966092318,0.91797349455441,0.5557508365324764,0.555756017887039,-0.7258642135566257,-1.3304447010278462,0.6048100513687645,0.6055884504109735,0.7623690612139744,-1.2225210203836945,-0.4302237960714963,0,0,0.19393326688210696
-1.0843455070880947,1.6562244315031018,-0.7904807747785566,-0.2635019869362632,1.2176926485426376,-0.7904197960249194,-0.7904794415036949,-0.785889850843727,-0.8089464350871964,-0.8208292056470788,-1.7763568394002505e-15,-0.0833600981732713,0.2269166447813989,-0.2316079568832805,0.2191591012639757,1.274367385262828,1.274367541096103,-0.3581018383182748,0.7516283835227737,-1.1267855662886852,-1.127027788999916,-0.1886384084650199,-0.5557500250640163,0.083360098173268,0,0,0.1753633554352162
0.7943851134664996,-0.8586103024340248,-0.1765158787167485,-1.5735358066877467,0.8167734663943611,-0.1884165472460616,-0.1765577046973144,-0.1938496248877935,-0.9573306681741424,-0.2265740055047105,-1.7763568394002505e-15,0.089480635466791,1.2756884226265142,-1.0159129539731666,1.2736891496131406,0.2245588175795225,0.2245487901994357,0.2346730428224879,0.7516283835227737,1.472122375314974,1.4718965701164188,-0.9795726457865978,-0.7717221212344003,-0.0894806354667969,0,0,0.16379278536361128
0.5053496333811774,-0.6299889629851951,1.134834194944597,1.07482159968693,-0.3218094088976453,1.146460221785311,1.1345697254589475,1.12297411195213,1.5183431154343785,1.0911223078544463,-1.7763568394002505e-15,-4.853764346639064,0.1486500941959414,0.7603071864951049,0.1426436056678189,0.4216131317382911,0.4216183059642678,-0.7186057456242895,-1.3304447010278462,0.5916842536838977,0.5904432035629766,0.6177911333356009,-0.6603079446385673,4.85376434663906,0,0,0.18151492336366112
-0.2172390668321281,0.3988070645345384,1.5240328664803673,0.2304808653620543,1.6165416800085648,1.5128969819115732,1.5248145504056392,1.5276729377366929,1.41793273214246,1.452842864462845,-1.7763568394002505e-15,-2.6858477161251044,-0.0078830069749707,1.1582266335480618,-0.0050964204034844,-0.468485990523776,-0.4684808636010272,-0.0605046530925039,-1.3304447010278462,0.6146543996324147,0.6146755985197723,1.076721629471426,-0.0569573267657475,2.685847716125102,0,0,0.16020782911340697
1.0834205935518215,0.3988070645345384,-0.7904807747785566,1.610151034336207,-1.1519398325196355,-0.7904197960249194,-0.7904794415036949,-0.785889850843727,0.1516462317388225,-0.8208292056470788,-1.7763568394002505e-15,-0.0191621113926773,0.7278225685283201,-1.1927660415522583,0.7258707609300159,0.311426780046273,0.3114218209939643,0.1717663207422442,0.7516283835227737,0.690884993879142,0.6904018327597587,-1.1589139524092589,-0.2146512382552342,0.0191621113926725,0,0,0.09161268472691808
0.9389028535091608,1.6562244315031018,-0.7182634679813821,-0.137286103970173,-1.0118596363473462,-0.7118976331407177,-0.7190931930378367,-0.7170599993995493,-0.6828756205095653,-0.7433176578024193,-1.7763568394002505e-15,0.2277532223788441,0.8060891191137748,-1.186999093044245,0.8084912162811856,-0.0272595312092632,-0.0272594445493579,0.5201727814943655,0.7516283835227737,0.8085123346704497,0.8085347581741378,-1.152176863505327,-0.190654338680747,-0.2277532223788487,0,0,0.1826350945152805
1.372456073637144,-0.6299889629851951,-0.7904807747785566,0.6526512325244921,1.3508723424404292,-0.7904197960249194,-0.7904794415036949,-0.785889850843727,-0.3392489754661115,-0.8208292056470788,-1.7763568394002505e-15,0.193185075650835,0.211263334664308,-1.3350174380832671,0.2138681361429651,0.844939372613866,0.8449445693369988,0.653244693587191,0.7516283835227737,0.961225942350152,0.9599872266541106,-1.3032223967314749,0.4452635000431627,-0.1931850756508358,0,0,0.10358119386514521
0.0717964132531941,-1.430163651056099,1.8271152134917792,0.9834238913321764,1.4585201779225827,1.8269856334483705,1.827016335577772,1.847110725736081,2.061674856136204,1.762889055841474,-1.7763568394002505e-15,0.3709641159663272,1.1661152518068747,1.4888650146741902,1.161764887437911,0.4889858067962985,0.4889859208914306,0.1524104062560156,-1.3304447010278462,0.6179358490536314,0.6177046478893716,1.5477788856343282,-0.6791626514470929,-0.3709641159663311,0,0,0.28267220768719753
-1.373380987173417,1.5419137617786869,-0.7904807747785566,1.1074636383850578,1.5896297211380264,-0.7904197960249194,-0.7904794415036949,-0.785889850843727,-0.1060737520437673,-0.8208292056470788,-1.7763568394002505e-15,0.464791942799506,0.0547302334933958,-0.2642873317620257,0.0469992361726228,1.3158644970328677,1.3158595913601714,-0.5927923014638011,0.7516283835227737,-1.0651952848443094,-1.066446801607927,-0.2215154023162064,-0.4546202340001055,-0.4647919427995092,0,0,0.1927592787526715
-0.3617568068747892,-0.74429963270961,1.1419538424432674,-0.4441212677325637,-1.111916919327553,1.146460221785311,1.1417083503055332,1.130348738892578,0.7462988350120731,1.0911223078544463,-1.7763568394002505e-15,0.1487403155719605,-0.4931356206048009,1.4446517427794174,-0.4947141927554894,-1.6248097194130342,-1.6248198450755498,0.991973197096198,-1.3304447010278462,-0.6747028037195173,-0.675699432929597,1.502640389977986,0.9252014915329052,-0.1487403155719618,1,0,0.39206616894767476
-0.072721326789467,0.9703604131566128,1.7602638174932348,-0.6138598689628226,1.301188726064051,1.7484634705641688,1.7603891703429713,1.776210803571778,1.185873179645582,1.6853775079968143,-1.7763568394002505e-15,0.1191104755193758,0.3521431257181292,1.2197407509668765,0.3465492614852377,0.7879979422472876,0.7879879448104862,0.0822452162434357,-1.3304447010278462,0.9650122301438636,0.9660453253933096,1.2772173952524326,-0.1855121459147858,-0.1191104755193793,0,0,0.14163530929352242
-0.2172390668321281,-1.2015423116072694,1.5475905236450855,-1.73674600017838,-1.7081203158440947,1.5390710362063105,1.548609966560925,1.552255027538185,0.4294482921797969,1.4786800470777348,-1.7763568394002505e-15,0.1191104755193758,0.0234236132592111,1.3293127726191398,0.0270563676395815,0.3406950297144649,0.3406900722175815,0.2564484466194964,-1.3304447010278462,0.3347215220840019,0.3360030565166221,1.387840395054991,0.2035804400429706,-0.1191104755193793,0,0,0.22686701862896533
-1.373380987173417,0.2844963948101236,-0.7904807747785566,-0.8728200426346271,-0.8000142165202885,-0.7904197960249194,-0.7904794415036949,-0.785889850843727,-1.1213342942176088,-0.8208292056470788,-1.7763568394002505e-15,0.4796068628257956,0.414756366186493,-0.1297251999083688,0.4157388053753792,1.2622144788262082,1.2622247614362003,-0.8613556149602283,0.7516283835227737,-1.3178668902779984,-1.3178578992846817,-0.0866388824594944,-0.9277019684685668,-0.4796068628258004,0,0,0.06545987720033926
0.2163141532958551,-0.0584356143631209,1.8215399012961289,-0.931575712291255,0.9989467264410822,1.8269856334483705,1.8222572523467149,1.84115927241572,1.0743060870990062,1.762889055841474,-1.7763568394002505e-15,0.0647891020896416,-1.9019335311430128,1.5638353452783704,-1.9037389042123811,0.6127175854541319,0.6127328972586891,0.430651676995557,-1.3304447010278462,0.4324077471617619,0.4329326363438046,1.6237732484706775,2.029058871959314,-0.0647891020896446,1,1,0.5176697919010774
-0.7953100270027725,1.4276030920542722,-0.7904807747785566,1.618855577989041,1.5123440956636596,-0.7904197960249194,-0.7904794415036949,-0.785889850843727,0.1561089154406855,-0.8208292056470788,-1.7763568394002505e-15,0.691954049869308,0.2582232650155808,-0.4411404193411177,0.2578238463790552,0.3791285963202759,0.3791135134433265,-0.1887375865637704,0.7516283835227737,-0.7297301863214596,-0.7302223215823871,-0.4005872253827101,-0.4049123705958108,-0.6919540498693089,0,0,0.2096907972586719
0.9389028535091608,-0.5156782932607803,-0.7331309671697818,0.0237479536072515,1.406076360636405,-0.7380716874354547,-0.7333704427310083,-0.7312917356004132,-0.6137040231306885,-0.7691548404173089,-1.7763568394002505e-15,0.5438048496063951,0.4617162965377686,-1.6156755988066092,0.4568455343924638,0.4994423700428081,0.4994272935597866,1.033104515379435,0.7516283835227737,1.5958077765762204,1.5960875942699966,-1.5864496142527624,0.5275385842985467,-0.5438048496063961,0,0,0.1256682472986835
1.0834205935518215,-0.5156782932607803,-0.7904807747785566,-1.0686722748233874,-0.5833384451010825,-0.7904197960249194,-0.7904794415036949,-0.785889850843727,-1.2217446775095275,-0.8208292056470788,-1.7763568394002505e-15,0.3215810492120229,1.0721953911043265,-1.2023776223989484,1.0689694991617205,0.8967664548550331,0.8967665906211679,0.5201727814943655,0.7516283835227737,0.7070398217989783,0.7085761289773557,-1.1675374262062912,-0.3997701778298497,-0.3215810492120268,0,0,0.06090864683810431
-0.072721326789467,-1.6587849905049288,1.8256232285380136,-0.3875417339891438,0.0418470609683467,1.8269856334483705,1.8246367939622437,1.845428793275979,1.357686502167309,1.762889055841474,-1.7763568394002505e-15,-0.1376814716030055,1.103502011338511,1.6272717788665232,1.1043782657407928,-2.7671576059001803,-2.7671526011375254,0.2782238504165031,-1.3304447010278462,0.3001400935681023,0.2996544640814286,1.68764085127995,-0.5077562259150418,0.1376814716030028,0,0,0.2259798861701541
-0.7953100270027725,1.3132924223298572,-0.5860264857634311,0.5133785340791516,-1.5349177087542198,-0.5810273616670607,-0.5858388625682348,-0.5905269266318695,-0.2354915793977959,-0.8208292056470788,-1.7763568394002505e-15,0.5339282362555298,0.1799567144301261,-0.3238791330115024,0.1853783239529065,-0.9156876288362936,-0.9156875893908132,-0.5008517076542136,0.7516283835227737,-0.952868746964198,-0.9513429255631476,-0.0828661126732926,-0.6345969808087594,-0.5339282362555352,0,0,0.19428879834656917
1.6614915537224662,0.6274284039833682,-0.7904807747785566,0.5873671551282394,-1.5666600192169062,-0.7904197960249194,-0.7904794415036949,-0.785889850843727,-0.372719103230084,-0.8208292056470788,-1.7763568394002505e-15,-4.720430066402441,1.0565420809872357,-0.2296856407139425,1.0608295528217035,-0.6906056742080695,-0.6906056228008863,-0.7161862563135105,0.7516283835227737,-1.129057338964912,-1.1300568383695155,-0.1874257324623121,-1.3665024178306178,4.720430066402438,0,0,0.26594730408911543
-1.0843455070880947,0.1701857250857087,-0.7904807747785566,-0.5920985098307379,1.5220047988479553,-0.7904197960249194,-0.7904794415036949,-0.785889850843727,-0.977412744832526,-0.8208292056470788,-1.7763568394002505e-15,0.7215838899218873,1.1661152518068747,-0.2181517436979147,1.163799874022915,-0.6741486134084813,-0.6741586885492756,-0.3701992848721672,0.7516283835227737,-1.151775065727182,-1.1512601839567116,-0.1752989724352351,-1.3630742893199768,-0.7215838899218914,0,0,0.1665973154422112
-0.072721326789467,-0.0584356143631209,1.703489863726264,0.3218785737168086,-0.9097322026847908,1.6961153619747042,1.7032801715702846,1.716308132108142,1.6165221568753654,1.6337031427670443,-1.7763568394002505e-15,0.6376326764395683,0.4304096763035867,1.590747771649102,0.4307977061044103,1.1586362700091053,1.158621228558138,0.5661430783991606,-1.3304447010278462,0.2042208027940745,0.2027248842542459,1.6503173787521683,0.1178772272769451,-0.6376326764395742,0,0,0.06908449592794566
-1.517898727216078,0.3988070645345384,-0.7904807747785566,-1.6866948741745855,-0.743430097869413,-0.7904197960249194,-0.7904794415036949,-0.785889850843727,-1.5385952203418032,-0.8208292056470788,-1.7763568394002505e-15,0.380840729317187,0.6965159482941382,-0.1970062658351972,0.6961599567889548,0.6759633360347037,0.6759685237778119,-0.6532795342332667,0.7516283835227737,-1.1921621355267724,-1.193666875131104,-0.1537402879426538,-1.063113044638887,-0.380840729317192,0,0,0.05859381247627813
-0.072721326789467,0.741739073707783,1.7931398368253302,0.3849865151998533,0.3199373026305763,1.8008115791536337,1.7937027529603713,1.8110138675538905,1.7258579075710094,1.7370518732265845,-1.7763568394002505e-15,0.4894834761766554,1.0095821506359626,1.3792929930219269,1.0111758801476016,1.0595900825506577,1.0595851632585702,-0.062924142403282,-1.3304447010278462,0.7701446183608387,0.7691571163693446,1.4364821769413771,-0.6843048442130546,-0.4894834761766612,0,0,0.14461261939229936
-0.072721326789467,-0.5156782932607803,1.6635465472447533,0.049861584565753,0.3910124760578956,1.6699413076799765,1.6628279641062982,1.67425982060559,1.443593163428173,1.607865960152164,-1.7763568394002505e-15,0.6178794497378488,0.195610024547217,1.1793721114107794,0.199216232730935,-0.0822767513900409,-0.0822817313652442,0.1596688741883517,-1.3304447010278462,0.8968590498570543,0.8963771898925218,1.236660120050764,-0.0655276480423496,-0.6178794497378525,0,0,0.05501461527560227
0.6498673734238385,-0.74429963270961,0.4494372473244383,0.2587706322337639,0.4910697590381024,0.4397607558275239,0.4492617401867089,0.4258777969498203,0.5164706243661263,0.3935183772525381,-1.7763568394002505e-15,-0.0043471913663822,-1.8549736007917403,-0.0105415974094155,-1.8593761966592903,0.5946148185745842,0.5946149382832391,-0.99926650567461,0.7516283835227737,0.7358156090311867,0.7358375733037507,0.0351676849235901,0.8720654996179698,0.0043471913663813,1,0,0.22596209665732206
-0.7953100270027725,-0.1727462840875357,-0.7856383674724756,0.915963678022714,1.540636154989097,-0.7904197960249194,-0.7857203582726376,-0.7812321917234443,-0.2009057807083571,-0.8208292056470788,-1.7763568394002505e-15,-0.0438536447698267,-0.0704962474433344,-0.6256827715975616,-0.0657390206366086,-3.0835635886885826,-3.08356366445222,0.5129143135620311,0.7516283835227737,-0.3733142953400718,-0.3727944959696512,-0.5861266537969884,0.1847257332344445,0.0438536447698245,0,0,0.302324361260685
-1.373380987173417,-1.3158529813316842,-0.7904807747785566,1.0225943377699285,-1.1422791293353398,-0.7904197960249194,-0.7904794415036949,-0.785889850843727,-0.149584918136932,-0.8208292056470788,-1.7763568394002505e-15,0.0944189421422263,-0.4931356206048009,-0.1931616334965213,-0.4991911632424985,-0.5355295243657915,-0.5355345284285596,-0.5419830259374497,0.7516283835227737,-1.201501645417928,-1.2027540232399023,-0.1487548421537444,-0.0278182344252985,-0.0944189421422272,0,0,0.19249573775654114
1.0834205935518215,1.0846710828810275,-0.7904807747785566,-0.9533370714233398,0.8450655257197986,-0.7904197960249194,-0.7904794415036949,-0.785889850843727,-1.162614118459842,-0.8208292056470788,-1.7763568394002505e-15,0.0400975687124867,0.0860368537275777,-1.3427067027606192,0.092582935676716,0.5786134917663663,0.5786237380472213,0.6121133753039539,0.7516283835227737,0.9746041592212664,0.9751324735021076,-1.3103637109696424,0.5395370340857903,-0.0400975687124926,0,0,0.0914597975184454
0.9389028535091608,-0.1727462840875357,-0.7420828768923746,-0.9772745664686324,-0.1451565506705222,-0.7380716874354547,-0.7428886091931227,-0.7398307773209314,-1.1336066743977322,-0.7691548404173089,-1.7763568394002505e-15,0.193185075650835,-1.0566547848200858,-1.0716601228839673,-1.061254458020652,0.4327532959718581,0.4327483433672975,0.3677449549153133,0.7516283835227737,0.5495302495805748,0.548036512388584,-1.0369726432480957,1.2680143425970076,-0.1931850756508358,0,0,0.21938732020854754
-0.9398277670454336,-0.4013676235363654,-0.7904807747785566,-1.2318824683140208,1.5364958536243989,-0.7904197960249194,-0.7904794415036949,-0.785889850843727,-1.3054199969194595,-0.8208292056470788,-1.7763568394002505e-15,0.025282648686197,0.8843556696992323,-0.0489879207961746,0.8805297413903332,1.1830433571026462,1.183048571793904,-0.812965828744656,0.7516283835227737,-1.4710853363301957,-1.4723394171342543,-0.0048506231657639,-1.3579320965540151,-0.0252826486862012,0,0,0.16035810629106148
0.2163141532958551,1.1989817526054425,1.6958990630842992,1.6863157912985032,0.2888850423953396,1.6961153619747042,1.6961415467236984,1.7082866080676553,2.310469472515068,1.6337031427670443,-1.7763568394002505e-15,-0.0487919514452566,0.8687023595821414,1.6253494626971852,0.8732037896843186,0.0218584656387407,0.0218585549089612,0.169346831431466,-1.3304447010278462,0.0530217102318571,0.0543014651438724,1.686562917055321,-0.3449201216595933,0.0487919514452551,0,0,0.13296682868348722
-1.228863247130756,-0.5156782932607803,-0.7904807747785566,-0.7074337132307857,0.0197654536899563,-0.7904197960249194,-0.7904794415036949,-0.785889850843727,-1.0365433038822114,-0.8208292056470788,-1.7763568394002505e-15,-0.157434698304725,0.8843556696992323,-0.1662492071257899,0.8805297413903332,0.5856014129674242,0.5856015321970731,-0.6387625983685953,0.7516283835227737,-1.250218548363684,-1.2512188131534938,-0.1227496789845681,-1.232805405915618,0.1574346983047243,0,0,0.058953156405437156
-0.6507922869601114,-1.2015423116072694,-0.1913572027305209,1.1727477157813104,1.2032015937661933,-0.1884165472460616,-0.1908349543904861,-0.2083401199286729,0.4383736595835228,-0.2265740055047105,-1.7763568394002505e-15,0.0845423287913611,0.5869427774744989,0.2028354973870976,0.5797587241267159,-0.1376484313418876,-0.1376483505484672,-0.8540971470278921,0.7516283835227737,-0.8572018753764175,-0.8574423951055643,0.2490028867343813,-1.277371076553951,-0.0845423287913664,0,0,0.19951141728747426
-1.373380987173417,0.8560497434321979,-0.7904807747785566,-1.3668028949329438,-0.8600485863084123,-0.7904197960249194,-0.7904794415036949,-0.785889850843727,-1.3745915942983362,-0.8208292056470788,-1.7763568394002505e-15,-0.0981750181995609,-1.808013670440468,-0.1777831041418177,-1.812978502521195,0.9638353072521256,0.9638303828712692,-0.5347245580051136,0.7516283835227737,-1.2300250134638886,-1.2300154675662978,-0.1335290212308588,1.070896953235149,0.0981750181995594,1,0,0.4187636381827453
-1.0843455070880947,0.9703604131566128,-0.7904807747785566,0.6047762424339066,0.5593847315556224,-0.7904197960249194,-0.7904794415036949,-0.785889850843727,-0.3637937358263581,-0.8208292056470788,-1.7763568394002505e-15,0.4993600895275206,0.1173434739617595,-0.0951235088602855,0.1222937398177771,0.5360276821280462,0.5360277987231614,-0.9170038691081368,0.7516283835227737,-1.3852628130060654,-1.38449698541587,-0.0506628277124992,-0.7203001935747849,-0.4993600895275221,0,0,0.06833374036915435
0.2163141532958551,1.4276030920542722,1.6995112371828895,-0.2069224531928433,-1.0732741065903697,1.6961153619747042,1.6985210883392274,1.712167990667891,1.343182780136254,1.6337031427670443,-1.7763568394002505e-15,-0.1278048582521457,-1.1349213354055403,1.4850203823355144,-1.135734967031805,0.5905132126522221,0.5905234595654739,0.0749867483110995,-1.3304447010278462,0.3205860476541451,0.3208578096686247,1.543467148735812,1.2303049289799566,0.127804858252142,0,0,0.3190477061423751
1.5169738136798052,0.5131177342589534,-0.7904807747785566,0.861560280192503,1.2404643060484777,-0.7904197960249194,-0.7904794415036949,-0.785889850843727,-0.2321445666213985,-0.8208292056470788,-1.7763568394002505e-15,0.2771362891331485,1.0565420809872357,-1.440744827396855,1.0604225555047029,0.5594473455736151,0.5594525271246235,0.7742191591261222,0.7516283835227737,1.1608895186718784,1.1599044850476743,-1.4098031431916742,-0.1666574391062597,-0.2771362891331531,0,0,0.12735855326024192
-1.0843455070880947,1.0846710828810275,-0.7904807747785566,-0.2852633460683472,0.7215465350063017,-0.7904197960249194,-0.7904794415036949,-0.785889850843727,-0.8201031443418538,-0.8208292056470788,-1.7763568394002505e-15,-2.759922316256564,0.211263334664308,-0.0624441339815403,0.21142615224096,-0.5415553404739507,-0.5415502174343823,-0.6702159594087171,0.7516283835227737,-1.445843417705451,-1.4450779728078589,-0.0183248009736272,-0.7460111574045929,2.75992231625656,0,0,0.16793351081850952
1.372456073637144,-0.74429963270961,-0.7904807747785566,0.3044694864111414,-0.6157708057912182,-0.7904197960249194,-0.7904794415036949,-0.785889850843727,-0.5177563235406328,-0.8208292056470788,-1.7763568394002505e-15,-2.0586827683454434,1.103502011338511,-1.7156360396121828,1.1039712684237923,0.8554465729705263,0.8554365791181987,0.9048715819081676,0.7516283835227737,1.680115784782866,1.6809009766187812,-1.686966980699423,0.0098911791917524,2.0586827683454385,0,0,0.28020811900308956
1.5169738136798052,0.5131177342589534,-0.7904807747785566,-1.1796552063970178,-1.0863850609119143,-0.7904197960249194,-0.7904794415036949,-0.785889850843727,-1.278643894708281,-0.8208292056470788,-1.7763568394002505e-15,-0.1179282449012859,0.3677964358352201,-1.4215216657034753,0.3738180817242931,0.2241537206983028,0.2241538207192555,0.578240524953053,0.7516283835227737,1.123783898293505,1.1235558926124811,-1.3899961018141151,0.344133708979252,0.1179282449012811,0,0,0.08031508973513553
1.6614915537224662,-1.0872316418828545,-0.7904807747785566,-1.2275301964876042,-0.2700556418389178,-0.7904197960249194,-0.7904794415036949,-0.785889850843727,-1.303188655068528,-0.8208292056470788,-1.7763568394002505e-15,-0.2512625251379037,0.3677964358352201,-0.2681319641007016,0.3640501461162733,1.184461196186919,1.1844562835309564,-0.3653603062506101,0.7516283835227737,-1.0596420627468657,-1.060388702868728,-0.2244797214339363,-0.6568798161279265,0.2512625251379026,0,0,0.21157917140457638
0.3608318933385163,1.1989817526054425,1.4290169825826713,-0.6552064513137826,-0.2486640847879773,1.4343748190273808,1.4296328857844949,1.428309543170662,0.8824106879188957,1.3753313166181949,-1.7763568394002505e-15,0.4154088760452016,1.150461941689784,1.06595545741984,1.1487409732938838,1.1588388184497151,1.1588541592772184,-0.0580851637817249,-1.3304447010278462,0.6272753589447868,0.6267917959981698,1.1203779655689032,-1.0014067314473487,-0.4154088760452049,0,0,0.17053358171600608
1.6614915537224662,-0.8586103024340248,-0.7904807747785566,0.2413615449280959,-0.7917336137908918,-0.7904197960249194,-0.7904794415036949,-0.785889850843727,-0.5501107803791402,-0.8208292056470788,-1.7763568394002505e-15,0.691954049869308,0.0234236132592111,-0.2123847951899009,0.0299053488585874,0.0205672193298502,0.0205622448201646,-0.7621565532183047,0.7516283835227737,-1.162629090735822,-1.1633763814351097,-0.1695050759778539,-0.5214687399576056,-0.6919540498693089,0,0,0.20835300287257788
-0.072721326789467,0.5131177342589534,1.796123806732861,-1.1687745268309755,0.5607648320105215,1.8008115791536337,1.7960822945759,1.8142483530540865,0.9315002086393888,1.7370518732265845,-1.7763568394002505e-15,-0.1080516315504262,-2.074119942431019,1.5965147201571157,-2.073049788084729,0.5637768184916606,0.5637769365614692,0.5322702280482597,-1.3304447010278462,0.303926381361814,0.302683513451028,1.6559765334314709,2.221034068555212,0.1080516315504202,1,1,0.6087424584430424
-1.0843455070880947,-1.2015423116072694,-0.7904807747785566,-1.2362347401404377,-0.4253169430151005,-0.7904197960249194,-0.7904794415036949,-0.785889850843727,-1.307651338770391,-0.8208292056470788,-1.7763568394002505e-15,0.7215838899218873,0.3051831953668564,-0.0489879207961746,0.2985235780791388,0.0003376938238955,0.0003377819504193,-0.5613389404236793,0.7516283835227737,-1.4715901747026905,-1.4723394171342543,-0.0045811396096066,-0.7957190208088876,-0.7215838899218914,0,0,0.11715521636776316
-0.5062745469174503,1.1989817526054425,0.6086870097579324,-0.1264054244041306,-0.5598767373677923,0.5968050815959273,0.6086910284271255,0.586049518919542,0.4539930525400435,0.5485414729418572,-1.7763568394002505e-15,0.6030645297115591,1.244381802392332,1.060188508911826,1.2395013749850703,0.9072989737667706,0.9072889826700736,0.0217579834739701,-1.3304447010278462,-0.9543832620816826,-0.954371974932747,1.1162009704484657,-1.057970851872926,-0.6030645297115611,0,0,0.21201997631045874
1.5169738136798052,0.6274284039833682,-0.7904807747785566,1.388185171188947,0.1350038416740564,-0.7904197960249194,-0.7904794415036949,-0.785889850843727,0.0378477973413155,-0.8208292056470788,-1.7763568394002505e-15,0.4549153294486462,0.3364898156010383,-1.5810739077585256,0.3298623714882029,-0.6850862292014385,-0.6850963049234995,0.6822785653165339,0.7516283835227737,1.425929664231692,1.4264608295724268,-1.5512820101742388,0.5138260702559829,-0.4549153294486484,0,0,0.037245391376159176
-1.373380987173417,0.8560497434321979,-0.7904807747785566,-0.9620416150761734,0.9803153702999396,-0.7904197960249194,-0.7904794415036949,-0.785889850843727,-1.167076802161705,-0.8208292056470788,-1.7763568394002505e-15,0.2573830624314289,-0.2426826587313403,-0.1950839496658593,-0.2431898508489731,0.0105917086297917,0.0105867335899695,-0.4258475390200757,0.7516283835227737,-1.1951911657617418,-1.1966959245007036,-0.1521233866057102,-0.2077949812339523,-0.2573830624314313,0,0,0.07401830570782102
1.6614915537224662,-1.3158529813316842,-0.7904807747785566,1.029122745509554,-0.3763233768661721,-0.7904197960249194,-0.7904794415036949,-0.785889850843727,-0.1462379053605346,-0.8208292056470788,-1.7763568394002505e-15,0.4746685561503657,-1.6201739490353708,-0.254675750915336,-1.6237247501158063,0.5146081845335059,0.5146184274128751,-0.5250466007619994,0.7516283835227737,-1.0836218854403723,-1.0846210978255235,-0.2116792525164662,0.9646249694052772,-0.47466855615037,1,1,0.6990828568239782
-1.228863247130756,-1.2015423116072694,-0.7904807747785566,-0.4528258113853973,-1.7039800144793964,-0.7904197960249194,-0.7904794415036949,-0.785889850843727,-0.9060098056027172,-0.8208292056470788,-1.7763568394002505e-15,0.608002836386989,1.0252354607530534,-0.0682110824895542,1.025827783559632,0.3102621265127646,0.3102571673985608,-0.8661945935817854,0.7516283835227737,-1.4367563270005437,-1.4359908246990607,-0.023175504984458,-1.4830587871924126,-0.6080028363869916,0,0,0.2690699209221484
-0.6507922869601114,0.3988070645345384,-0.1702861871554119,0.4089240102451469,1.451619675648086,-0.1622424929513339,-0.1694190798507286,-0.1877687921474244,0.0646238995524931,-0.2007368228898301,-1.7763568394002505e-15,0.608002836386989,0.8530490494650503,-0.0047746489014016,0.8548889104192808,-1.4828485811002747,-1.4828536355071542,0.0459528765817549,0.7516283835227737,-0.4137013651396625,-0.4121721377744441,0.039614163600185,-1.1213912293197843,-0.6080028363869916,0,0,0.2606635936107371
0.0717964132531941,-0.5156782932607803,1.820440543961776,1.381656763449321,-1.0705139056805708,1.8269856334483705,1.8198777107311863,1.8399948576356493,2.260264280869109,1.762889055841474,-1.7763568394002505e-15,0.5586197696326847,0.6339027078257716,1.6061263010038056,0.6371453458238341,0.9180846782292684,0.9180746877057666,0.3266136366320763,-1.3304447010278462,0.4023698639983164,0.4026421426478102,1.6660821667873684,-0.1135214471913241,-0.5586197696326873,0,0,0.09425963995960453
-0.7953100270027725,-1.6587849905049288,-0.7036315453646292,-0.7030814414043689,0.6863539734063676,-0.7118976331407177,-0.7048159433446651,-0.7030870220387013,-0.9606776809505396,-0.7433176578024193,-1.7763568394002505e-15,0.2573830624314289,0.6808626381770445,-0.2854328096247432,0.6790660694749197,0.6836095396677417,0.6836147278171999,-0.5153686435188851,0.7516283835227737,-0.8670462236400678,-0.8665295432143626,-0.2436130539211022,-0.951698868043054,-0.2573830624314313,0,0,0.14301270008201378
0.7943851134664996,-1.0872316418828545,-0.1072301914778499,0.8854977752377957,0.9554735621117504,-0.1098943843618599,-0.1075509978469848,-0.1260548088036787,0.3625080366518512,-0.149062457660051,-1.7763568394002505e-15,-0.1080516315504262,-0.9314283038833556,-1.123562659456092,-0.935492287067394,1.141495608222456,1.1414957569944222,0.4500075914817856,0.7516283835227737,1.800519736622895,1.7990339020331605,-1.089387194920684,1.218306479192713,0.1080516315504202,0,0,0.18303420466481668
1.372456073637144,-0.6299889629851951,-0.7904807747785566,0.9442534448944244,-1.021520339531642,-0.7904197960249194,-0.7904794415036949,-0.785889850843727,-0.1897490714536993,-0.8208292056470788,-1.7763568394002505e-15,0.6376326764395683,1.244381802392332,-1.5522391652184566,1.2480483186420877,-0.4579281530569614,-0.4579280892844151,0.7282488622213271,0.7516283835227737,1.3686305089535231,1.3689088915500374,-1.5206956265503897,-0.2660731659148497,-0.6376326764395742,0,0,0.12939101976426445
-1.0843455070880947,-0.6299889629851951,-0.7904807747785566,0.8767932315849621,0.1998685630543282,-0.7904197960249194,-0.7904794415036949,-0.785889850843727,-0.2243348701431381,-0.8208292056470788,-1.7763568394002505e-15,-0.2315092984361842,-1.2601478163422708,-0.0489879207961746,-1.2676020977400757,-0.0708580830506326,-0.0708681261302904,-0.6968303418272819,0.7516283835227737,-1.4720950130751853,-1.4723394171342543,-0.0043116560534494,0.4846869779155339,0.2315092984361809,0,0,0.22106255564429067
0.9389028535091608,-0.1727462840875357,-0.751846217028419,1.1183443179510997,-0.0174972585923274,-0.7642457417301824,-0.7524067756552372,-0.7491460955614967,-0.0670252696524664,-0.7949920230321893,-1.7763568394002505e-15,0.1240487821948056,1.291341732743605,-1.4234439818728135,1.288748050342171,-0.4147600166518853,-0.4147650142965066,0.5032363563189152,0.7516283835227737,1.1947136896290351,1.1932240281132689,-1.390669810704508,-0.4477639769788236,-0.1240487821948098,0,0,0.03529995358991934
-1.517898727216078,1.4276030920542722,-0.7904807747785566,1.7298385095626727,-1.262347868911588,-0.7904197960249194,-0.7904794415036949,-0.785889850843727,0.2130081326394398,-0.8208292056470788,-1.7763568394002505e-15,-0.0636068714715517,1.2130751821581502,-0.3008113389794469,1.2163025279160224,1.1561550516116292,1.1561400100287995,-0.5008517076542136,0.7516283835227737,-0.9945179126950257,-0.99374961673754,-0.2592431001782238,-1.3904993174051048,0.0636068714715463,0,0,0.3453696635351407
-1.373380987173417,0.5131177342589534,-0.7904807747785566,1.181452259434144,-0.7579211526458564,-0.7904197960249194,-0.7904794415036949,-0.785889850843727,-0.0681409405779319,-0.8208292056470788,-1.7763568394002505e-15,-0.2315092984361842,-1.4792941579815495,-0.1393367807550586,-1.4780197106295074,0.8674982051868413,0.8674882119749823,-0.6581185128548238,0.7516283835227737,-1.30095480479942,-1.299683603067085,-0.0956665815907628,0.729798166426367,0.2315092984361809,1,0,0.24768805943101602
-0.2172390668321281,1.1989817526054425,1.5507838949496362,1.2380317931775633,-0.1486068018077705,1.5390710362063105,1.5509895081764535,1.5556188924583891,1.9568017891424216,1.4786800470777348,-1.7763568394002505e-15,-2.458685609055308,1.150461941689784,1.4119723679006722,1.1471129840258802,0.0355051668248609,0.0355103205316034,0.2661264038626107,-1.3304447010278462,0.2201232115276632,0.2208991804718425,1.325185468248426,-0.776864314000362,2.458685609055302,0,0,0.22111182625167505
1.372456073637144,1.3132924223298572,-0.7904807747785566,-0.026303172396542,-1.3251424396095108,-0.7904197960249194,-0.7904794415036949,-0.785889850843727,-0.6873383042114283,-0.8208292056470788,-1.7763568394002505e-15,0.7018306632201677,0.9939288405188716,-1.713713723442845,0.9989659606375768,0.1186513016953992,0.1186564598208407,1.0742358336626705,0.7516283835227737,1.675572239430412,1.6748428778795823,-1.6845416286940076,0.1453022553620733,-0.7018306632201696,0,0,0.24214526518355894
-1.373380987173417,0.5131177342589534,-0.7904807747785566,-0.9946836537743003,-0.2997278016192554,-0.7904197960249194,-0.7904794415036949,-0.785889850843727,-1.1838118660436916,-0.8208292056470788,-1.7763568394002505e-15,-0.2562008318133336,-0.0704962474433344,-0.2642873317620257,-0.0657390206366086,0.3843695372210657,0.3843595183339263,-0.4234280497092976,0.7516283835227737,-1.0667097999617945,-1.066446801607927,-0.2207069516477345,-0.3123529008085034,0.256200831813333,0,0,0.048775715744263204
-1.6624164672587392,0.1701857250857087,-0.7904807747785566,-0.0415361237890011,-0.08029182929025,-0.7904197960249194,-0.7904794415036949,-0.785889850843727,-0.6951480006896886,-0.8208292056470788,-1.7763568394002505e-15,-0.1228665515767158,0.0390769233763048,-0.0912788765216097,0.0315333381265907,-1.2295111190069117,-1.229506032527914,-0.3363264345212672,0.7516283835227737,-1.391068454289757,-1.390555084155069,-0.0475637668166907,-0.4803311978299135,0.1228665515767114,0,0,0.019908912023720998
0.3608318933385163,0.6274284039833682,1.50717605402028,-1.5300130884235772,-1.0097894856649976,1.5128969819115732,1.5081577590969388,1.5099479571956171,0.5008512314096056,1.452842864462845,-1.7763568394002505e-15,-0.2265709917607543,-1.8393202906746493,1.3100896109257605,-1.83984032544325,0.3675833352054856,0.3675682517149792,0.1427324490129013,-1.3304447010278462,0.2602578621410065,0.2602768222766357,1.3681680954555102,1.730811691533546,0.2265709917607504,1,1,0.5599555267171517
-1.6624164672587392,1.4276030920542722,-0.7904807747785566,1.5492192287663706,-1.0732741065903697,-0.7904197960249194,-0.7904794415036949,-0.785889850843727,0.1204074458257811,-0.8208292056470788,-1.7763568394002505e-15,0.3512108892646077,0.211263334664308,-0.2585203832540119,0.2167171173619707,0.300058748817019,0.3000487254492854,-0.4234280497092976,0.7516283835227737,-1.0770589865979392,-1.0755339497167251,-0.2151825387465106,-0.5540359608086955,-0.3512108892646094,0,0,0.15980278215208446
1.6614915537224662,0.741739073707783,-0.7904807747785566,-0.513757616955234,1.1466174751153182,-0.7904197960249194,-0.7904794415036949,-0.785889850843727,-0.9372485915157588,-0.8208292056470788,-1.7763568394002505e-15,0.4104705693697718,1.1974218720410563,-0.3008113389794469,1.2044996057229986,1.144711064717144,1.1446960225261402,-0.6556990235440449,0.7516283835227737,-0.9942654935087784,-0.99374961673754,-0.2593778419563024,-1.424780602511515,-0.4104705693697746,0,0,0.2656806515583086
-0.3617568068747892,0.5131177342589534,1.1452257392717005,-0.8249450525440415,-0.70409723490478,1.146460221785311,1.1440878919210622,1.133712603812782,0.5532877649064962,1.0911223078544463,-1.7763568394002505e-15,0.4993600895275206,1.0095821506359626,1.5465344997543289,1.0058849150265905,-0.5301113535794654,-0.5301163573542911,0.38952035871232,-1.3304447010278462,-0.8354938253591375,-0.8362390495183681,1.6061220755423766,-0.4443358484681827,-0.4993600895275221,0,0,0.17285107724774496
1.372456073637144,-0.74429963270961,-0.7904807747785566,1.4599976563248251,-1.0767243577276184,-0.7904197960249194,-0.7904794415036949,-0.785889850843727,0.0746649378816854,-0.8208292056470788,-1.7763568394002505e-15,-0.0191621113926773,-1.933240151377198,-1.527249055017063,-1.9297867325004348,-1.2401449121389538,-1.2401296988025072,0.9677783039884114,0.7516283835227737,1.3234474746152305,1.3234731510060451,-1.4965768482743138,2.462717128555404,0.0191621113926725,1,0,0.34937596720573055
0.3608318933385163,1.1989817526054425,1.4538572233041345,0.1216740697016321,1.6627750452476937,1.4605488733221084,1.453428301939781,1.4541854271722323,1.3019029558940212,1.4011684992330753,-1.7763568394002505e-15,0.0845423287913611,0.0234236132592111,0.967917332783604,0.0270563676395815,0.6487712078827682,0.6487763941807837,-0.4234280497092976,-1.3304447010278462,0.8329969957364516,0.8327671531309329,1.0213427586811077,-0.2215074952765161,-0.0845423287913664,0,0,0.23211615047582188
-0.9398277670454336,1.7705351012275166,-0.7904807747785566,-0.1285815603173394,0.6649624163554267,-0.7904197960249194,-0.7904794415036949,-0.785889850843727,-0.7397748377083192,-0.8208292056470788,-1.7763568394002505e-15,0.1438020088965307,0.915662289933414,-0.1758607879724797,0.9171594999204088,0.1997719521598353,0.1997771145963333,-0.4935932397218774,0.7516283835227737,-1.2330540436988582,-1.2330445169358972,-0.1319121198939152,-1.2173788276177335,-0.1438020088965315,0,0,0.18632516272325308
-0.6507922869601114,1.4276030920542722,-0.1634544665776437,0.2892365350186823,1.4143569633658015,-0.1622424929513339,-0.1622804550041428,-0.181041062307016,0.0088403532792052,-0.2007368228898301,-1.7763568394002505e-15,-2.819181996361728,1.150461941689784,-0.0585995016428644,1.1434500081728731,1.0022941924130102,1.0023044612098575,-0.8226437859877702,0.7516283835227737,-0.3160151400619027,-0.3152425579472613,-0.0493154099317129,-1.5533354216605535,2.819181996361724,0,0,0.2893342679531546
0.3608318933385163,-0.8586103024340248,1.3996746118252834,1.0965829588190146,-1.7053601149342958,1.4082007647326438,1.3986988447826227,1.3976466206288014,1.75486535163312,1.349494134003305,-1.7763568394002505e-15,0.0154060353353373,0.1643034043130324,1.3235458241111262,0.1605514876158555,-0.6498934376453959,-0.6498832566520405,0.1717663207422442,-1.3304447010278462,0.0457015538306811,0.0452143170350742,1.381507531485295,0.0630271711066887,-0.0154060353353403,0,0,0.17103002440411208
-0.9398277670454336,1.6562244315031018,-0.7904807747785566,0.1956626907507192,-1.3810365080329363,-0.7904197960249194,-0.7904794415036949,-0.785889850843727,-0.5735398698139208,-0.8208292056470788,-1.7763568394002505e-15,0.1438020088965307,-0.0078830069749707,-0.1393367807550586,-0.0144573586945034,-0.0383743768877531,-0.0383793545298187,-0.5419830259374497,0.7516283835227737,-1.3014596431719148,-1.3027126524366843,-0.0953970980346055,-0.4700468122979907,-0.1438020088965315,0,0,0.2171367025411688
0.3608318933385163,-1.0872316418828545,1.5793410104681995,1.6362646652947097,1.484052036338222,1.5914191447957748,1.5795440075627971,1.5856349179002112,2.185514328862903,1.5303544123075046,-1.7763568394002505e-15,0.2968895158348735,0.1173434739617595,1.0275091340330809,0.1243287264027812,0.4645534011476803,0.4645585776556645,-0.2758392017518016,-1.3304447010278462,0.9869726993473912,0.9872486709805056,1.0821113005945715,-0.2232215595318369,-0.2968895158348748,0,0,0.20450974526478713
-0.5062745469174503,1.6562244315031018,0.5827212365274878,0.5242592136451947,0.2364412251091624,0.5706310273011902,0.5825160706563108,0.5599148760779556,0.7652652407449904,0.5227042903269675,-1.7763568394002505e-15,0.380840729317187,-2.0115067019626527,0.6545797971815174,-2.008744211998597,0.9188442348815572,0.9188544992435588,-0.5976312800853583,-1.3304447010278462,-0.2481143789613409,-0.2486034718160733,0.7060469979771057,1.2423033787672002,-0.380840729317192,1,1,0.9101980760239092
0.5053496333811774,-0.1727462840875357,1.1471888773687602,-1.0469109156913028,1.494402789749967,1.146460221785311,1.1464674335365908,1.1357826745329076,0.4417206723599202,1.0911223078544463,-1.7763568394002505e-15,0.1684935422736801,0.1799567144301261,0.9102478477034656,0.1756103883448866,0.6711274920151336,0.6711377432125298,-0.399233156601511,-1.3304447010278462,0.346332804651384,0.3450902046254203,0.96394276121961,-0.3774873425106826,-0.1684935422736836,0,0,0.12362500340873779
-0.5062745469174503,-1.430163651056099,0.579527865222937,1.2097420263058545,0.5366130740497824,0.5706310273011902,0.5801365290407823,0.5566803905777593,1.1144702404157734,0.5227042903269675,-1.7763568394002505e-15,0.4796068628257956,1.0095821506359626,0.7007153852456283,1.003442931124586,0.7454374511640446,0.7454426425992696,-0.6169871945715868,-1.3304447010278462,-0.3359562557754503,-0.3364459035344576,0.7525329114142342,-1.270514819532669,-0.4796068628258004,0,0,0.11298426331115093
-0.3617568068747892,0.8560497434321979,1.1421632438402871,0.4393899130300652,-0.7027171344498805,1.146460221785311,1.1417083503055332,1.1306074977325935,1.199261230751171,1.0911223078544463,-1.7763568394002505e-15,0.1635552355982502,-1.1192680252884497,1.5811361908024122,-1.125153036789783,-2.496249066583875,-2.496254174846684,0.9653588146776332,-1.3304447010278462,-0.9336848888093924,-0.9331686293455508,1.6416939049551356,1.5354083664270075,-0.1635552355982532,1,1,0.6183010008428843
-1.0843455070880947,1.1989817526054425,-0.7904807747785566,1.316372686053069,0.0494376134702934,-0.7904197960249194,-0.7904794415036949,-0.785889850843727,0.0010306568009456,-0.8208292056470788,-1.7763568394002505e-15,0.2870129024840082,-0.0861495575604254,-0.1893170011578454,-0.087716875754654,-0.6871117136075442,-0.6871217894372447,4.897028944692898,0.7516283835227737,-1.205540352397887,-1.205783072609502,-0.1465989737044862,1.1668845515330974,-0.2870129024840139,1,1,1.4333173396438743
-0.3617568068747892,1.5419137617786869,1.1324522540534978,-0.156871327189049,-1.1174373211471504,1.1202861674905833,1.132190183843419,1.120515902971981,0.8846420297698268,1.065285125239566,-1.7763568394002505e-15,0.5833113030098341,-0.4931356206048009,1.2947110815710567,-0.4959351847064916,0.01593392375089,0.0159340127062568,0.2153171283362593,-1.3304447010278462,-0.3796247749962578,-0.3788525947088499,1.3526727909764673,0.6098136685539314,-0.5833113030098396,0,0,0.29554809933052084
-0.5062745469174503,1.4276030920542722,0.5136187755109815,1.7146055581702135,0.5759459370144149,0.5182829187117256,0.5135093638059814,0.490308748113731,1.3164066779250765,0.4710299250971976,-1.7763568394002505e-15,0.464791942799506,0.8373957393479594,0.6622690618588691,0.8353530392032406,-0.3169038012820233,-0.3169138574374793,-0.4427839641955262,-1.3304447010278462,-0.3909836383773928,-0.3909687921872478,0.7141315046618237,-1.1042505867665795,-0.4647919427995092,0,0,0.14184098481041355
1.6614915537224662,0.5131177342589534,-0.7904807747785566,0.6047762424339066,-0.1285953452117293,-0.7904197960249194,-0.7904794415036949,-0.785889850843727,-0.3637937358263581,-0.8208292056470788,-1.7763568394002505e-15,-0.2315092984361842,1.2287284922752413,-0.2277633245446046,1.2228144849880362,0.9218318243805615,0.9218319614787638,-0.3556823490074958,0.7516283835227737,-1.135872656993593,-1.1361149371087145,-0.1837877044541891,-1.4024977671923484,0.2315092984361809,0,0,0.20718583495140708
-0.6507922869601114,-0.5156782932607803,-0.0656378389948087,-0.8858768581138783,1.6275824836477597,-0.0575462757723952,-0.06471924876747,-0.0853002915012051,-0.5110622979878384,-0.097388092430281,-1.7763568394002505e-15,0.5833113030098341,0.1173434739617595,0.006759248114626,0.1235147317687797,1.0475890874444935,1.04758416751463,-0.6798939166518314,0.7516283835227737,-0.2402893841876701,-0.2395163237072749,0.0512019565149475,-0.7185861293194648,-0.5833113030098396,0,0,0.24622651830917675
0.5053496333811774,0.1701857250857087,1.1432102508253856,1.277202239615315,-0.1279052949842797,1.146460221785311,1.1440878919210622,1.1316425330926565,1.6287945370554886,1.0911223078544463,-1.7763568394002505e-15,0.3314576625628826,-0.0078830069749707,0.7679964511724567,-0.008352398939491,-0.1574475414115491,-0.1574373342477571,-0.5008517076542136,-1.3304447010278462,0.6181882682398789,0.6177046478893716,0.8212512182343372,-0.3414919931489524,-0.3314576625628877,0,0,0.0863940612364094
0.9389028535091608,-0.0584356143631209,-0.7904807747785566,-0.0567690751814603,0.5497240283713266,-0.7904197960249194,-0.7904794415036949,-0.785889850843727,-0.702957697167949,-0.8208292056470788,-1.7763568394002505e-15,0.608002836386989,0.0703835436104867,-1.258124791309749,0.0649071181206595,0.5888168694621119,0.5888220525739277,0.4742024845895722,0.7516283835227737,0.814317975954141,0.8145928569133365,-1.2248026818897104,0.4692603996176493,-0.6080028363869916,0,0,0.04350724780105649
-1.373380987173417,-0.6299889629851951,-0.7904807747785566,1.2445602009171888,-1.6239341880952312,-0.7904197960249194,-0.7904794415036949,-0.785889850843727,-0.035786483739425,-0.8208292056470788,-1.7763568394002505e-15,0.6178794497378488,0.0077703031421202,-0.1354921484163826,0.0054855098385375,-0.0410834622809161,-0.0410833763556685,-0.5710168976667935,0.7516283835227737,-1.3087797995730903,-1.3087707511758837,-0.0914895864703252,-0.4974718403831183,-0.6178794497378525,0,0,0.1619948379501189
-0.5062745469174503,1.5419137617786869,0.4515312612946354,0.1086172542223809,0.9823855209822888,0.4397607558275239,0.4516412818022375,0.4279478676699459,0.4406050014344547,0.3935183772525381,-1.7763568394002505e-15,0.2771362891331485,-1.4323342276302766,0.6122888414560823,-1.4299940272234088,-0.5398336787287598,-0.5398184281751306,-0.476656814546427,-1.3304447010278462,-0.4235457134033127,-0.4242883352528419,0.6634685961042576,0.762365387277457,-0.2771362891331531,1,1,0.6933623799442997
0.2163141532958551,-0.6299889629851951,1.7925378078088985,-0.1503429194494234,0.2088392160111744,1.8008115791536337,1.7937027529603713,1.8103669704538508,1.4514028599064333,1.7370518732265845,-1.7763568394002505e-15,-0.1969411517081696,0.3051831953668564,1.5350006027383012,0.3025935512491469,1.251074314592641,1.2510744691880342,0.1136985772835567,-1.3304447010278462,0.4016126064395741,0.4026421426478102,1.5950732497399287,0.0630271711066887,0.1969411517081678,0,0,0.04642686499398837
1.6614915537224662,-1.430163651056099,-0.7904807747785566,-0.890229129940295,0.4048134806068897,-0.7904197960249194,-0.7904794415036949,-0.785889850843727,-1.1302596616213352,-0.8208292056470788,-1.7763568394002505e-15,0.52405162290467,-0.7748952027124434,-0.073978030997568,-0.7767633334370683,1.2939892654469531,1.2939944860342925,-0.7500591066644113,0.7516283835227737,-1.425649882805656,-1.4269036765902623,-0.0291041432199179,0.0715974923832907,-0.5240516229046744,0,0,0.4570008356155392
1.372456073637144,0.9703604131566128,-0.7904807747785566,0.5764864755621962,-0.6902962303557858,-0.7904197960249194,-0.7904794415036949,-0.785889850843727,-0.3782974578574132,-0.8208292056470788,-1.7763568394002505e-15,0.4252854893960614,-0.0078830069749707,-1.573384643081174,-0.0034684311354811,-0.4208364698701952,-0.4208414678377419,0.8879351567327172,0.7516283835227737,1.4112893514293403,1.4113155827244297,-1.5434669870456783,0.8480686000434825,-0.4252854893960657,0,0,0.06913112914917878
-0.5062745469174503,0.1701857250857087,0.5297950334307544,0.596071698781073,1.3550126438051275,0.5182829187117256,0.5301661551146816,0.5066105550347205,0.75745554426673,0.4710299250971976,-1.7763568394002505e-15,0.6524475964658634,0.759129188762502,0.6084442091174064,0.7580235489730822,1.2147675066132406,1.214777786701721,-0.5976312800853583,-1.3304447010278462,-0.2491240557063305,-0.2486034718160733,0.6601000516522918,-1.1162490365538231,-0.6524475964658654,0,0,0.1255718716791782
1.0834205935518215,-0.5156782932607803,-0.7904807747785566,-0.0219509005701252,-0.952515316786672,-0.7904197960249194,-0.7904794415036949,-0.785889850843727,-0.6851069623604968,-0.8208292056470788,-1.7763568394002505e-15,0.1487403155719605,0.0390769233763048,-1.7348592013055624,0.0368243032476016,1.28350738364537,1.283512603675662,0.7984140522339087,0.7516283835227737,1.7164641476024975,1.717249569053975,-1.7063697967427462,0.8909202064264953,-0.1487403155719618,0,0,0.08639275385981011
1.372456073637144,-0.2870569538119506,-0.7904807747785566,-1.4756096905933662,-1.2568274670919903,-0.7904197960249194,-0.7904794415036949,-0.785889850843727,-1.4303751405716243,-0.8208292056470788,-1.7763568394002505e-15,-0.0043471913663822,0.0077703031421202,-1.1254849756254302,0.0087414883745441,0.8215956648335249,0.8215907328935176,0.2395120214440459,0.7516283835227737,0.5636657240104312,0.5631817592365815,-1.0910040962576273,0.3664165442984191,0.0043471913663813,0,0,0.12220049347356837
-0.5062745469174503,-1.0872316418828545,0.4682310227069578,-0.1111724730116714,-0.7406698969596138,0.4659348101222609,0.4682980731109378,0.444637812850959,0.3424259599934676,0.4193555598674277,-1.7763568394002505e-15,0.2030616890016947,-1.96454677161138,0.7257054954470217,-1.963567509811504,1.262315753046513,1.2623159082393192,-0.5419830259374497,-1.3304447010278462,-0.6105883304126671,-0.6120893961680084,0.7782685910272532,1.2663002783416877,-0.2030616890016967,1,1,0.9190975024109879
-0.6507922869601114,-0.9729209721584398,-0.1894725901573434,-0.6878484900119097,0.6822136720416693,-0.1884165472460616,-0.1884554127749575,-0.206528808048563,-0.5144093107642358,-0.2265740055047105,-1.7763568394002505e-15,0.1289870888702355,-0.5870554813073465,0.1797677033550421,-0.5809976239596664,-0.4892978427964868,-0.4892927169797581,-0.8299022539201064,0.7516283835227737,-0.8125236794106204,-0.8120066545615725,0.2275789440198786,-0.2797856799574135,-0.1289870888702401,0,0,0.3295145699143253
1.5169738136798052,0.6274284039833682,-0.7904807747785566,-0.7139621209704106,0.1336237412191568,-0.7904197960249194,-0.7904794415036949,-0.785889850843727,-1.0398903166586084,-0.8208292056470788,-1.7763568394002505e-15,0.6870157431938726,0.195610024547217,-1.4176770333647994,0.1882273051719126,-0.3288794778331104,-0.3288743434911442,0.7790581377476784,0.7516283835227737,1.116211322706081,1.1174977938732824,-1.385953848471756,0.554963612383675,-0.6870157431938785,0,0,0.038253127283274214
0.5053496333811774,1.4276030920542722,-0.7260113196711114,0.8028046105358743,-1.4852340923778415,-0.7380716874354547,-0.7262318178844225,-0.724434626339997,-0.2075998062611519,0.910262029550256,-1.7763568394002505e-15,0.4351621027469212,1.2130751821581502,0.5488524078679298,1.2110115627950118,-0.1229889879527145,-0.122993970091521,-0.5056906862757707,-1.3304447010278462,0.6979527310940704,0.6964599314989575,-1.1003012789450537,-0.8522831412344641,-0.4351621027469266,0,0,0.40377389157773685
-1.228863247130756,-1.0872316418828545,-0.7904807747785566,1.4251794817134908,0.6014777954300541,-0.7904197960249194,-0.7904794415036949,-0.785889850843727,0.0568142030742336,-0.8208292056470788,-1.7763568394002505e-15,0.4944217828520907,-0.2113760384971557,-0.3085006036567987,-0.2187700118289229,0.0278336446367457,0.0278337342245094,-0.4935932397218774,0.7516283835227737,-0.9803824382651692,-0.9816334192591422,-0.2667886397506272,-0.1752277603828624,-0.4944217828520918,0,0,0.07370338218310764
1.6614915537224662,-0.2870569538119506,-0.7904807747785566,-0.4332405881665214,-1.432790275091664,-0.7904197960249194,-0.7904794415036949,-0.785889850843727,-0.8959687672735255,-0.8208292056470788,-1.7763568394002505e-15,0.1783701556245398,0.6182493977086807,-0.2143071113592388,0.6184234692417954,0.4552361728796056,0.4552413488924371,-0.5347245580051136,0.7516283835227737,-1.1583379645696157,-1.1573182826959103,-0.1717956862051907,-0.951698868043054,-0.1783701556245444,0,0,0.16030755412464617
-1.228863247130756,1.5419137617786869,-0.7904807747785566,-1.4168540209367382,-1.4962748960170364,-0.7904197960249194,-0.7904794415036949,-0.785889850843727,-1.4002520255840487,-0.8208292056470788,-1.7763568394002505e-15,0.1882467689753996,1.2130751821581502,-0.0816672956749199,1.2069415896250035,1.054880831306466,1.0548759117641122,-0.8710335722033425,0.7516283835227737,-1.4110095700033043,-1.4117584297422652,-0.0369191663484786,-1.6287542488946558,-0.1882467689754053,0,0,0.2968652446756277
-0.072721326789467,0.6274284039833682,1.6886485397124915,1.3707760838832797,-0.092022683156895,1.6961153619747042,1.6890029218771128,1.700653222287192,2.142003162769738,1.6337031427670443,-1.7763568394002505e-15,0.52405162290467,0.2738765751326718,1.327390456449802,0.2684057766210772,1.313864331181839,1.3138644891141331,0.1209570452158929,-1.3304447010278462,0.6585753380394694,0.6601113390637643,1.3856845266057325,-0.0398166842125422,-0.5240516229046744,0,0,0.05919330960454419
1.5169738136798052,0.0558750553612939,-0.7904807747785566,-0.2917917538079728,0.6194191013437467,-0.7904197960249194,-0.7904794415036949,-0.785889850843727,-0.8234501571182512,-0.8208292056470788,-1.7763568394002505e-15,-0.2068177650590293,-0.3992157599022525,-1.127407291794768,-0.399069823260293,-1.3699784625701708,-1.369983510978707,1.183112852647709,0.7516283835227737,0.5659374966866584,0.5662108086061809,-1.092216772260335,0.9766234191925208,0.2068177650590286,1,0,0.1647637543205169
0.5053496333811774,0.3988070645345384,1.1046542185991304,-1.101314313521514,0.05702816597224,1.0941121131958464,1.1036356844570756,1.0919230511502451,0.3770117586829064,1.0394479426246763,-1.7763568394002505e-15,-0.0981750181995609,0.3677964358352201,0.8179766715752436,0.3685271166032824,0.3218073876275549,0.3218024291269081,-0.4669788573033127,-1.3304447010278462,0.4177674343594103,0.4177873894958074,0.870970934345353,-0.6174563382555546,0.0981750181995594,0,0,0.042030032410344885
0.0717964132531941,-1.544474320780514,1.8205452446602852,0.426333097550814,1.2839374703778084,1.8269856334483705,1.8198777107311863,1.840124237055657,1.7704847445896403,1.762889055841474,-1.7763568394002505e-15,0.4746685561503657,0.759129188762502,1.5657576614477084,0.7669774899471005,0.7999989373534518,0.8000091953995634,0.128215513148229,-1.3304447010278462,0.4705230442851253,0.4692812287789982,1.6253901498076213,-0.3054966437872215,-0.47466855615037,0,0,0.2143665381147848
-0.6507922869601114,-0.2870569538119506,-0.1449486181160263,0.426333097550814,-0.9821874765670092,-0.1360684386565969,-0.1456236636954426,-0.1630573229259245,0.094747014540069,-0.1748996402749406,-1.7763568394002505e-15,0.5931879163606993,-0.0235363170920616,0.2143693944031253,-0.0185273318645119,-2.1718930575015163,-2.1718829573929708,-1.1081435246596478,0.7516283835227737,-0.7827382154334224,-0.7817161608655778,0.2616686138737729,-0.853997205489785,-0.5931879163607005,0,0,0.2681153354578323
-0.9398277670454336,-0.5156782932607803,-0.7904807747785566,-1.4538483314612822,0.0756595221133822,-0.7904197960249194,-0.7904794415036949,-0.785889850843727,-1.419218431316967,-0.8208292056470788,-1.7763568394002505e-15,0.1684935422736801,0.5399828471232233,-0.1989285820045352,0.5345820219396232,-1.8464230319958037,-1.8464179783018355,0.2903212969703972,0.7516283835227737,-1.1891331052918035,-1.190637825761505,-0.1553571892795974,-0.6585938803832466,-0.1684935422736836,0,0,0.04353316183183745
1.6614915537224662,-1.430163651056099,-0.7904807747785566,1.3860090352757373,-1.458322133507303,-0.7904197960249194,-0.7904794415036949,-0.785889850843727,0.0367321264158492,-0.8208292056470788,-1.7763568394002505e-15,0.5833113030098341,0.211263334664308,-0.0797449795055819,0.2061351871199493,0.61238844423814,0.6123784374687837,-0.9170038691081368,0.7516283835227737,-1.414795857797016,-1.4147874791118644,-0.0348980396772992,-0.7991471493195286,-0.5833113030098396,0,0,0.32339257533298554
1.6614915537224662,1.5419137617786869,-0.7904807747785566,-0.4593542191250229,-0.7565410521909572,-0.7904197960249194,-0.7904794415036949,-0.785889850843727,-0.9093568183791146,-0.8208292056470788,-1.7763568394002505e-15,-0.0191621113926773,0.2582232650155808,-0.2392972215606323,0.2517188866240425,0.5400533323851768,0.5400483854829453,-0.3943941779799538,0.7516283835227737,-1.1136597686038183,-1.1149115915215182,-0.1956449809251087,-0.5883172459151056,0.0191621113926725,0,0,0.2757668046040144
1.0834205935518215,-0.0584356143631209,-0.7904807747785566,0.5917194269546554,1.391585305859962,-0.7904197960249194,-0.7904794415036949,-0.785889850843727,-0.3704877613791529,-0.8208292056470788,-1.7763568394002505e-15,0.2277532223788441,0.211263334664308,-1.5368606358637529,0.2130541415089636,0.7285499749281595,0.7285602291772039,0.7403463087752212,0.7516283835227737,1.3401071409075622,1.338618397854043,-1.5054698056275038,0.5995292830220085,-0.2277532223788487,0,0,0.08805226139156146
-0.072721326789467,1.6562244315031018,1.633497446772424,-0.9555132073365484,1.426777867459897,1.6437672533852394,1.6342734647199548,1.642561862703666,0.9024927645772792,1.5820287775372746,-1.7763568394002505e-15,0.6968923565447378,0.1799567144301261,1.5715246099557223,0.1874133105379105,-0.6434118875458662,-0.643401706208056,0.3362915938751906,-1.3304447010278462,0.104515224226335,0.1057953044270631,1.6311840462650022,0.2464320464259834,-0.6968923565447394,0,0,0.20794837102567384
-0.072721326789467,-1.430163651056099,1.7639806922903345,-0.4136553649476454,-0.1285953452117293,1.774637524858906,1.7651482535740284,1.7802215655920213,1.291861917564829,1.711214690611704,-1.7763568394002505e-15,-0.261139138488769,-2.0271600120797437,1.361992147497885,-2.031536061750644,1.126253838066527,1.126243858605922,-0.0774410782679543,-1.3304447010278462,0.6648858176956555,0.666169437802963,1.4207173889061773,1.8627946391932249,0.2611391384887635,1,1,0.5675460807241968
1.5169738136798052,-1.430163651056099,-0.7904807747785566,-1.2536438274461048,0.6525415122613316,-0.7904197960249194,-0.7904794415036949,-0.785889850843727,-1.3165767061741167,-0.8208292056470788,-1.7763568394002505e-15,-0.2562008318133336,1.0565420809872357,-1.3811530261473783,1.0579805716026975,0.7854660867396608,0.7854560891683048,0.4064567838877705,0.7516283835227737,1.048058142419272,1.0478296583724946,-1.3495735683905252,-0.3072107080425417,0.256200831813333,0,0,0.1537301366183246
-1.6624164672587392,0.2844963948101236,-0.7904807747785566,-1.5822403503405804,0.4848593069910548,-0.7904197960249194,-0.7904794415036949,-0.785889850843727,-1.4850430159194468,-0.8208292056470788,-1.7763568394002505e-15,0.5981262230361292,0.4773696066548595,-0.1085797220456512,0.4731254270724974,0.9159832381579386,0.9159884386566088,-0.7210252349350684,0.7516283835227737,-1.3597684751950738,-1.3602645904590744,-0.0642717472984412,-0.9499848037877332,-0.5981262230361307,0,0,0.04208562482619486
1.372456073637144,-1.3158529813316842,-0.7904807747785566,-1.0556154593441365,0.2060790151013757,-0.7904197960249194,-0.7904794415036949,-0.785889850843727,-1.2150506519567326,-0.8208292056470788,-1.7763568394002505e-15,0.0302209553616269,0.0077703031421202,-1.6329764443306507,0.0087414883745441,-0.00378923065354,-0.0037942064576206,0.7645412018830079,0.7516283835227737,1.5231110509369574,1.5233904093996096,-1.6031575947345131,0.8394982787668798,-0.0302209553616317,0,0,0.0983494051008814
-0.2172390668321281,1.4276030920542722,1.414254184092781,0.9681909399397172,0.0632386180192876,1.4082007647326438,1.415355636091323,1.4129133921897277,1.7013131472107628,1.349494134003305,-1.7763568394002505e-15,-0.2512625251379037,0.0077703031421202,1.1178579939919648,0.0042645178875349,-0.6918462834068093,-0.6918512957768396,0.1040206200404424,-1.3304447010278462,0.4419996762391646,0.4420197844526031,1.1727925172414917,0.0424584000428424,0.2512625251379026,0,0,0.13480882968128596
-0.9398277670454336,-0.0584356143631209,-0.7904807747785566,-1.3733313026725695,-1.3589549007545458,-0.7904197960249194,-0.7904794415036949,-0.785889850843727,-1.3779386070747337,-0.8208292056470788,-1.7763568394002505e-15,0.1734318489491099,-2.08977325254811,-0.2835104934554053,-2.0909576700327657,-2.3170949708640443,-2.317100069605927,-0.6968303418272819,0.7516283835227737,-1.0298565987696675,-1.030098209172733,-0.240379251247215,1.3280065915332258,-0.1734318489491141,1,1,0.8181265025723062
-1.6624164672587392,-1.0872316418828545,-0.7904807747785566,1.7298385095626727,0.9823855209822888,-0.7904197960249194,-0.7904794415036949,-0.785889850843727,0.2130081326394398,-0.8208292056470788,-1.7763568394002505e-15,-0.1722496183310201,-1.745400429972101,-0.2027732143432112,-1.7454169478990564,0.5356479038019036,0.5356429566655497,-0.362940816939832,0.7516283835227737,-1.1825702064493695,-1.1815506776527065,-0.1588604755096418,1.0794672745117515,0.1722496183310157,1,0,0.34922629187499665
1.0834205935518215,1.6562244315031018,-0.7904807747785566,-0.5050530733024005,-1.3465339966604513,-0.7904197960249194,-0.7904794415036949,-0.785889850843727,-0.9327859078138956,-0.8208292056470788,-1.7763568394002505e-15,-0.1228665515767158,1.244381802392332,-1.38884229082473,1.24926931059309,0.8842084515371935,0.8841984592133796,0.4258126983739991,0.7516283835227737,1.059921844172902,1.0599458558508923,-1.355906431960221,-0.4580483625107471,0.1228665515767114,0,0,0.2558907620648145
-1.6624164672587392,-0.6299889629851951,-0.7904807747785566,0.4502705925961068,-1.421749471452469,-0.7904197960249194,-0.7904794415036949,-0.785889850843727,-0.4430063715344271,-0.8208292056470788,-1.7763568394002505e-15,0.0499741820633519,-1.9958533918455617,-0.0874342441829337,-1.9896153380995576,0.78647882894271,0.7864688314251773,-0.9097454011758006,0.7516283835227737,-1.39864102987718,-1.3996422322638673,-0.0435215134743317,1.0571844391925846,-0.0499741820633534,1,0,0.4668045812034644
0.9389028535091608,0.9703604131566128,-0.7904807747785566,-0.228683812324928,0.5952673433830066,-0.7904197960249194,-0.7904794415036949,-0.785889850843727,-0.7910957002797443,-0.8208292056470788,-1.7763568394002505e-15,0.5388665429309597,-2.0115067019626527,-1.4157547171954614,-2.018512147606617,-2.256735535562168,-2.256730503673754,0.4524270807925655,0.7516283835227737,1.1114153581673798,1.1114396951340837,-1.383393754688262,2.320449795363801,-0.5388665429309656,1,1,0.5318993150236079
-1.373380987173417,-0.6299889629851951,-0.7904807747785566,-1.6605812432160842,-0.5488359337285974,-0.7904197960249194,-0.7904794415036949,-0.785889850843727,-1.525207169236214,-0.8208292056470788,-1.7763568394002505e-15,-0.0734834848224115,0.1173434739617595,-0.1047350897069753,0.1227007371347782,0.9041847914923842,0.9041697365189064,-0.8807115294464577,0.7516283835227737,-1.367845889154992,-1.3693517385678726,-0.059960010399925,-0.7031595510215801,0.0734834848224071,0,0,0.048739986971955064
-0.5062745469174503,-1.6587849905049288,0.4203304531386977,1.366423812056862,-0.6516534176186024,0.4135867015327962,0.4207072408003656,0.3966380480280458,1.0586866941424855,0.3676811946376577,-1.7763568394002505e-15,0.0499741820633519,0.2582232650155808,0.8314328847606093,0.2659637927190721,1.193069504912859,1.1930645927143733,-0.2008350331176637,-1.3304447010278462,-0.9069284550671636,-0.9059071850191556,0.8841756285970591,-0.4477639769788236,-0.0499741820633534,0,0,0.18361696667169658
-0.3617568068747892,1.1989817526054425,1.04426809073357,1.381656763449321,-0.046479368145215,1.0417640046063816,1.0441471440688606,1.0298209295464764,1.5986714220679128,0.9877735773949065,-1.7763568394002505e-15,0.0351592620370568,-0.0861495575604254,1.202439905442835,-0.0807979213656397,-0.219908416784755,-0.2199032766516566,-0.2201909476038931,-1.3304447010278462,-0.416225557002137,-0.4152011871440434,1.2588925134337383,0.0767396851492525,-0.035159262037062,0,0,0.13325059281035256
1.372456073637144,0.0558750553612939,-0.7904807747785566,0.3392876610224766,-1.2030035493509137,-0.7904197960249194,-0.7904794415036949,-0.785889850843727,-0.4999055887331807,-0.8208292056470788,-1.7763568394002505e-15,0.3462725825891778,0.3834497459523111,-1.394609239332744,0.382772022698312,-0.3522485041685251,-0.3522585622023318,0.8468038384494802,0.7516283835227737,1.072542803485274,1.0720620533292904,-1.3626435208641523,0.3955556366388674,-0.3462725825891791,0,0,0.07397754731104351
1.227938333594483,-1.2015423116072694,-0.7904807747785566,0.3654012919809773,-1.0622333029511746,-0.7904197960249194,-0.7904794415036949,-0.785889850843727,-0.4865175376275918,-0.8208292056470788,-1.7763568394002505e-15,-5.466114374392435,-1.6045206389182798,-1.3388620704219432,-1.6021538923147622,0.6208701601886946,0.6208753450039444,0.4983973776973588,0.7516283835227737,0.9680412603788332,0.9690743747629088,-1.306860424739598,1.9330712736613664,5.466114374392432,1,1,0.6323057936583097
1.372456073637144,-1.544474320780514,-0.7904807747785566,-1.2558199633593137,0.645641009986835,-0.7904197960249194,-0.7904794415036949,-0.785889850843727,-1.3176923770995828,-0.8208292056470788,-1.7763568394002505e-15,-3.5500513843254327,-0.0235363170920616,-1.434977878888841,-0.0201553211325152,-2.5739263935579326,-2.573931505948809,0.5637235890883807,0.7516283835227737,1.148016140173259,1.1477882875692769,-1.4029313125096636,0.6800903030220723,3.5500513843254278,1,1,0.5018655679819238
-0.3617568068747892,-0.1727462840875357,1.0380907495214882,0.9877761631585924,-1.21197420230776,1.0417640046063816,1.0370085192222749,1.0234813379660914,1.392272300856748,0.9877735773949065,-1.7763568394002505e-15,0.6870157431938726,-0.6183621015415313,1.2139738024588629,-0.6155923959047375,-0.5572275260661731,-0.5572173401482011,-0.1524452469020914,-1.3304447010278462,-0.4020900825722802,-0.4030849896656456,1.2698065974581076,0.554963612383675,-0.6870157431938785,0,0,0.24324725551486048
-1.0843455070880947,1.7705351012275166,-0.7904807747785566,0.2848842631922655,-0.8683291890378085,-0.7904197960249194,-0.7904794415036949,-0.785889850843727,-0.5277973618698246,-0.8208292056470788,-1.7763568394002505e-15,0.4845451695012255,0.8373957393479594,-0.2835104934554053,0.8382020204222467,-0.2322385531069112,-0.2322283499177957,-0.6944108525165029,0.7516283835227737,-1.028342083652183,-1.027069159803134,-0.2411877019156869,-1.1385318718729898,-0.4845451695012309,0,0,0.19831177017836363
-1.6624164672587392,-1.430163651056099,-0.7904807747785566,0.6417705529584505,0.1805471566857364,-0.7904197960249194,-0.7904794415036949,-0.785889850843727,-0.34482733009344,-0.8208292056470788,-1.7763568394002505e-15,-5.283397027401508,0.0390769233763048,-0.0932011926909476,0.033568324711595,-0.6258154917678431,-0.6258103732061797,-0.9218428477296938,0.7516283835227737,-1.3872821664960449,-1.3875260347854694,-0.0495848934878702,-0.646595430596003,5.283397027401507,0,0,0.2583614116461681
1.5169738136798052,0.9703604131566128,-0.7904807747785566,-0.3157292488532655,-0.408755737556308,-0.7904197960249194,-0.7904794415036949,-0.785889850843727,-0.8357225372983745,-0.8208292056470788,-1.7763568394002505e-15,-3.811781638123244,0.3521431257181292,-1.7156360396121828,0.3563171970932575,1.0619193896176746,1.0619144704493764,0.7597022232614499,0.7516283835227737,1.6806206231553604,1.6809009766187812,-1.68723646425558,0.5995292830220085,3.81178163812324,0,0,0.07666941936398101
-1.228863247130756,-0.2870569538119506,-0.7904807747785566,-0.5007008014759836,-1.4196793207701195,-0.7904197960249194,-0.7904794415036949,-0.785889850843727,-0.9305545659629644,-0.8208292056470788,-1.7763568394002505e-15,0.608002836386989,0.2895298852497627,-0.1393367807550586,0.2899766344221215,0.2705373135980666,0.2705475435065876,-0.7403811494212971,0.7516283835227737,-1.2996927088681829,-1.299683603067085,-0.096340290481156,-0.7820065067663232,-0.6080028363869916,0,0,0.11917921589246351
1.6614915537224662,-0.8586103024340248,-0.7904807747785566,1.0204182018567187,-0.8400371297123711,-0.7904197960249194,-0.7904794415036949,-0.785889850843727,-0.1507005890623984,-0.8208292056470788,-1.7763568394002505e-15,-0.1623730049801604,-1.213187885990998,-0.248908802407322,-1.2061455028729495,-0.5124896392463687,-0.5124743872395714,-0.7234447242458466,0.7516283835227737,-1.095233168007755,-1.093708245934322,-0.205481130724849,0.5532495481283548,0.1623730049801549,0,1,0.5735492655382877
0.9389028535091608,1.5419137617786869,-0.7353558570131163,-1.1861836141366433,-0.698576833085182,-0.7380716874354547,-0.7357499843465369,-0.7333618063205387,-1.2351327286151164,-0.7691548404173089,-1.7763568394002505e-15,0.3857790359926168,-0.0861495575604254,-1.2100668870763005,-0.0905658569736598,-1.7720624357367378,-1.7720624418022517,0.2443510000656022,0.7516283835227737,0.8239099050315437,0.8236800050221347,-1.1766998671156383,0.5052557489793803,-0.3857790359926223,0,0,0.21733468629915045
0.5053496333811774,-1.2015423116072694,1.0638209461802857,1.1509863566492258,0.3261477546776238,1.0679380589011187,1.0631834769930897,1.0498747396476933,1.497145367850529,1.013610760009796,-1.7763568394002505e-15,0.0944189421422263,-1.1349213354055403,0.7679964511724567,-1.1385839482508109,0.6919393442878443,0.6919394691686922,-0.6968303418272819,-1.3304447010278462,0.4467956407778659,0.4480778831918018,0.8207122511220227,0.554963612383675,-0.0944189421422272,0,0,0.3059727534809262
0.9389028535091608,1.0846710828810275,-0.6707817012071613,1.6754351117324615,-1.28097922505273,-0.659549524551253,-0.6715023607272645,-0.6716478229767932,0.2877580846456451,-0.8208292056470788,-1.7763568394002505e-15,0.1487403155719605,0.0077703031421202,-1.4715018861062623,0.0022295313025306,0.1373617138967764,0.1373719367278456,0.6556641828979691,0.7516283835227737,1.2164217396463155,1.2174564230700644,-1.3242421141117418,0.6372386966390595,-0.1487403155719618,0,0,0.1448359266062443
0.7943851134664996,-0.5156782932607803,-0.1314945783575095,1.4099465303210317,1.5268351504401028,-0.1360684386565969,-0.1313464140022709,-0.1498606220851236,0.6101869821052497,-0.1748996402749406,-1.7763568394002505e-15,-0.1376814716030055,-0.8844683735320827,-0.8813508221195098,-0.8797336546382793,1.0140673205234876,1.0140826536572856,-0.1282503537943048,0.7516283835227737,1.2951765257555177,1.2962117066796504,-0.843887675261414,0.8532107928094442,0.1376814716030028,0,0,0.17290815375501756
-0.9398277670454336,-1.430163651056099,-0.7904807747785566,-1.6127062531254988,-1.0518825495394293,-0.7904197960249194,-0.7904794415036949,-0.785889850843727,-1.5006624088759677,-0.8208292056470788,-1.7763568394002505e-15,0.4252854893960614,0.6652093280599536,-0.1105020382149892,0.6587162036248778,-0.2837618126871599,-0.2837769307926092,-0.887969997378793,0.7516283835227737,-1.3549725106563724,-1.3542064917198755,-0.0668318410819352,-1.1522443859155536,-0.4252854893960657,0,0,0.15842346575216143
1.0834205935518215,-0.4013676235363654,-0.7904807747785566,0.1260263415280489,0.8436854252648995,-0.7904197960249194,-0.7904794415036949,-0.785889850843727,-0.6092413394288252,-0.8208292056470788,-1.7763568394002505e-15,0.4549153294486462,0.2738765751326718,-1.631054128161313,0.2679987793040762,-0.3082195368908552,-0.3082144014509443,0.9629393253668552,0.7516283835227737,1.518062667212008,1.5173323106604109,-1.60046275917294,0.6766621745114314,-0.4549153294486484,0,0,0.0442840147409313
1.6614915537224662,1.3132924223298572,-0.7904807747785566,-0.4114792290344374,-0.8496978328966669,-0.7904197960249194,-0.7904794415036949,-0.785889850843727,-0.8848120580188681,-0.8208292056470788,-1.7763568394002505e-15,0.3314576625628826,-0.0391896272091525,-0.1816277364804936,-0.0409121842995577,1.265353979655668,1.2653642624325057,-0.4621398786817556,0.7516283835227737,-1.2199282460139913,-1.2209283194574994,-0.1389186923540041,-0.3963420493192082,-0.3314576625628877,0,0,0.31688686514445785
-1.517898727216078,1.5419137617786869,-0.7904807747785566,1.5666283160720391,0.135693891901506,-0.7904197960249194,-0.7904794415036949,-0.785889850843727,0.1293328132295078,-0.8208292056470788,-1.7763568394002505e-15,0.5191133162292402,1.306995042860696,-0.073978030997568,1.3066559322902078,-1.4601378371968403,-1.4601479541080713,-0.5589194511129002,0.7516283835227737,-1.4233781101294292,-1.423874627220663,-0.0303168192226256,-1.6287542488946558,-0.5191133162292438,0,0,0.23685580621446176
0.3608318933385163,0.1701857250857087,1.3966382915684974,1.560099908332414,1.639313337514405,1.4082007647326438,1.3963193031670942,1.3945415145486126,1.990271916906395,1.349494134003305,-1.7763568394002505e-15,0.3314576625628826,0.2269166447813989,1.154382001209386,0.2321830154080028,-1.3499261669497489,-1.349910959447493,-0.2419663514009007,-1.3304447010278462,0.387981970382212,0.3874968957998129,1.210115989769273,-0.2232215595318369,-0.3314576625628877,0,0,0.13233237188236655
-0.072721326789467,1.7705351012275166,1.7656035531172374,0.0607422641317954,0.8009023111630177,1.774637524858906,1.7651482535740284,1.7819034980521231,1.5361938502418309,1.711214690611704,-1.7763568394002505e-15,0.6573859031412933,0.1486500941959414,1.371603728344575,0.1507835520078357,0.2183051344756798,0.2183001704745324,0.1257960238374509,-1.3304447010278462,0.7449026997360946,0.7449247214125488,1.4294756044812882,0.0887381349364961,-0.6573859031412959,0,0,0.16535214480368246
-1.6624164672587392,-1.6587849905049288,-0.7904807747785566,-0.6160360048760307,-0.2459038838781786,-0.7904197960249194,-0.7904794415036949,-0.785889850843727,-0.9896851250126492,-0.8208292056470788,-1.7763568394002505e-15,-0.1179282449012859,1.103502011338511,-0.295044390471433,1.1076342442767992,-0.3839220165689652,-0.3839270125747368,-0.7113472776919533,0.7516283835227737,-1.0078961295661402,-1.0088948635855373,-0.2521017859400562,-1.3630742893199768,0.1179282449012811,0,0,0.19968294009109896
-1.6624164672587392,1.7705351012275166,-0.7904807747785566,-1.2558199633593137,1.1010741601036371,-0.7904197960249194,-0.7904794415036949,-0.785889850843727,-1.3176923770995828,-0.8208292056470788,-1.7763568394002505e-15,0.2968895158348735,1.1817685619239655,-0.1393367807550586,1.176416790849941,-2.958565882276936,-2.9585710151090083,-0.6169871945715868,0.7516283835227737,-1.3017120623581622,-1.3027126524366843,-0.0952623562565269,-1.4933431727243356,-0.2968895158348748,0,0,0.196859797476399
0.5053496333811774,-0.5156782932607803,0.9737521702871804,-0.75748483923458,-1.575630672173752,0.9632418417221892,0.9727608956030024,0.957368454342079,0.4417206723599202,0.910262029550256,-1.7763568394002505e-15,0.6425709831150036,0.946968910167596,0.3950671143208932,0.9440213228424637,0.7425004987751945,0.7425056900543391,-0.6556990235440449,-1.3304447010278462,1.016758163324589,1.0175391646765002,0.4434352725018493,-1.428208731022156,-0.6425709831150045,0,0,0.29190059208870917
-0.6507922869601114,-1.0872316418828545,-0.0299349008029471,0.4502705925961068,-0.4653398562071835,-0.0313722214776675,-0.0290261245345408,-0.0502384686790771,0.2051984361611794,-0.0715509098154006,-1.7763568394002505e-15,0.6968923565447378,0.9313156000505052,0.4239018568609625,0.936695371136449,0.629731654465399,0.6297368397515793,-0.7573175745967475,-1.3304447010278462,-0.9594316458066314,-0.960430073671946,0.4724047547887555,-1.4333509237881177,-0.6968923565447394,0,0,0.0771009219645996
-1.0843455070880947,0.1701857250857087,-0.7904807747785566,0.1760774675318432,0.2826745903482925,-0.7904197960249194,-0.7904794415036949,-0.785889850843727,-0.5835809081431127,-0.8208292056470788,-1.7763568394002505e-15,0.2475064490805691,0.915662289933414,-0.0816672956749199,0.9155315106524052,-2.905827332053025,-2.9058172709485164,-0.8178048073662131,0.7516283835227737,-1.4115144083757991,-1.4117584297422652,-0.0366496827923214,-1.3682164820859382,-0.2475064490805704,0,0,0.0323998034382682
0.5053496333811774,1.5419137617786869,1.0953358564317532,0.3762819715470197,-1.0125496865747965,1.0941121131958464,1.0964970596104897,1.0823489740696646,1.1256269496704312,1.0394479426246763,-1.7763568394002505e-15,-0.1376814716030055,-2.0271600120797437,0.9275486932275072,-2.0242101100446286,0.7557674216351722,0.7557523587742325,-0.2274494155362284,-1.3304447010278462,0.19084258592296,0.190608686775848,0.9807854834794392,1.5354083664270075,0.1376814716030028,1,1,0.7411052794540051
-0.3617568068747892,-1.430163651056099,-0.5617620988837715,-1.1796552063970178,1.3929654063148609,-0.5548533073723237,-0.5620434464129487,-0.567238631030456,-1.083401482751773,0.9360992121651364,-1.7763568394002505e-15,-0.1722496183310201,0.414756366186493,1.190906008426807,0.4104478402543685,-0.5609240351073118,-0.5609341042309235,-0.1161529072404124,-1.3304447010278462,-0.4937182471801016,-0.4939564707536293,-0.3074806567303745,-0.5728906676172211,0.1722496183310157,0,0,0.4757474606282491
0.7943851134664996,-0.9729209721584398,-0.0378136283658139,-0.3788371903363102,-1.0339412436257367,-0.0313722214776675,-0.0385442909966552,-0.0580012338795482,-0.2254505410686036,-0.0715509098154006,-1.7763568394002505e-15,-0.1623730049801604,0.5399828471232233,-0.9178748293369308,0.5386519951096319,-0.0701491635084982,-0.0701490791279109,0.2637069145518325,0.7516283835227737,1.538003782925556,1.538535656247607,-0.8817501149015101,-0.2060809169786315,0.1623730049801549,0,0,0.18380052818139545
1.0834205935518215,1.4276030920542722,-0.7904807747785566,-1.0664961389101788,-0.2762660938859653,-0.7904197960249194,-0.7904794415036949,-0.785889850843727,-1.2206290065840617,-0.8208292056470788,-1.7763568394002505e-15,-0.0191621113926773,-2.058466632313928,-1.7348592013055624,-2.0657238363787136,0.4993664143775768,0.4993564016018059,1.178273874026153,0.7516283835227737,1.7136875365537754,1.7142205196843752,-1.704887637183881,2.769534630257775,0.0191621113926725,1,0,0.23539064513151484
1.0834205935518215,-1.2015423116072694,-0.7904807747785566,-0.6095075971364059,-1.3003006314213217,-0.7904197960249194,-0.7904794415036949,-0.785889850843727,-0.9863381122362522,-0.8208292056470788,-1.7763568394002505e-15,-3.5451130776500026,0.1643034043130324,-1.394609239332744,0.1699124259068749,0.8550921131994573,0.8550922467508619,0.5346897173590378,0.7516283835227737,1.0733000610440162,1.0720620533292904,-1.3630477461983883,0.4864010421708547,3.5451130776499973,0,0,0.1685582069532534
1.372456073637144,1.4276030920542722,-0.7904807747785566,-1.2993426816234823,-0.2114013725056936,-0.7904197960249194,-0.7904794415036949,-0.785889850843727,-1.3400057956088978,-0.8208292056470788,-1.7763568394002505e-15,-0.0092854980418175,1.0408887708701444,-1.2965711146965082,1.0355957191676517,1.0090036095082269,1.0089885601052169,0.7040539691135422,0.7516283835227737,0.8855001864759193,0.8842609924141241,-1.262799863307885,-0.2592169088935678,0.0092854980418116,0,0,0.13288573904468973
0.6498673734238385,-1.2015423116072694,0.5711518093421485,0.4894410390338587,1.6482839904712503,0.5706310273011902,0.5706183625786678,0.548270728277249,0.7373734676083464,0.5227042903269675,-1.7763568394002505e-15,-0.261139138488769,-1.24449450622518,0.2605049824672363,-1.2501012131090397,-1.740135737785537,-1.7401509332881977,-1.1831476932937857,-1.3304447010278462,0.4427569337979069,0.4420197844526031,0.3074808184205082,0.1847257332344445,0.2611391384887635,1,1,0.6922732111179232
0.9389028535091608,0.6274284039833682,-0.7242052326218165,0.7853955232302071,1.2929081233346542,-0.7118976331407177,-0.7238522762688938,-0.7227526938798948,-0.2142938318139467,-0.7433176578024193,-1.7763568394002505e-15,0.6573859031412933,-0.1487627980287919,-1.4926473639689797,-0.1503944625727826,0.0842940224568731,0.0843042424677237,0.4838804418326865,0.7516283835227737,1.3792321147759152,1.3779960396588355,-1.461948211308105,0.8052169936604697,-0.6573859031412959,0,0,0.1111226502034079
0.6498673734238385,1.3132924223298572,0.5642153880658701,1.2010374826530208,-1.236125960268499,0.5706310273011902,0.5634797377320822,0.541154860176817,1.096619505608321,0.5227042903269675,-1.7763568394002505e-15,-0.2364476051116141,0.5243295370061324,-0.0355317076108089,0.5227790997465993,1.0184474305516835,1.0184577002069748,-0.5371440473158926,0.7516283835227737,0.9894968912098654,0.9902777203501052,0.0092972635324925,-0.987694217404785,0.2364476051116112,0,0,0.3299658557761374
-0.3617568068747892,-0.2870569538119506,0.993331200908524,-1.062143867083762,0.8512759777668462,0.989415896016917,0.9941767701427598,0.977551643863304,0.3022618066767003,0.9360992121651364,-1.7763568394002505e-15,-0.2166943784098945,0.5399828471232233,1.190906008426807,0.5443499575476436,0.1789094627769702,0.1789146241047581,-0.0774410782679543,-1.3304447010278462,-0.5096206559136904,-0.5091017176016266,1.2467657534066616,-0.4169108203830545,0.2166943784098895,0,0,0.10565779071557153
-1.6624164672587392,1.1989817526054425,-0.7904807747785566,0.8289182414943767,-1.5314674576169711,-0.7904197960249194,-0.7904794415036949,-0.785889850843727,-0.2488796305033847,-0.8208292056470788,-1.7763568394002505e-15,-0.0882984048487011,-2.0115067019626527,-0.1758607879724797,-2.010779198583601,0.8790941034117822,0.8790942382387419,-0.6339236197470373,0.7516283835227737,-1.2338113012576004,-1.2330445169358972,-0.1315078945596793,1.20973615791611,0.0882984048486985,1,1,0.5082551408759358
-1.517898727216078,0.3988070645345384,-0.7904807747785566,0.9812477554189668,-0.1223848931646822,-0.7904197960249194,-0.7904794415036949,-0.785889850843727,-0.170782665720782,-0.8208292056470788,-1.7763568394002505e-15,0.1684935422736801,-0.5714021711902556,-0.0489879207961746,-0.5773346481066587,0.7638187221494299,0.7638239145615067,-0.6847328952733885,0.7516283835227737,-1.4728522706339278,-1.4723394171342543,-0.0039074307192135,-0.0946667403827986,-0.1684935422736836,0,0,0.04188346413002594
1.0834205935518215,0.9703604131566128,-0.7904807747785566,0.8006284746226663,-1.6943193112951005,-0.7904197960249194,-0.7904794415036949,-0.785889850843727,-0.2633833525344399,-0.8208292056470788,-1.7763568394002505e-15,0.5289899295800999,-1.651480569269553,-1.4542010405822208,-1.6583195220608775,0.0682673770935817,0.0682624051188622,0.5104948242512513,0.7516283835227737,1.185879018110375,1.18716592937407,-1.4231425792214587,2.058197964299763,-0.5289899295801047,1,0,0.34277338036662236
-1.228863247130756,1.0846710828810275,-0.7904807747785566,-0.30920084111364,1.3950355569972102,-0.7904197960249194,-0.7904794415036949,-0.785889850843727,-0.832375524521977,-0.8208292056470788,-1.7763568394002505e-15,-0.0882984048487011,0.7278225685283201,-0.254675750915336,0.7254637636130149,0.7094851029557132,0.7094801650577252,4.374419253564714,0.7516283835227737,-1.0818549511366404,-1.081592048455924,-0.2126224449630166,0.3749868655750217,0.0882984048486985,1,1,1.2066653001788827
-0.2172390668321281,-1.2015423116072694,1.5259960045774272,0.4524467285093148,-0.8876505954064002,1.5128969819115732,1.5248145504056392,1.5297430084568189,1.5328468374654334,1.452842864462845,-1.7763568394002505e-15,-0.1278048582521457,0.0390769233763048,1.192828324596145,0.0368243032476016,0.3350743104875289,0.3350693526919386,-0.2226104369146713,-1.3304447010278462,0.5283270379357897,0.5268331668013877,1.2497300725243916,-0.0278182344252985,0.127804858252142,0,0,0.11674243703922471
0.9389028535091608,-1.6587849905049288,-0.7046785523497278,-1.308047225276316,1.0562208953194072,-0.7118976331407177,-0.7048159433446651,-0.7041220573987641,-1.2719498691554865,-0.7433176578024193,-1.7763568394002505e-15,-2.2660916487135205,-0.0548429373262435,-1.123562659456092,-0.0474241413715712,1.080705757484283,1.0807210941595005,0.2903212969703972,0.7516283835227737,0.7148648165726491,0.7146342277165544,-1.093429448263043,0.4281228574899574,2.266091648713517,0,0,0.20591431979391953
1.372456073637144,-0.9729209721584398,-0.7904807747785566,-1.7149846410462952,0.7905515577512718,-0.7904197960249194,-0.7904794415036949,-0.785889850843727,-1.553098942372858,-0.8208292056470788,-1.7763568394002505e-15,0.3018278225103034,-0.3522558295509769,-1.5061035771543454,-0.351858134488196,0.545344910396121,0.5453551549089577,0.8371258812063659,0.7516283835227737,1.2825555664431456,1.2810664598316528,-1.4747486802255754,1.0828954030223927,-0.3018278225103051,0,0,0.09647224359663038
-0.2172390668321281,1.1989817526054425,1.3823989965711565,-1.438615380068823,-1.2795991245978304,1.3820267104379067,1.3820420534739228,1.3796628812477096,0.4406050014344547,1.3236569513884158,-1.7763568394002505e-15,0.464791942799506,0.5399828471232233,1.237041596490918,0.5358030138906258,-0.0716682768130757,-0.0716681925132197,-0.1137334179296333,-1.3304447010278462,0.2140651510577247,0.2148410817326437,1.2941948592903405,-0.3894857922979263,-0.4647919427995092,0,0,0.1086081908613213
1.5169738136798052,0.9703604131566128,-0.7904807747785566,0.2587706322337639,-0.3528616691328821,-0.7904197960249194,-0.7904794415036949,-0.785889850843727,-0.5411854129754139,-0.8208292056470788,-1.7763568394002505e-15,0.1487403155719605,0.0860368537275777,-1.4061431363487715,0.0872919705557053,0.3461891561660224,0.3461791352498308,0.7645412018830079,0.7516283835227737,1.0937460151300586,1.0932653989164869,-1.3739618302227574,0.6286683753624569,-0.1487403155719618,0,0,0.057652279682170626
0.9389028535091608,1.6562244315031018,-0.7904807747785566,0.9594863962868836,-0.4653398562071835,-0.7904197960249194,-0.7904794415036949,-0.785889850843727,-0.181939374975439,-0.8208292056470788,-1.7763568394002505e-15,0.1684935422736801,1.1661152518068747,-1.4638126214289102,1.165834860607919,0.4060675389214473,0.4060524574761366,0.5685625677099387,0.7516283835227737,1.2010241692852217,1.2023111762220668,-1.4312270859061766,-0.2986403867659396,-0.1684935422736836,0,0,0.186871365880343
-1.517898727216078,1.4276030920542722,-0.7904807747785566,0.1347308851808825,1.5316655020322512,-0.7904197960249194,-0.7904794415036949,-0.785889850843727,-0.6047786557269622,-0.8208292056470788,-1.7763568394002505e-15,0.464791942799506,0.5869427774744989,-0.1047350897069753,0.580572718760718,-2.273496419022671,-2.2734913880249947,-0.5250466007619994,0.7516283835227737,-1.3665837932237548,-1.3663226891982732,-0.0606337192903181,-0.987694217404785,-0.4647919427995092,0,0,0.1682212705461058
1.0834205935518215,-0.9729209721584398,-0.7904807747785566,-1.07955295438943,-0.517093623265911,-0.7904197960249194,-0.7904794415036949,-0.785889850843727,-1.2273230321368562,-0.8208292056470788,-1.7763568394002505e-15,0.2030616890016947,-0.0861495575604254,-1.2312123649390176,-0.0832399052676445,0.4593124602468869,0.4593125727650648,0.2080586604039232,0.7516283835227737,0.7630768811459103,0.7630990176301458,-1.1974501009397478,0.5018276204687393,-0.2030616890016967,0,0,0.09377510743734241
0.6498673734238385,1.3132924223298572,0.5996565745114574,-1.02297342064601,-0.5736777419167866,0.5968050815959273,0.5991728619650112,0.5769929595189923,-0.0134730652301095,0.5485414729418572,-1.7763568394002505e-15,0.1388637022210953,1.0721953911043265,0.4239018568609625,1.07385346696573,-0.4531176275924685,-0.4531175635642704,-0.7887709356368694,-1.3304447010278462,0.2092691865190234,0.2087829829934449,0.4724047547887555,-1.5567635501711945,-0.138863702221101,0,0,0.1507326222472968
1.227938333594483,-0.74429963270961,-0.7904807747785566,1.6362646652947097,1.18871053898975,-0.7904197960249194,-0.7904794415036949,-0.785889850843727,0.1650342828444121,-0.8208292056470788,-1.7763568394002505e-15,0.3512108892646077,-0.0861495575604254,-1.7617716276762938,-0.0905658569736598,-0.0681236791023961,-0.0681134671915968,0.7717996698153423,0.7516283835227737,1.7661907272932436,1.765714358967566,-1.7329139270242369,1.00747657578829,-0.3512108892646094,0,0,0.09440254718964151
-1.517898727216078,-0.2870569538119506,-0.7904807747785566,1.166219308041685,0.0632386180192876,-0.7904197960249194,-0.7904794415036949,-0.785889850843727,-0.0759506370561923,-0.8208292056470788,-1.7763568394002505e-15,0.2277532223788441,0.6495560179428627,-0.2373749053912943,0.6562742197228734,-1.5286751657883595,-1.5286802226306375,-0.5081101755865489,0.7516283835227737,-1.11744605639753,-1.1179406408911177,-0.1936238542539292,-0.9619832535749768,-0.2277532223788487,0,0,0.023447187307115803
-1.6624164672587392,0.5131177342589534,-0.7904807747785566,-0.685672354098701,-1.648085946055971,-0.7904197960249194,-0.7904794415036949,-0.785889850843727,-1.0253865946275535,-0.8208292056470788,-1.7763568394002505e-15,0.4154088760452016,0.3051831953668564,-0.2854328096247432,0.305035535151152,0.8903608604207313,0.8903761869803021,-0.4500424321278623,0.7516283835227737,-1.023798538299729,-1.0240401104335344,-0.2436130539211022,-0.6174563382555546,-0.4154088760452049,0,0,0.1552840442945592
0.0717964132531941,0.5131177342589534,1.789920290346152,0.3284069814564342,0.5511041288262257,1.8008115791536337,1.7889436697293142,1.807650002633686,1.6935034507325024,1.7370518732265845,-1.7763568394002505e-15,-0.1426197782784354,-1.8862802210259224,1.3004780300790706,-1.879319065192331,0.6609494328744652,0.6609394286858229,0.0604698124464272,-1.3304447010278462,0.8451131166763288,0.8448833506093311,1.3587361709900057,1.7342398200441864,0.1426197782784332,1,0,0.4534383455551089
-1.228863247130756,0.8560497434321979,-0.7904807747785566,-1.005564333340342,-1.3672355034839423,-0.7904197960249194,-0.7904794415036949,-0.785889850843727,-1.18939022067102,-0.8208292056470788,-1.7763568394002505e-15,0.3018278225103034,0.4930229167719505,-0.1124243543843272,0.4983592607265488,0.7924033708305644,0.7924136284730191,-0.4887542611003203,0.7516283835227737,-1.3514386420489082,-1.3511774423502758,-0.0687182259750361,-0.9037050688940796,-0.3018278225103051,0,0,0.12936234172292035
-0.072721326789467,0.741739073707783,1.6582068116207505,-0.5355189760873188,0.2592128826150024,1.6699413076799765,1.6580688808752408,1.6685671261252446,1.13901500077602,1.607865960152164,-1.7763568394002505e-15,0.0400975687124867,0.414756366186493,1.2543424420149596,0.4214367678133909,-0.1588147433856674,-0.1588146637171039,-0.1209918858619695,-1.3304447010278462,0.690884993879142,0.6904018327597587,1.310902839772091,-0.2849278727233752,-0.0400975687124926,0,0,0.036413459559546134
1.6614915537224662,0.3988070645345384,-0.7904807747785566,-1.0447347797780948,-0.4646498059797334,-0.7904197960249194,-0.7904794415036949,-0.785889850843727,-1.209472297329404,-0.8208292056470788,-1.7763568394002505e-15,0.7018306632201677,0.414756366186493,-0.2258410083752665,0.4120758295223721,-0.1920326876457586,-0.1920326097425237,-0.3411654131428244,0.7516283835227737,-1.1361250761798407,-1.1361149371087145,-0.1836529626761104,-0.7151580008088237,-0.7018306632201696,0,0,0.16162266125988056
1.0834205935518215,0.2844963948101236,-0.7904807747785566,0.4829126312942332,0.5034906631321965,-0.7904197960249194,-0.7904794415036949,-0.785889850843727,-0.4262713076524409,-0.8208292056470788,-1.7763568394002505e-15,0.5042983962029505,-0.8844683735320827,-1.584918540097202,-0.8878736009782963,-0.4045819575112168,-0.4045768271923682,0.9024520925973896,0.7516283835227737,1.432744982260373,1.4325189283116255,-1.5549200381823622,1.6039709366398278,-0.5042983962029527,0,0,0.06872332164698457
0.6498673734238385,-1.544474320780514,0.5735599254078751,0.18042973935826,0.1122321841682164,0.5706310273011902,0.5729979041941966,0.5505995578373902,0.5811795380431402,0.5227042903269675,-1.7763568394002505e-15,0.6475092897904335,1.103502011338511,0.1509329608149728,1.1064132523257968,0.5717774818957677,0.5717877278133315,-1.0549147598225184,0.7516283835227737,0.6999720845840499,0.6994889808685569,0.1982052363987365,-1.7453106182564506,-0.6475092897904351,0,0,0.254952282907672
0.6498673734238385,-1.544474320780514,0.5984786916532213,-0.1873372299739673,0.1011913805290209,0.5968050815959273,0.5991728619650112,0.5758285447389215,0.4138288992232762,0.5485414729418572,-1.7763568394002505e-15,-2.127819061801468,0.6652093280599536,0.1778453871857042,0.6697051311839008,0.9721651118722248,0.97216525164533,-0.8153853180554341,0.7516283835227737,0.6557987269907476,0.6570822896941648,0.1677535945529654,-1.2910835905965157,2.1278190618014645,0,0,0.28514866218421947
1.5169738136798052,0.1701857250857087,-0.7904807747785566,0.5286114854716107,0.2640432342071503,-0.7904197960249194,-0.7904794415036949,-0.785889850843727,-0.4028422182176598,-0.8208292056470788,-1.7763568394002505e-15,0.4351621027469212,-1.3540676770448192,-1.3234835410672394,-1.348594563823242,0.026263894222014,0.0262639837263568,0.5032363563189152,0.7516283835227737,0.9372461196566452,0.935754831697315,-1.290421927814005,1.7102429204696992,-0.4351621027469266,1,0,0.20557259086404014
1.0834205935518215,-0.9729209721584398,-0.7904807747785566,0.5003217185999019,-1.1622905859313817,-0.7904197960249194,-0.7904794415036949,-0.785889850843727,-0.4173459402487142,-0.8208292056470788,-1.7763568394002505e-15,-0.0685451781469816,0.3521431257181292,-1.575306959250512,0.3506192346552458,0.2288123348323401,0.2288124351008693,0.8347063918955877,0.7516283835227737,1.414065962478062,1.4143446320940294,-1.544949146604543,0.5343948413198293,0.0685451781469768,0,0,0.11081527517545013
-0.9398277670454336,1.3132924223298572,-0.7904807747785566,-0.1264054244041306,-1.298920530966422,-0.7904197960249194,-0.7904794415036949,-0.785889850843727,-0.7386591667828533,-0.8208292056470788,-1.7763568394002505e-15,0.5388665429309597,-1.9019335311430128,-0.1335698322470447,-1.8964129525063664,0.3265166388717429,0.3265015531987967,-0.8855505080680148,0.7516283835227737,-1.311303991435565,-1.311799800545483,-0.0901421686895388,1.0143328328095718,-0.5388665429309656,1,1,0.5619704761317442
1.0834205935518215,-0.1727462840875357,-0.7904807747785566,0.1564922443129673,-0.4101358380112071,-0.7904197960249194,-0.7904794415036949,-0.785889850843727,-0.5936219464723045,-0.8208292056470788,-1.7763568394002505e-15,0.0302209553616269,-1.933240151377198,-1.7713832085229837,-1.936298689572448,0.8084553347489329,0.8084453383993118,0.7476047767075574,0.7516283835227737,1.7838600703305645,1.783888655185163,-1.7423458514897412,2.562132855363994,-0.0302209553616317,1,0,0.12287127785339254
-0.5062745469174503,-1.430163651056099,0.6005203552741635,0.7396966690528296,-0.3176691075329474,0.5968050815959273,0.6015524035805397,0.5777692360390394,0.8913360553226215,0.5485414729418572,-1.7763568394002505e-15,0.5092367028783804,0.6808626381770445,0.6814922235522487,0.6733681070369085,-2.3750744619887487,-2.375069436389313,-0.0798605675787325,-1.3304447010278462,-0.2572014696662488,-0.2576906199248715,0.7328606118147537,-0.8522831412344641,-0.509236702878383,0,0,0.11957880122980619
-0.7953100270027725,-0.74429963270961,-0.7904807747785566,0.2457138167545135,1.189400589217199,-0.7904197960249194,-0.7904794415036949,-0.785889850843727,-0.5478794385282083,-0.8208292056470788,-1.7763568394002505e-15,0.4845451695012255,1.1974218720410563,-0.3584808240595855,1.1935106781639755,-0.1326100388817077,-0.1326048941092419,-0.4524619214386404,0.7516283835227737,-0.887239758539863,-0.8877328888015589,-0.316508355861643,-1.320222682936964,-0.4845451695012309,0,0,0.1359722692102225
1.5169738136798052,-1.544474320780514,-0.7904807747785566,0.0368047690865026,1.462660479287281,-0.7904197960249194,-0.7904794415036949,-0.785889850843727,-0.6549838473729214,-0.8208292056470788,-1.7763568394002505e-15,0.3215810492120229,-2.0115067019626527,-1.6156755988066092,-2.0067092254135925,-2.245899193989516,-2.2459042889477865,0.8419648598279239,0.7516283835227737,1.48827720323481,1.4870418169644155,-1.5845632293596614,2.548420341321429,-0.3215810492120268,1,1,0.5055480071653883
-0.9398277670454336,-0.2870569538119506,-0.7904807747785566,0.3697535638073941,-0.6157708057912182,-0.7904197960249194,-0.7904794415036949,-0.785889850843727,-0.4842861957766604,-0.8208292056470788,-1.7763568394002505e-15,-0.2117560717344647,1.1348086315726928,-0.2431418538993082,1.1296120993948446,1.2239328235508562,1.2239329767038494,-0.5540804724913431,0.7516283835227737,-1.1063396122026423,-1.1058244434127198,-0.1995524924893891,-1.3699305463412588,0.2117560717344592,0,0,0.12094625006740072
-1.373380987173417,-0.1727462840875357,-0.7904807747785566,1.5557476365059963,-0.7903535133359927,-0.7904197960249194,-0.7904794415036949,-0.785889850843727,0.1237544586021785,-0.8208292056470788,-1.7763568394002505e-15,-0.1722496183310201,0.6965159482941382,-0.1431814130937344,0.6957529594719544,0.7249547401073256,0.7249649941653066,-0.7040888097596181,0.7516283835227737,-1.2956540018882237,-1.2966545536974858,-0.0984961589304141,-1.1128209080431823,0.1722496183310157,0,0,0.1151919356654812
1.5169738136798052,-0.0584356143631209,-0.7904807747785566,-1.2427631478800634,-0.3852940298230179,-0.7904197960249194,-0.7904794415036949,-0.785889850843727,-1.3109983515467882,-0.8208292056470788,-1.7763568394002505e-15,0.7117072765710275,-1.3384143669277282,-1.4195993495341372,-1.335977646996216,1.172915935072132,1.1729008943800403,0.8274479239632516,0.7516283835227737,1.118230676196061,1.1174977938732824,-1.3870317826963852,1.8525102536613025,-0.7117072765710305,0,0,0.08237529596588274
-0.072721326789467,1.1989817526054425,1.8115933349376925,-0.9511609355101308,0.9437427082451064,1.8008115791536337,1.8127390858846,1.830550159975076,1.0564553522915536,1.7370518732265845,-1.7763568394002505e-15,0.4499770227732163,-0.8531617532978981,1.6157378818504953,-0.8463598746442109,-3.0451806591929262,-3.0451807329167497,0.3604864869829772,-1.3304447010278462,0.3559247337287871,0.3572064021038182,1.6752446076967156,1.1514579732352128,-0.449977022773218,1,0,0.28369248276827647
-0.3617568068747892,0.0558750553612939,0.9580994158599564,-0.098115657532421,0.65668181362603,0.9632418417221892,0.9584836459098306,0.9413254062611052,0.7663809116704567,0.910262029550256,-1.7763568394002505e-15,0.7166455832464573,0.3051831953668564,1.0524992442344745,0.2977095834451373,0.272613435114323,0.2726034102880391,-0.1427672896589771,-1.3304447010278462,-0.2531627626862898,-0.2546615705552721,1.1078469802075903,-0.3157810293191443,-0.7166455832464611,0,0,0.05086318538001183
-0.9398277670454336,-1.544474320780514,-0.7904807747785566,-0.79883142158554,0.849205827084497,-0.7904197960249194,-0.7904794415036949,-0.785889850843727,-1.083401482751773,-0.8208292056470788,-1.7763568394002505e-15,0.6228177564132786,0.1643034043130324,-0.2835104934554053,0.1629934715178607,0.2549664022261457,0.2549816950184564,-0.624245662503923,0.7516283835227737,-1.0270799877209458,-1.027069159803134,-0.24186141080608,-0.5488937680427338,-0.6228177564132827,0,0,0.14966009988173462
1.6614915537224662,1.5419137617786869,-0.7904807747785566,0.2870603991054735,0.2419616269287599,-0.7904197960249194,-0.7904794415036949,-0.785889850843727,-0.5266816909443591,-0.8208292056470788,-1.7763568394002505e-15,0.6475092897904335,1.1817685619239655,-0.1412590969243965,1.1813007586539506,0.2672205828830705,0.2672156214814769,-0.4573009000601984,0.7516283835227737,-1.2966636786332133,-1.2966545536974858,-0.0979571918180996,-1.450491566341323,-0.6475092897904351,0,0,0.2631504542922281
0.0717964132531941,1.5419137617786869,1.7836644236101875,0.733168261313204,-1.428649973726966,1.774637524858906,1.784184586498257,1.8010516522132851,1.8965555591672707,1.711214690611704,-1.7763568394002505e-15,0.1388637022210953,0.8843556696992323,1.636883359713213,0.888262690413349,0.5190136131167791,0.5190137288077021,0.1983807031608089,-1.3304447010278462,0.2259288528113545,0.2269572792110416,1.6977464846358474,-0.3414919931489524,-0.138863702221101,0,0,0.24684107635699962
-0.6507922869601114,-1.6587849905049288,-0.1696056326150979,-1.2841097302310231,0.4344856403872264,-0.1622424929513339,-0.1694190798507286,-0.1871218950473851,-0.8022524095344017,-0.2007368228898301,-1.7763568394002505e-15,0.2425681424051393,-1.7140938097379192,0.2797281441606158,-1.7181481276600004,0.7851116269685918,0.785101629378399,-0.9097454011758006,-1.3304447010278462,-0.9617034184828585,-0.960430073671946,0.3283657940226964,0.6698059174901495,-0.2425681424051399,1,1,0.5971439918913232
-0.5062745469174503,-0.8586103024340248,-0.6101338215953259,-0.026303172396542,0.5448936767791791,-0.6072014159617884,-0.6096342787235208,-0.6135564633932673,-0.5344913874226195,0.5227042903269675,-1.7763568394002505e-15,0.1684935422736801,0.7747824988795929,0.9832958621383078,0.7808153987251285,-0.0658956462556805,-0.0658955616490463,-0.3556823490074958,-1.3304447010278462,-0.9104623236746276,-0.908936234388755,-0.1302952185569716,-1.0648271088942078,-0.1684935422736836,0,0,0.1784562355577052
0.3608318933385163,-0.2870569538119506,1.5759644129412569,0.8463273288000438,1.4523097258755353,1.5652450905010378,1.5747849243317396,1.582141673559999,1.7771787701424344,1.504517229692615,-1.7763568394002505e-15,0.5981262230361292,0.8373957393479594,1.4984765955208803,0.8377950231052457,0.1989870769524694,0.1989770482134035,0.3629059762937553,-1.3304447010278462,0.1168837643524598,0.117911501905461,1.5581540025463831,-0.3414919931489524,-0.5981262230361307,0,0,0.14289963598470912
1.6614915537224662,1.6562244315031018,-0.7904807747785566,-1.7084562333066695,-0.6081802532892716,-0.7904197960249194,-0.7904794415036949,-0.785889850843727,-1.5497519295964606,-0.8208292056470788,-1.7763568394002505e-15,0.4549153294486462,-0.0235363170920616,-0.1297251999083688,-0.0299232567405353,-0.5416312961391785,-0.5416211093923635,-0.8710335722033425,0.7516283835227737,-1.319886243767978,-1.3208869486542811,-0.0855609482348653,-0.5557500250640163,-0.4549153294486484,0,0,0.38239570976437287
1.227938333594483,1.1989817526054425,-0.7904807747785566,0.6374182811320329,-0.9276735085984829,-0.7904197960249194,-0.7904794415036949,-0.785889850843727,-0.3470586719443719,-0.8208292056470788,-1.7763568394002505e-15,-0.093236711524131,1.150461941689784,-1.6771897162254237,1.1438570054898738,-0.010448010638606,-0.0104377956627046,0.6556641828979691,0.7516283835227737,1.605399705653623,1.6051747423787948,-1.6470834143881474,-0.1186636399572858,0.0932367115241288,0,0,0.1836909638845273
0.5053496333811774,-1.0872316418828545,1.0146901434045348,0.1129695260487977,0.915450648919668,1.015589950311654,1.0155926446825172,0.999416765844631,0.9236905121611284,0.961936394780026,-1.7763568394002505e-15,0.0746657154405013,1.0252354607530534,0.5450077755292537,1.0290837620956383,-0.118887382030356,-0.1188822365286185,-0.8419997004739996,-1.3304447010278462,0.7729212294095605,0.7721861657389439,0.5950197728403117,-1.4556337591072843,-0.0746657154405055,0,0,0.23386183204647057
0.9389028535091608,-1.2015423116072694,-0.7904807747785566,1.666730568079628,-1.6756879551539587,-0.7904197960249194,-0.7904794415036949,-0.785889850843727,0.1806536758009329,-0.8208292056470788,-1.7763568394002505e-15,0.3759024226417571,1.2756884226265142,-1.4061431363487715,1.2789801147341513,-3.141694991143747,-3.141684942574136,1.3040873181866404,0.7516283835227737,1.094250853502554,1.0932653989164869,-1.3742313137789148,-0.2215074952765161,-0.3759024226417615,0,0,0.20689795304143266
1.227938333594483,1.4276030920542722,-0.7904807747785566,0.0433331768261274,0.8906088407314786,-0.7904197960249194,-0.7904794415036949,-0.785889850843727,-0.6516368345965243,-0.8208292056470788,-1.7763568394002505e-15,0.2376298357297039,0.8687023595821414,-1.563773062234484,0.8658778379783032,-0.6756930452681359,-0.675698056779722,0.7524437553291137,0.7516283835227737,1.390843397343298,1.3901122371372336,-1.532552903021309,0.0698834281279706,-0.2376298357297096,0,0,0.13721240575901547
-0.6507922869601114,1.4276030920542722,-0.1049006009360055,-1.3298085844084009,-0.6937464814930342,-0.1098943843618599,-0.1051714562314563,-0.1238553586635452,-0.7710136236213603,-0.149062457660051,-1.7763568394002505e-15,0.1586169289228203,1.1348086315726928,0.314329835208699,1.1296120993948446,0.0793569042169981,0.0793620602541855,-1.035558845336289,-1.3304447010278462,-0.9092002277433904,-0.908936234388755,0.3631291727669838,-1.74359655400113,-0.1586169289228227,0,0,0.2859950152503397
0.2163141532958551,1.0846710828810275,1.7190117422803508,1.0421795609888036,0.2543825310228545,1.722289416269441,1.719936962878985,1.7327393184491393,2.0003129552355863,1.659540325381934,-1.7763568394002505e-15,-1.8562121946527963,1.2287284922752413,1.3235458241111262,1.2232214823050367,-0.0469573670586162,-0.0469471540229606,0.2588679359302746,-1.3304447010278462,0.730262386933743,0.7297794745645514,1.2535028423105934,-0.888278490596195,1.856212194652791,0,0,0.325088208100311
-0.6507922869601114,0.8560497434321979,-0.2102556788115503,-1.3189279048423583,0.7146460327318052,-0.2145906015407986,-0.2098712873147149,-0.2268413769897959,-0.8558046139567581,-0.2524111881196001,-1.7763568394002505e-15,-0.0438536447698267,0.1643034043130324,0.1336321152909312,0.1625864742008596,1.1051888002430557,1.1051990745081104,-0.8032878715015417,0.7516283835227737,-0.7655737107685963,-0.7665709140175806,0.1801498381361996,-0.8677097195323488,0.0438536447698245,0,0,0.10803057119425057
-1.6624164672587392,0.0558750553612939,-0.7904807747785566,0.5677819319093627,1.3308608858443884,-0.7904197960249194,-0.7904794415036949,-0.785889850843727,-0.3827601415592762,-0.8208292056470788,-1.7763568394002505e-15,0.0351592620370568,0.2738765751326718,-0.1604822586177761,0.2675917819870751,-0.5240349003611554,-0.5240399038130558,-0.4234280497092976,0.7516283835227737,-1.2630919268623035,-1.2633350106318917,-0.1158778483025578,-0.6603079446385673,-0.035159262037062,0,0,0.06654189227198519
1.6614915537224662,0.3988070645345384,-0.7904807747785566,0.3022933504979326,1.632412835239907,-0.7904197960249194,-0.7904794415036949,-0.785889850843727,-0.5188719944660988,-0.8208292056470788,-1.7763568394002505e-15,0.2771362891331485,0.1329967840788505,-0.0585995016428644,0.1267707103047863,0.9182619081148012,0.918267108734572,-0.5637584297344573,0.7516283835227737,-1.455940185155349,-1.4571941702862572,-0.0129351298504819,-0.646595430596003,-0.2771362891331531,0,0,0.32736625979445616
0.3608318933385163,1.6562244315031018,1.3734994371978189,-0.7466041596685377,0.3606502660501088,1.3820267104379067,1.3725238870118082,1.3703475630071442,0.7875786592543059,1.3236569513884158,-1.7763568394002505e-15,0.3610875026154674,1.244381802392332,0.8871800536714101,1.2513042971780943,0.3650514796978589,0.3650566509179352,-0.2419663514009007,-1.3304447010278462,0.8504139195875253,0.8509414493485298,0.9403629500558492,-1.2533741769794635,-0.3610875026154703,0,0,0.24822741477167817
-1.228863247130756,0.741739073707783,-0.7904807747785566,-1.0534393234309285,-1.2147344032175589,-0.7904197960249194,-0.7904794415036949,-0.785889850843727,-1.2139349810312672,-0.8208292056470788,-1.7763568394002505e-15,0.1438020088965307,-2.0115067019626527,-0.2008508981738731,-2.016070163704612,1.1033152271674092,1.103305246487758,-0.8274827646093273,0.7516283835227737,-1.1848419791255969,-1.1845797270223055,-0.1576477995069342,1.1754548728097,-0.1438020088965315,1,1,0.5007841418742779
-0.2172390668321281,0.1701857250857087,1.4931199852453314,-1.403797205457488,-0.1368759479411255,1.4867229276168454,1.493880509403767,1.4953280827347295,0.5532877649064962,1.4270056818479648,-1.7763568394002505e-15,0.6129411430624189,-0.1800694182629738,1.331235088788478,-0.1768492881778368,-0.5599619300144132,-0.5599618716643258,-0.0822800568895115,-1.3304447010278462,0.269597372032162,0.2693639703854339,1.3889183292796197,0.2807133315323935,-0.6129411430624219,0,0,0.04684123736582024
-1.0843455070880947,1.6562244315031018,-0.7904807747785566,1.25761701639644,0.4068836312892389,-0.7904197960249194,-0.7904794415036949,-0.785889850843727,-0.0290924581866302,-0.8208292056470788,-1.7763568394002505e-15,0.6228177564132786,-0.7122819622440768,-0.2508311185766601,-0.7112367653999339,-0.3021684022276225,-0.3021784575999838,-0.7065082990703961,0.7516283835227737,-1.0904372034690537,-1.090679196564723,-0.208041224508343,0.1418741268514317,-0.6228177564132827,0,0,0.18372072472663895
0.5053496333811774,-0.9729209721584398,1.1062247290767784,-0.5050530733024005,-0.3487213677681837,1.0941121131958464,1.1060152260726042,1.0936049836103476,0.6849369341114558,1.0394479426246763,-1.7763568394002505e-15,0.3709641159663272,0.6495560179428627,0.8583453111313406,0.646913281431854,-2.71890043992477,-2.718895432597548,0.4112957625093285,-1.3304447010278462,0.3809142331672837,0.3814387970606139,0.9108545006566284,-0.5780328603831828,-0.3709641159663311,0,0,0.10949292670635134
0.5053496333811774,-0.4013676235363654,0.9892216984920118,0.2522422244941383,0.3344283574070196,0.989415896016917,0.9894176869117028,0.9732821230030448,0.9727800328816216,0.9360992121651364,-1.7763568394002505e-15,0.2129383023525545,0.4460629864206776,0.5277069300052122,0.4393446497614282,-1.3101000798147455,-1.3101000613298324,0.0895036841757718,-1.3304447010278462,0.7650962346358898,0.7661280669997451,0.578042308802404,-0.7065876795322211,-0.2129383023525576,0,0,0.10119645276188276
1.6614915537224662,1.0846710828810275,-0.7904807747785566,0.7222875817471625,0.5745658365595158,-0.7904197960249194,-0.7904794415036949,-0.785889850843727,-0.3035475058512072,-0.8208292056470788,-1.7763568394002505e-15,0.5191133162292402,-1.6358272591524616,-0.1777831041418177,-1.633085688406826,-0.0757192456252835,-0.0757292889632789,-0.4645593679925337,0.7516283835227737,-1.2300250134638886,-1.2300154675662978,-0.1335290212308588,0.94062806983079,-0.5191133162292438,1,1,0.7594112824091236
1.227938333594483,-1.0872316418828545,-0.7904807747785566,-1.3211040407555672,-1.2306055584489015,-0.7904197960249194,-0.7904794415036949,-0.785889850843727,-1.3511625048635556,-0.8208292056470788,-1.7763568394002505e-15,0.3610875026154674,1.0095821506359626,-1.21967846792299,1.0148388560006087,-0.2027171178879552,-0.2027271679750979,0.3024187435242897,0.7516283835227737,0.7398543160111456,0.7388666226733501,-1.1850538573565137,-0.4049123705958108,-0.3610875026154703,0,0,0.12225942264224827
1.6614915537224662,-0.6299889629851951,-0.7904807747785566,0.7092307662679113,-0.4522289018856388,-0.7904197960249194,-0.7904794415036949,-0.785889850843727,-0.310241531404002,-0.8208292056470788,-1.7763568394002505e-15,0.025282648686197,-0.4618290003706162,-0.0797449795055819,-0.4576774369084132,-2.8476959295978608,-2.8476959928266,-0.7258642135566257,0.7516283835227737,-1.413533761865779,-1.4147874791118644,-0.0355717485676923,-0.1855121459147858,-0.0252826486862012,1,0,0.3804741908700886
-1.228863247130756,-0.6299889629851951,-0.7904807747785566,-1.7323937283519633,-1.4866141928327403,-0.7904197960249194,-0.7904794415036949,-0.785889850843727,-1.5620243097765842,-0.8208292056470788,-1.7763568394002505e-15,0.109233862168516,-1.2914544365764555,-0.0643664501508783,-1.2895799528581209,1.2496564755083686,1.2496465026058432,-0.6024702587069154,0.7516283835227737,-1.4438240642154718,-1.4450779728078589,-0.0194027351982563,0.5395370340857903,-0.1092338621685184,0,0,0.33650062168513406
-0.2172390668321281,-1.3158529813316842,1.5163897154891477,-0.1285815603173394,-0.7627515042380042,1.5128969819115732,1.5152963839435245,1.519651413696206,1.2260373329623495,1.452842864462845,-1.7763568394002505e-15,0.4993600895275206,0.3677964358352201,0.973684281291618,0.3664921300182784,0.3084645091023494,0.3084646136038964,-0.3145510307242588,-1.3304447010278462,0.9829339923674322,0.9842196216109058,1.0272713969165677,-0.4734749408086317,-0.4993600895275221,0,0,0.15975783955090658
0.6498673734238385,0.6274284039833682,0.618685926465624,-1.5060755933782846,-0.521923974858059,0.6229791358906549,0.61820919488924,0.5961411136801543,-0.2444169468015218,0.5743786555567375,-1.7763568394002505e-15,0.316642742536593,-1.7923603603233766,0.0913411595654961,-1.793849628622156,1.308825938721659,1.3088210326749072,-1.120240971213541,0.7516283835227737,0.8832284137996926,0.8842609924141241,0.1371672109291156,0.717799716639124,-0.3166427425365965,1,0,0.20901248981672702
-1.0843455070880947,-1.0872316418828545,-0.7904807747785566,-1.2166495169215616,1.0624313473664548,-0.7904197960249194,-0.7904794415036949,-0.785889850843727,-1.2976103004411992,-0.8208292056470788,-1.7763568394002505e-15,-0.2364476051116141,0.399103056069402,-0.0643664501508783,0.4031218885483538,-0.6039402601819288,-0.6039351404577324,-0.9170038691081368,0.7516283835227737,-1.4448337409604617,-1.4450779728078589,-0.0188637680859418,-0.9756957676175414,0.2364476051116112,0,0,0.13292580097700338
-0.9398277670454336,-1.0872316418828545,-0.7904807747785566,0.3719296997206029,-0.1906998656822022,-0.7904197960249194,-0.7904794415036949,-0.785889850843727,-0.4831705248511944,-0.8208292056470788,-1.7763568394002505e-15,0.6722008231675829,1.0408887708701444,-0.0989681411989615,1.0355957191676517,-0.574570736293432,-0.5745757424309966,-0.8395802111632207,0.7516283835227737,-1.3764281414874049,-1.3754098373070716,-0.0553787899452514,-1.464204080383887,-0.6722008231675871,0,0,0.12343678425147846
1.372456073637144,-1.430163651056099,-0.7904807747785566,1.6536737526003769,-1.608753083091338,-0.7904197960249194,-0.7904794415036949,-0.785889850843727,0.1739596502481381,-0.8208292056470788,-1.7763568394002505e-15,-0.0685451781469816,0.4930229167719505,-1.2984934308658462,0.48899832243553,0.6504169139627277,0.6504069092143482,0.6290498004794044,0.7516283835227737,0.8890340550833836,0.890319091153323,-1.264686248200986,0.1812976047238035,0.0685451781469768,0,0,0.20888255949755527
-1.517898727216078,0.5131177342589534,-0.7904807747785566,-1.1491893036120997,0.6580619140809301,-0.7904197960249194,-0.7904794415036949,-0.785889850843727,-1.2630245017517605,-0.8208292056470788,-1.7763568394002505e-15,0.4401004094223565,0.414756366186493,-0.0951235088602855,0.4108548375713696,0.9211735419485778,0.921173679011797,-0.4984322183434346,0.7516283835227737,-1.3860200705648078,-1.3875260347854694,-0.0502586023782633,-0.8437128199578621,-0.4401004094223572,0,0,0.03892296019562358
-0.7953100270027725,-0.8586103024340248,-0.7904807747785566,0.7418728049660391,0.7532888454689886,-0.7904197960249194,-0.7904794415036949,-0.785889850843727,-0.293506467522015,-0.8208292056470788,-1.7763568394002505e-15,0.6178794497378488,-0.1018028676775191,-0.5026545367599322,-0.094635830143668,1.1886387577745088,1.188628781629271,-0.3532628596967168,0.7516283835227737,-0.6158891333238632,-0.6151184455376077,-0.4613557672961738,-0.1152355114466449,-0.6178794497378525,0,0,0.1002111358257517
-0.2172390668321281,-1.3158529813316842,1.4962871813752547,1.2815545114417328,0.7194763843239536,1.4867229276168454,1.4962600510192956,1.4985625682349262,1.9322570287821752,1.4270056818479648,-1.7763568394002505e-15,0.1438020088965307,-1.761053740089192,0.9198594285501552,-1.758033864726082,0.7959732870963212,0.7959784812172105,-0.1379283110374199,-1.3304447010278462,1.010447683668403,1.0114810659373017,0.9743178781316648,1.3314347200438663,-0.1438020088965315,1,1,0.5134619062082242
-0.072721326789467,-0.74429963270961,1.8154934359571848,1.3229010937926926,-0.3397507148113379,1.8269856334483705,1.8151186275001288,1.8346903014153275,2.2256784821796702,1.762889055841474,-1.7763568394002505e-15,0.4203471827206315,0.4617162965377686,1.4311955295940515,0.4686484565854882,-0.1795000028829961,-0.1794847331798727,0.2104781497147031,-1.3304447010278462,0.7072922409852259,0.7085761289773557,1.4903788881728306,-0.116949575701965,-0.4203471827206355,0,0,0.047949983689322455
1.227938333594483,-0.6299889629851951,-0.7904807747785566,1.3838328993625293,0.9195909502843662,-0.7904197960249194,-0.7904794415036949,-0.785889850843727,0.0356164554903836,-0.8208292056470788,-1.7763568394002505e-15,-0.2512625251379037,0.211263334664308,-1.310027327881874,0.2187521039469753,-0.5083120776587788,-0.5083120165638251,0.578240524953053,0.7516283835227737,0.9130138777768906,0.9145514861101188,-1.277486717118456,0.4041259579154701,0.2512625251379026,0,0,0.0708216948820592
-0.9398277670454336,0.2844963948101236,-0.7904807747785566,0.4611512721621484,-1.6805183067461067,-0.7904197960249194,-0.7904794415036949,-0.785889850843727,-0.4374280169070986,-0.8208292056470788,-1.7763568394002505e-15,-0.0586685647961219,-1.8706269109088316,-0.2892774419634191,-1.8724001108033168,-0.5934836969354191,-0.5934735129442386,-0.7186057456242895,0.7516283835227737,-1.0195074121335224,-1.0210110610639351,-0.245903664148439,1.14117358770329,0.0586685647961159,1,1,0.593906567933608
-0.2172390668321281,0.5131177342589534,1.4114534404076424,-1.4320869723291971,-0.8862704949515011,1.4082007647326438,1.410596552860266,1.4099376655295472,0.4684967745710987,1.349494134003305,-1.7763568394002505e-15,-0.2068177650590293,-0.4931356206048009,0.7968311937125261,-0.4967491793404934,0.3553291545485608,0.3553343252519588,-0.6774744273410525,-1.3304447010278462,1.044776692998055,1.0448006090028952,0.8502207005212434,0.0373162072768806,0.2068177650590286,0,0,0.17284298058592582
0.7943851134664996,-0.1727462840875357,-0.0913418604789788,0.4981455826866923,-1.5100759005660307,-0.0837203300671322,-0.0908942065382846,-0.1105292784027363,0.1773066630245355,-0.1232252750451706,-1.7763568394002505e-15,-0.2364476051116141,-1.917586841260104,-0.4757421103892009,-1.9159488237224065,-0.5962181008836593,-0.5962180444603632,-0.3895551993583967,0.7516283835227737,0.6000140868300632,0.5995303516717748,-0.434811637014683,1.3914269689800849,0.2364476051116112,1,0,0.4015490408306553
0.6498673734238385,0.3988070645345384,0.4547508077738136,0.4132762820715637,1.6365531366046056,0.4659348101222609,0.4540208234177663,0.4311823531701422,0.6001459437760583,0.4193555598674277,-1.7763568394002505e-15,0.6573859031412933,-1.96454677161138,0.2931843573459816,-1.9615325232265,-0.0953664443644822,-0.0953663613240378,-1.035558845336289,-1.3304447010278462,0.2059877370978068,0.2057539336238453,0.3403578122716947,0.8463545357881623,-0.6573859031412959,1,1,1.0655358161115644
-0.9398277670454336,1.1989817526054425,-0.7904807747785566,1.3794806275361131,0.5662852338301191,-0.7904197960249194,-0.7904794415036949,-0.785889850843727,0.0333851136394525,-0.8208292056470788,-1.7763568394002505e-15,0.3857790359926168,-0.11745617779461,-0.2277633245446046,-0.1170206825787141,-0.3622240148685837,-0.3622239460099579,-0.4839152824787632,0.7516283835227737,-1.1336008843173662,-1.133085887739115,-0.1850003804568967,-0.3089247722978624,-0.3857790359926223,0,0,0.08147579192966799
-1.517898727216078,-1.544474320780514,-0.7904807747785566,-0.2069224531928433,-1.6584366994677162,-0.7904197960249194,-0.7904794415036949,-0.785889850843727,-0.7799389910250866,-0.8208292056470788,-1.7763568394002505e-15,0.4598536361240761,0.5556361572403142,-0.2046955305125491,0.553303898521662,0.4591858674715049,0.4591910436942397,-0.437944985573969,0.7516283835227737,-1.1765121459794312,-1.1754925789135071,-0.1620942781835291,-0.8762800408089514,-0.4598536361240789,0,0,0.2465535577688507
0.2163141532958551,-1.0872316418828545,1.662473365085027,-1.0730245466498043,0.5607648320105215,1.6699413076799765,1.6628279641062982,1.6730954058255194,0.866791294962375,1.607865960152164,-1.7763568394002505e-15,-0.1969411517081696,1.291341732743605,1.4004384708846442,1.290783036927175,-0.1551182343445286,-0.15510802705695,0.3459695511183049,-1.3304447010278462,0.4000980913220893,0.3996130932782107,1.4583103449901158,-0.7905768280429258,0.1969411517081678,0,0,0.21687505869295376
-0.7953100270027725,1.6562244315031018,-0.7290214647532698,0.7440489408792471,0.158465549407346,-0.7380716874354547,-0.7286113594999512,-0.7272809735801697,-0.2399542630996588,-0.7691548404173089,-1.7763568394002505e-15,-0.0981750181995609,-0.3835624497851616,-0.3488692432128958,-0.3844179198482629,-0.6455639647273504,-0.6455588472151947,-0.6847328952733885,0.7516283835227737,-0.7951067555595468,-0.7938323583439757,-0.30694168961806,-0.0638135837870294,0.0981750181995594,0,0,0.18879440790588906
-0.5062745469174503,1.6562244315031018,0.4191002199312069,1.3316056374455263,-0.7731022576497502,0.4135867015327962,0.4183276991848371,0.3953442538279672,1.039720288409567,0.3676811946376577,-1.7763568394002505e-15,0.3067661291857332,-2.1367331828993827,0.5988326282707166,-2.144274318559875,0.4123718591354442,0.4123618417364527,-0.6581185128548238,-1.3304447010278462,-0.4593892378504495,-0.4606369276880354,0.6503986436306302,1.3040096919587385,-0.3067661291857356,1,1,1.1006957848701766
1.6614915537224662,1.3132924223298572,-0.7904807747785566,-0.0785304343135451,-0.1486068018077705,-0.7904197960249194,-0.7904794415036949,-0.785889850843727,-0.7141144064226067,-0.8208292056470788,-1.7763568394002505e-15,0.5487431562818249,-1.9958533918455617,-0.1451037292630724,-1.993278313952565,0.4176887557014654,0.4176989934301711,-0.626665151814702,0.7516283835227737,-1.2903531989770272,-1.290596454958287,-0.1013257362700654,1.177168937065021,-0.5487431562818265,1,1,0.9395852788091004
1.6614915537224662,1.4276030920542722,-0.7904807747785566,-1.4103256131971134,0.578016087696764,-0.7904197960249194,-0.7904794415036949,-0.785889850843727,-1.3969050128076517,-0.8208292056470788,-1.7763568394002505e-15,-0.0784217914978414,-1.9488934614942888,-0.0835896118442578,-1.9476946144484717,-0.2279090801888621,-0.2279140679035188,-0.5105296648973279,0.7516283835227737,-1.4069708630233455,-1.4057003310030662,-0.0390750347977368,1.1308892021713672,0.0784217914978377,1,1,1.056930001501753
1.372456073637144,-1.430163651056099,-0.7904807747785566,-1.5387176320764115,-1.1657408370686295,-0.7904197960249194,-0.7904794415036949,-0.785889850843727,-1.4627295974101315,-0.8208292056470788,-1.7763568394002505e-15,0.3759024226417571,0.414756366186493,-1.1639312990121893,0.4181807892773843,0.9763173549047376,0.9763174948985078,0.1959612138500308,0.7516283835227737,0.636614868835942,0.6358789441069685,-1.1299444701223529,0.0338880787662397,-0.3759024226417615,0,0,0.17154867957693212
0.9389028535091608,-1.0872316418828545,-0.7904807747785566,0.4959694467734843,1.23494390422888,-0.7904197960249194,-0.7904794415036949,-0.785889850843727,-0.4195772820996461,-0.8208292056470788,-1.7763568394002505e-15,0.0598507954142117,0.7278225685283201,-1.657966554532044,0.7209867931260058,0.87119471422798,0.8711847212125667,0.8637402636249306,0.7516283835227737,1.5718279538827131,1.571855199313201,-1.629162757903689,0.2841414600430345,-0.0598507954142143,0,0,0.16196125148750454
-0.7953100270027725,-0.0584356143631209,-0.7904807747785566,0.9224920857623397,1.391585305859962,-0.7904197960249194,-0.7904794415036949,-0.785889850843727,-0.2009057807083571,-0.8208292056470788,-1.7763568394002505e-15,0.232691529054274,-1.0879614050542676,-0.3258014491808403,-1.0873022863087054,0.8002521229042123,0.8002421261186441,-0.2806781803733588,0.7516283835227737,-0.950092135915476,-0.9513429255631476,-0.2829576531200632,0.6269543111071367,-0.2326915290542791,0,0,0.22166693224854186
-1.6624164672587392,0.741739073707783,-0.7904807747785566,-0.9402802559440894,-0.9670063715631158,-0.7904197960249194,-0.7904794415036949,-0.785889850843727,-1.1559200929070477,-0.8208292056470788,-1.7763568394002505e-15,-0.0241004180681072,0.8530490494650503,-0.2931220743020951,0.8528539238342767,-0.2267697452104308,-0.2267696691532527,-0.3193900093458168,0.7516283835227737,-1.0089058063111298,-1.0088948635855373,-0.2515628188277417,-1.0374020808090796,0.0241004180681028,0,0,0.10118669430846128
-1.517898727216078,1.0846710828810275,-0.7904807747785566,1.3337817733587358,-0.6357822623872595,-0.7904197960249194,-0.7904794415036949,-0.785889850843727,0.0099560242046715,-0.8208292056470788,-1.7763568394002505e-15,0.1438020088965307,0.399103056069402,-0.252753434745998,0.4035288858653542,-0.223655562936048,-0.2236605504246538,-0.4669788573033127,0.7516283835227737,-1.0876605924203318,-1.087650147195123,-0.209523384067208,-0.7271564505960674,-0.1438020088965315,0,0,0.0868243869376129
1.6614915537224662,0.741739073707783,-0.7904807747785566,1.25761701639644,-0.0727012767883033,-0.7904197960249194,-0.7904794415036949,-0.785889850843727,-0.0290924581866302,-0.8208292056470788,-1.7763568394002505e-15,0.5536814629572548,-0.7592418925953525,-0.1720161556338038,-0.7515294997830163,1.1210382157208143,1.1210383634055967,-0.7839319570153123,0.7516283835227737,-1.2383548466100545,-1.239102615675096,-0.1290825425542639,0.1041647132343807,-0.553681462957257,0,0,0.4039072108874797
-1.6624164672587392,-1.430163651056099,-0.7904807747785566,-1.379859710412195,1.1134950641977324,-0.7904197960249194,-0.7904794415036949,-0.785889850843727,-1.381285619851131,-0.8208292056470788,-1.7763568394002505e-15,0.089480635466791,1.0721953911043265,-0.0528325531348505,1.067341509893717,-1.6675474403818136,-1.6675373134704343,-0.0242123134308249,0.7516283835227737,-1.4635127607427725,-1.463252269025456,-0.0088928765081229,-1.2893695263411946,-0.0894806354667969,0,0,0.1944024587712089
-0.5062745469174503,-0.0584356143631209,0.4810306830997879,-0.948984799596923,-0.510193120991414,0.4921088644169886,0.4801957811885808,0.4575757548517443,-0.0759506370561923,0.445192742482308,-1.7763568394002505e-15,0.1042955554930861,0.7904358089966839,0.7468509733097393,0.7848853718951372,0.8209880195116953,0.8209932149619626,-0.6024702587069154,-1.3304447010278462,-0.6290149310087303,-0.630263692385605,0.7984798577390482,-1.0528286591069642,-0.1042955554930881,0,0,0.04044365725915746
-1.6624164672587392,-1.2015423116072694,-0.7904807747785566,1.3794806275361131,1.6234421822830614,-0.7904197960249194,-0.7904794415036949,-0.785889850843727,0.0333851136394525,-0.8208292056470788,-1.7763568394002505e-15,0.6722008231675829,0.7278225685283201,-0.1758607879724797,0.7242427716620129,0.4785039249947153,0.4785141659553686,-0.6315041304362591,0.7516283835227737,-1.2338113012576004,-1.2330445169358972,-0.1315078945596793,-1.0939662012346565,-0.6722008231675871,0,0,0.22699753254969504
-1.228863247130756,-1.3158529813316842,-0.7904807747785566,1.7233101018230472,1.0927935573742416,-0.7904197960249194,-0.7904794415036949,-0.785889850843727,0.2096611198630424,-0.8208292056470788,-1.7763568394002505e-15,-3.3870872640362246,0.5399828471232233,-0.0624441339815403,0.5406869816946359,-0.5223638757261223,-0.5223790065117848,-0.7960294035692055,0.7516283835227737,-1.448367609567926,-1.4481070221774586,-0.0169773831928409,-1.0596849161282462,3.3870872640362237,0,0,0.34585174396761625
0.2163141532958551,0.6274284039833682,1.6683627793762066,1.2271511136115216,-0.0906425827019959,1.6699413076799765,1.6675870473373553,1.6793056179858965,2.0516338178070117,1.607865960152164,-1.7763568394002505e-15,0.1042955554930861,0.414756366186493,1.5561460806010188,0.4075988590353629,0.9754058869219896,0.9754161542898908,0.3193551686997402,-1.3304447010278462,0.1459119707709154,0.1451729462318561,1.6159582253421167,0.0458865285534833,-0.1042955554930881,0,0,0.0411268519723687
0.6498673734238385,0.2844963948101236,0.4841455288804562,-1.173126798657393,-1.203693599578363,0.4921088644169886,0.4849548644196381,0.4606808609319326,-0.1886334005282338,0.445192742482308,-1.7763568394002505e-15,-0.2068177650590293,0.8843556696992323,0.3316306807327406,0.8768667655373262,-2.837163410686123,-2.837153345932557,-0.7500591066644113,-1.3304447010278462,0.1469216475159053,0.1482019956014557,0.3792981861364198,-1.4384931165540793,0.2068177650590286,0,0,0.18081597103797523
-0.9398277670454336,-0.74429963270961,-0.7904807747785566,1.0878784151661811,1.4647306299696303,-0.7904197960249194,-0.7904794415036949,-0.785889850843727,-0.1161147903729595,-0.8208292056470788,-1.7763568394002505e-15,-0.0685451781469816,-0.0861495575604254,-0.2296856407139425,-0.0836469025846456,-0.6454880090621226,-0.6454879552572135,-0.6339236197470373,0.7516283835227737,-1.131833950013634,-1.133085887739115,-0.1859435729034471,-0.3792014067660034,0.0685451781469768,0,0,0.1272144927816989
1.372456073637144,-0.8586103024340248,-0.7904807747785566,0.3153501659771831,-0.3811537284583201,-0.7904197960249194,-0.7904794415036949,-0.785889850843727,-0.5121779689133044,-0.8208292056470788,-1.7763568394002505e-15,0.1783701556245398,-1.96454677161138,-1.481113466952952,-1.9619395205435008,-0.2475815974831416,-0.2475815225319836,0.7185709049782129,0.7516283835227737,1.2358580169873683,1.2356307192876608,-1.4498214512810284,2.3890123655766216,-0.1783701556245444,1,0,0.33421590765813175
1.6614915537224662,0.0558750553612939,-0.7904807747785566,0.4829126312942332,-0.5364150296345027,-0.7904197960249194,-0.7904794415036949,-0.785889850843727,-0.4262713076524409,-0.8208292056470788,-1.7763568394002505e-15,-0.0586685647961219,0.195610024547217,-0.1777831041418177,0.1939252676099244,1.0439432155135089,1.0439382953898884,-0.7040888097596181,0.7516283835227737,-1.2287629175326515,-1.2300154675662978,-0.1342027301212519,-0.6654501374045285,0.0586685647961159,0,0,0.1912847467915135
-0.7953100270027725,0.3988070645345384,-0.7904807747785566,-0.7444280237553289,-0.8352067781202231,-0.7904197960249194,-0.7904794415036949,-0.785889850843727,-1.0555097096151291,-0.8208292056470788,-1.7763568394002505e-15,0.232691529054274,-0.4148690700193434,-0.6679737273229965,-0.4100587508193154,-0.2319600490010699,-0.2319447820858717,-0.0774410782679543,0.7516283835227737,-0.3003651505145612,-0.3000973110992641,-0.6297829898944656,0.3355633877026499,-0.2326915290542791,0,0,0.23235836140086072
-0.7953100270027725,-0.6299889629851951,-0.7904807747785566,-0.361428103030643,-0.5060528196267156,-0.7904197960249194,-0.7904794415036949,-0.785889850843727,-0.8591516267331556,-0.8208292056470788,-1.7763568394002505e-15,0.400593956018912,1.0252354607530534,-0.6698960434923344,1.0229788023406257,0.6305418482278384,0.6305369061345086,0.0991816414188861,0.7516283835227737,-0.2993554737695716,-0.3000973110992641,-0.63032195700678,-0.821429984638695,-0.4005939560189137,0,0,0.1291813925975064
1.372456073637144,1.7705351012275166,-0.7904807747785566,-1.606177845385873,0.1343137914466069,-0.7904197960249194,-0.7904794415036949,-0.785889850843727,-1.49731539609957,-0.8208292056470788,-1.7763568394002505e-15,0.4055322626943419,1.08784870122142,-1.6541219221933685,1.095017327449774,-0.0892646725910987,-0.089269652937665,0.6967955011812061,0.7516283835227737,1.5642553782952904,1.565797100574002,-1.6251205045613302,-0.0809542263402342,-0.405532262694344,0,0,0.1850421364610587
1.227938333594483,-0.1727462840875357,-0.7904807747785566,0.5264353495584027,0.135693891901506,-0.7904197960249194,-0.7904794415036949,-0.785889850843727,-0.4039578891431254,-0.8208292056470788,-1.7763568394002505e-15,0.4401004094223565,0.414756366186493,-1.1177957109480785,0.4161458026923803,0.1143977844425815,0.1143928149194071,0.1959612138500308,0.7516283835227737,0.5490254112080797,0.548036512388584,-1.0831890731290668,0.0047489864257913,-0.4401004094223572,0,0,0.03556439935996159
0.5053496333811774,1.5419137617786869,1.0945244260183016,-0.5072292092156084,0.0342565084664,1.0941121131958464,1.0941175179949612,1.0814433181296097,0.6737802248567981,1.0394479426246763,-1.7763568394002505e-15,0.6870157431938726,-0.5400955509560738,0.9621503842755904,-0.5423328788445869,0.2508901148588643,0.2508902163006913,-0.2564832872655722,-1.3304447010278462,0.1825127527767945,0.1815215386670496,1.016896280004513,0.3012821025962392,-0.6870157431938785,0,0,0.20560911697778847
-1.517898727216078,-1.6587849905049288,-0.7904807747785566,-0.2939678897211808,-1.6260043387775804,-0.7904197960249194,-0.7904794415036949,-0.785889850843727,-0.8245658280437168,-0.8208292056470788,-1.7763568394002505e-15,-0.0981750181995609,-0.0078830069749707,-0.2027732143432112,-0.0152713533285052,-1.335697138996876,-1.3357021855835711,-0.546822004559007,0.7516283835227737,-1.1830750448218643,-1.1845797270223055,-0.1585909919534846,-0.4306233344256189,0.0981750181995594,0,0,0.28014081228544596
0.9389028535091608,-0.8586103024340248,-0.70321274257059,-0.0828827061399619,1.3004986758366008,-0.7118976331407177,-0.7024364017291365,-0.7026988837786777,-0.6415957962673325,-0.7433176578024193,-1.7763568394002505e-15,0.6376326764395683,-0.1018028676775191,-1.386919974655392,-0.0995197979476782,-0.9872125469268138,-0.9872175749937224,0.505655845629695,0.7516283835227737,1.2171789972050575,1.2174564230700644,-1.355097981291749,0.7006590740859187,-0.6376326764395742,0,0,0.14030665335085848
-0.6507922869601114,0.8560497434321979,-0.0727051361442241,0.9333727653283812,1.5082037942989612,-0.0837203300671322,-0.0718578736140558,-0.0922867801816292,0.4171759119996737,-0.1232252750451706,-1.7763568394002505e-15,0.0944189421422263,-0.5087889307218919,0.0106038804533019,-0.5048891256805103,-0.4783855455586032,-0.4783753554506721,-1.0186224201608385,0.7516283835227737,-0.2761329086348069,-0.2758649161424684,0.0560526605257783,-0.2883560012340161,-0.0944189421422272,0,0,0.41558959216269536
0.3608318933385163,-0.1727462840875357,1.5410990803374742,1.2053897544794367,1.4992331413421154,1.5390710362063105,1.5414713417143395,1.5455272976977763,1.9322570287821752,1.4786800470777348,-1.7763568394002505e-15,-0.2364476051116141,0.2738765751326718,1.335079721127154,0.2732897444250868,1.2426938728623875,1.2426990907236977,0.0241774727847482,-1.3304447010278462,0.2809562354132969,0.2814801678638317,1.3922868737315854,-0.0672417122976704,0.2364476051116112,0,0,0.11947452147431542
0.5053496333811774,-1.430163651056099,1.1576065968704912,1.3337817733587358,-1.5887416264952967,1.146460221785311,1.1583651416142335,1.1465211663935595,1.6700743612977214,1.0911223078544463,-1.7763568394002505e-15,0.691954049869308,-1.025348164585904,1.0448099795571224,-1.0185197397355643,0.9991293730284732,0.9991345779458464,0.0048215582985196,-1.3304447010278462,0.1522224504271014,0.1512310449710551,1.0997624735228724,0.829213893234957,-0.6919540498693089,0,0,0.3813917276072303
0.5053496333811774,-1.3158529813316842,1.0288770880526208,0.4306853693772316,0.3095865492188304,1.0417640046063816,1.029869894375689,1.0140366403055183,1.0977351765337873,0.9877735773949065,-1.7763568394002505e-15,-0.1673113116555903,0.9626222202846896,0.6622690618588691,0.9651851833265068,-3.090095775898267,-3.0901059794316166,0.1185375559051147,-1.3304447010278462,0.561141532147957,0.5601527098669822,0.7134577957714305,-1.0545427233622844,0.1673113116555852,0,0,0.17385488629011278
-1.0843455070880947,-1.2015423116072694,-0.7904807747785566,0.3849865151998533,0.1115421339407664,-0.7904197960249194,-0.7904794415036949,-0.785889850843727,-0.4764764992984,-0.8208292056470788,-1.7763568394002505e-15,-4.251290932236553,1.1348086315726928,-0.1412590969243965,1.132868077930851,-0.0189803636993149,-0.0189752128881401,-0.66537698078716,0.7516283835227737,-1.2974209361919558,-1.2966545536974858,-0.0975529664838637,-1.4693462731498483,4.251290932236548,0,0,0.11136492525157264
-0.072721326789467,-1.6587849905049288,1.6785449223062905,0.5525489805169035,-1.0111695861198966,1.6699413076799765,1.6794847554149983,1.6900441098465482,1.7147011983163525,1.607865960152164,-1.7763568394002505e-15,0.0647891020896416,-0.0235363170920616,1.58305850697175,-0.0225973050345203,-3.1185791503590927,-3.118584291694873,0.5661430783991606,-1.3304447010278462,0.1118353806275109,0.1118534031662622,1.642771839179765,0.4949713634474574,-0.0647891020896446,0,0,0.2629048726592311
0.7943851134664996,0.1701857250857087,-0.1441895380518298,-1.590944893993414,1.4178072145030505,-0.1360684386565969,-0.1432441220799139,-0.1622810464058774,-0.9383642624412242,-0.1748996402749406,-1.7763568394002505e-15,0.2277532223788441,-2.1367331828993827,-1.0178352701425046,-2.1324713963668507,0.9457072218175008,0.9457124238958188,0.2661264038626107,0.7516283835227737,1.5395182980430406,1.538535656247607,-0.9819979977920132,2.107905827704058,-0.2277532223788487,1,0,0.20764773865299957
-1.373380987173417,-0.2870569538119506,-0.7904807747785566,0.6831171353094104,1.5709983649968835,-0.7904197960249194,-0.7904794415036949,-0.785889850843727,-0.3236295825095908,-0.8208292056470788,-1.7763568394002505e-15,0.5931879163606993,0.2895298852497627,-0.2642873317620257,0.2846856693011103,1.2708227875521485,1.2708229431970492,-0.6363431090578163,0.7516283835227737,-1.0669622191480417,-1.066446801607927,-0.2205722098696559,-0.6688782659151694,-0.5931879163607005,0,0,0.1124119085337129
0.2163141532958551,1.0846710828810275,1.6575786074296914,1.594918082943748,1.0141278314449755,1.6699413076799765,1.6580688808752408,1.667920229025205,2.2312568368069985,1.607865960152164,-1.7763568394002505e-15,0.5635580763081146,0.2425699548984898,1.0967125161292473,0.2358459912610105,-0.0405517726243144,-0.0405567503820948,-0.2855171589949159,-1.3304447010278462,1.0392234709006114,1.0387425102636965,1.1515033163050676,-0.2763575514467725,-0.5635580763081178,0,0,0.18932914042865648
0.7943851134664996,0.6274284039833682,-0.0896404741281937,1.4186510739738654,-1.30375088255857,-0.0837203300671322,-0.088514664922756,-0.1088473459426343,0.6503511354220171,-0.1232252750451706,-1.7763568394002505e-15,0.6129411430624189,-1.9958533918455617,-1.0274468509891943,-1.9993832737075776,0.2024810375529983,0.2024811364221826,0.4258126983739991,0.7516283835227737,1.6697665981467205,1.6687847791403838,-0.991968889369832,2.04619951451252,-0.6129411430624219,1,0,0.24967607998282038
-0.5062745469174503,-1.2015423116072694,0.5975102101920051,0.8963784548038374,0.3703109692344047,0.5968050815959273,0.5967933203494826,0.5747935093788588,0.9683173491797586,0.5485414729418572,-1.7763568394002505e-15,0.6129411430624189,0.5086762268890413,0.8160543554059057,0.502836231213558,1.1441540565054649,1.144159269129997,-0.6218261731931448,-1.3304447010278462,-0.5116400094036699,-0.5121307669712262,0.8686803241180162,-0.776864314000362,-0.6129411430624219,0,0,0.07519587761179146
-1.228863247130756,-0.5156782932607803,-0.7904807747785566,0.0193956817808347,-1.5052455489738827,-0.7904197960249194,-0.7904794415036949,-0.785889850843727,-0.6639092147766477,-0.8208292056470788,-1.7763568394002505e-15,0.3314576625628826,0.0860368537275777,-0.073978030997568,0.0811870108006925,0.887373270921727,0.8873784698999593,-0.5806948549099078,0.7516283835227737,-1.4243877868744188,-1.423874627220663,-0.0297778521103111,-0.60202975995767,-0.3314576625628877,0,0,0.13536322362205142
-0.3617568068747892,1.3132924223298572,1.0222285936972446,1.309844278313443,0.3572000149128606,1.015589950311654,1.022731269529103,1.0071795310451022,1.5428878757946247,0.961936394780026,-1.7763568394002505e-15,0.232691529054274,0.9626222202846896,1.2620317066923117,0.9603012155224974,0.6791534739743178,0.6791586618869606,0.123376534526671,-1.3304447010278462,-0.5595996547906839,-0.5605955568848173,1.320065280681438,-0.6637360731492083,-0.2326915290542791,0,0,0.16356133636070694
0.5053496333811774,1.3132924223298572,-0.7112485211812215,0.4241569616376053,-0.5964493994226265,-0.7118976331407177,-0.7119545681912509,-0.710332269559141,-0.3883384961866047,0.9360992121651364,-1.7763568394002505e-15,0.2573830624314289,-1.1192680252884497,0.5219399814971983,-1.120676066302774,-0.7460026727149933,-0.7459924968292467,-0.887969997378793,-1.3304447010278462,0.7835228352319532,0.784302363217342,-1.1321003385716106,1.0246172183414952,-0.2573830624314313,1,1,0.8955467587207341
-0.2172390668321281,-0.2870569538119506,1.5590290749572873,0.086855895090297,-1.4942047453346874,1.5652450905010378,1.5581281330230392,1.5642873135989157,1.3733058951238295,1.504517229692615,-1.7763568394002505e-15,-0.0784217914978414,0.915662289933414,1.3773706768525888,0.91797349455441,1.0542985045397102,1.054308776100264,-0.021792824120045,-1.3304447010278462,0.2511707714360986,0.2511896741678373,1.4348652756044336,-0.5968875671917083,0.0784217914978377,0,0,0.15961161383270217
0.2163141532958551,1.6562244315031018,1.7897108889491324,-0.9250473045516302,-0.9000714995004948,1.8008115791536337,1.7889436697293142,1.8073912437936703,1.0508769976642252,1.7370518732265845,-1.7763568394002505e-15,0.4549153294486462,-0.5400955509560738,1.419661632578024,-0.5415188842105854,0.9988508689226356,0.9988510101139224,0.3435500618075267,-1.3304447010278462,0.6820503223604817,0.68131468465096,1.4781173863676749,0.7640794515327777,-0.4549153294486484,0,0,0.16857632085400265
-1.228863247130756,0.0558750553612939,-0.7904807747785566,-0.909814353159171,-0.1299754456666289,-0.7904197960249194,-0.7904794415036949,-0.785889850843727,-1.140300699950527,-0.8208292056470788,-1.7763568394002505e-15,0.4401004094223565,0.915662289933414,-0.2469864862379841,0.91797349455441,0.419359780336502,0.4193497633088734,-0.3266484772781521,0.7516283835227737,-1.0990194558014663,-1.0997663446735209,-0.2034600040536695,-1.1248193578304253,-0.4401004094223572,0,0,0.03704206546815062
1.0834205935518215,-0.9729209721584398,-0.7904807747785566,1.712429422257004,1.415737063820701,-0.7904197960249194,-0.7904794415036949,-0.785889850843727,0.2040827652357131,-0.8208292056470788,-1.7763568394002505e-15,0.2475064490805691,-0.4931356206048009,-1.6964128779188037,-0.4886092330004766,0.951353259599514,0.9513635256891676,0.6871175439380918,0.7516283835227737,1.642000487659502,1.6415233348139886,-1.666620972209549,1.2765846638736102,-0.2475064490805704,0,0,0.1530651003270863
1.0834205935518215,-0.6299889629851951,-0.7904807747785566,1.07482159968693,0.152255097360299,-0.7904197960249194,-0.7904794415036949,-0.785889850843727,-0.1228088159257544,-0.8208292056470788,-1.7763568394002505e-15,0.1684935422736801,0.9000089798163232,-1.3792307099780403,0.90332159114238,-0.3803774188582856,-0.3803824146756828,0.5685625677099387,0.7516283835227737,1.041242824390591,1.041771559633296,-1.3459355403824018,-0.1323761539998496,-0.1684935422736836,0,0,0.015995811202570685
-0.6507922869601114,-0.2870569538119506,-0.0248830920998464,-0.3070247052004319,-1.2471667639076944,-0.0313722214776675,-0.0242670413034836,-0.0453220507187786,-0.1785923621990424,-0.0715509098154006,-1.7763568394002505e-15,-0.2364476051116141,1.08784870122142,0.1893792842017319,1.0933893381817703,0.3793817818710364,0.3793666990075447,-0.9242623370404728,0.7516283835227737,-0.5358722512834244,-0.5363631619280219,0.2368761267073043,-1.723027782937284,0.2364476051116112,0,0,0.1896936315373283
0.7943851134664996,-1.430163651056099,-0.1789763451317302,1.4382362971927405,0.4820991060812556,-0.1884165472460616,-0.1789372463128431,-0.1963078338679426,0.5845265508195376,-0.2265740055047105,-1.7763568394002505e-15,0.6178794497378488,1.1817685619239655,-0.9697773659090556,1.180079766702948,-0.6066493455750919,-0.6066594171287197,0.3362915938751906,0.7516283835227737,1.3948821043232569,1.3961703358764324,-0.9341646665740982,-0.6928751654896567,-0.6178794497378525,0,0,0.15612319057859872
0.6498673734238385,-1.430163651056099,0.4895114396790865,1.2924351910077745,1.3860649040403643,0.4921088644169886,0.4897139476506952,0.4661147965722625,1.079884441726335,0.445192742482308,-1.7763568394002505e-15,0.7018306632201677,0.1799567144301261,-0.0566771854735264,0.1752033910278856,0.8886138801204668,0.8886140154533436,-0.7161862563135105,0.7516283835227737,0.9347219277941704,0.935754831697315,-0.0118571956258528,-0.7322986433620285,-0.7018306632201696,0,0,0.3031248648133329
-1.517898727216078,0.5131177342589534,-0.7904807747785566,-1.5844164862537884,-0.3997850845994617,-0.7904197960249194,-0.7904794415036949,-0.785889850843727,-1.486158686844912,-0.8208292056470788,-1.7763568394002505e-15,0.6623242098167231,0.3834497459523111,-0.2200740598672527,0.3860280012343186,0.7514379487171267,0.7514279493373863,-0.6097287266392516,0.7516283835227737,-1.1492508738647076,-1.1482311345871123,-0.1766463902160215,-0.7751502497450413,-0.6623242098167262,0,0,0.046929652707339155
0.3608318933385163,-0.74429963270961,1.3827654490159411,-1.2427631478800634,0.0936008280270743,1.3820267104379067,1.3820420534739228,1.3800510195077331,0.5410153847263729,1.3236569513884158,-1.7763568394002505e-15,0.316642742536593,0.2269166447813989,0.9967520753236736,0.2293340341889966,-2.476070178188071,-2.476070221667213,-0.3048730734811445,-1.3304447010278462,0.6583229188532219,0.6570822896941648,1.050581724524171,-0.3397779288936316,-0.3166427425365965,0,0,0.09197511245056102
1.372456073637144,1.6562244315031018,-0.7904807747785566,-0.1351099680569642,0.6042379963398533,-0.7904197960249194,-0.7904794415036949,-0.785889850843727,-0.7431218504847162,-0.8208292056470788,-1.7763568394002505e-15,0.4894834761766554,0.195610024547217,-1.354240599776647,0.2016582166329401,-0.640677483597626,-0.6406774295370687,4.858317115720439,0.7516283835227737,0.9942928557485669,0.9933067697197046,-1.320873569659776,1.6588209928100843,-0.4894834761766612,1,1,0.7395071171460907
0.7943851134664996,-0.9729209721584398,-0.1921424579693448,0.7092307662679113,-0.6647643719401471,-0.1884165472460616,-0.1932144960060147,-0.2091163964487201,0.1996200815338502,-0.2265740055047105,-1.7763568394002505e-15,0.6820774365184427,1.0565420809872357,-0.7890796459912878,1.0592015635537,1.3170291505663758,1.3170242449555754,0.1040206200404424,0.7516283835227737,1.0298839610094563,1.0296553621548978,-0.7517242990556288,-0.7734361854897212,-0.682077436518448,0,0,0.21819285614301462
-1.517898727216078,1.7705351012275166,-0.7904807747785566,-1.6692857868689177,0.9527133612019522,-0.7904197960249194,-0.7904794415036949,-0.785889850843727,-1.529669852938077,-0.8208292056470788,-1.7763568394002505e-15,0.5586197696326847,1.1348086315726928,-0.1893170011578454,1.132868077930851,-0.0495145411213201,-0.0495195193554169,-0.7282837028674037,0.7516283835227737,-1.207812125074114,-1.2088121219791017,-0.1453862977017785,-1.4573478233626047,-0.5586197696326873,0,0,0.22868627630214897
-1.373380987173417,-0.8586103024340248,-0.7904807747785566,-1.0077404692535508,-0.9407844629200276,-0.7904197960249194,-0.7904794415036949,-0.785889850843727,-1.190505891596486,-0.8208292056470788,-1.7763568394002505e-15,0.5388665429309597,0.0077703031421202,-0.2143071113592388,0.0034505232535331,0.904716481148986,0.9047166173376174,-0.5782753655991296,0.7516283835227737,-1.158085545383368,-1.1573182826959103,-0.1719304279832693,-0.4460499127235034,-0.5388665429309656,0,0,0.10056257504430614
-1.373380987173417,-0.74429963270961,-0.7904807747785566,0.8376227851472102,-0.267295440929119,-0.7904197960249194,-0.7904794415036949,-0.785889850843727,-0.2444169468015218,-0.8208292056470788,-1.7763568394002505e-15,0.2376298357297039,0.8687023595821414,-0.1278028837390308,0.8666918326123053,-0.0341208596349354,-0.0341258370509537,-0.479076303857206,0.7516283835227737,-1.3219055972579574,-1.3208869486542811,-0.0844830140102362,-1.200238185064528,-0.2376298357297096,0,0,0.08196684625075258
-0.2172390668321281,-0.5156782932607803,1.4630708847730023,0.4132762820715637,-0.7303191435478684,1.4605488733221084,1.4629464684018954,1.4638888836728214,1.4592125563846927,1.4011684992330753,-1.7763568394002505e-15,0.1240487821948056,1.103502011338511,1.019819869355729,1.096645316717777,-2.250431215348171,-2.250441374258576,0.1983807031608089,-1.3304447010278462,0.7537373712547548,0.754011869521347,1.0753742116906395,-0.9122753901706824,-0.1240487821948098,0,0,0.11322751250587644
0.7943851134664996,0.2844963948101236,-0.1122820001809505,0.467679679901774,-1.1229577229667485,-0.1098943843618599,-0.112310081078042,-0.1309712267639771,0.1438365352605622,-0.149062457660051,-1.7763568394002505e-15,0.4796068628257956,-1.9802000817284704,-0.4911206397439046,-1.986766356880552,0.7700724052532761,0.770082661708979,-0.3290679665889311,0.7516283835227737,0.6103632734662082,0.6116465491501729,-0.450980650384119,1.478844246001431,-0.4796068628258004,1,0,0.19479320121109675
0.3608318933385163,0.741739073707783,1.393680496835594,-0.8205927807176248,0.702225128637711,1.3820267104379067,1.3939397615515656,1.391436408468424,0.7663809116704567,1.3236569513884158,-1.7763568394002505e-15,0.6129411430624189,0.1016901638446686,1.144770420362696,0.1047928551867409,1.309686769594253,1.3096818635932492,-0.2637417551979083,-1.3304447010278462,0.4243303332018436,0.4238454882350064,1.2005493235256903,-0.1289480254892087,-0.6129411430624219,0,0,0.06299283575506841
-1.6624164672587392,0.0558750553612939,-0.7904807747785566,0.4328615052904396,1.255645411052371,-0.7904197960249194,-0.7904794415036949,-0.785889850843727,-0.451931738938153,-0.8208292056470788,-1.7763568394002505e-15,-0.1969411517081696,0.9939288405188716,-0.2046955305125491,0.9867560411275512,1.172232334085071,1.172222357067936,-0.7210252349350684,0.7516283835227737,-1.1795411762144004,-1.1785216282831068,-0.1604773768465855,-1.3219367471922845,0.1969411517081678,0,0,0.17809454899719024
1.0834205935518215,-1.2015423116072694,-0.7904807747785566,-0.6312689562684899,0.5014205124498473,-0.7904197960249194,-0.7904794415036949,-0.785889850843727,-0.9974948214909096,-0.8208292056470788,-1.7763568394002505e-15,-0.0784217914978414,0.9782755304017808,-1.4657349375982482,0.9818720733235416,-0.5269465341949283,-0.5269464740902803,0.4451686128602293,0.7516283835227737,1.204810457078933,1.2053402255916663,-1.4332482125773562,-0.1786558888935033,0.0784217914978377,0,0,0.07891207078122063
0.9389028535091608,0.5131177342589534,-0.7393868339057459,-1.4299108364159894,-0.2417635825134802,-0.7380716874354547,-0.7405090675775942,-0.7372431889207743,-1.3634348850436788,-0.7691548404173089,-1.7763568394002505e-15,0.4302237960714913,0.3834497459523111,-1.7271699366282107,0.3774810575773007,0.9096789179439416,0.909668926973724,0.8274479239632516,0.7516283835227737,1.793956837780462,1.7929758032939616,-1.698420031836107,0.6080996042986112,-0.4302237960714963,0,0,0.048799069224221205
-0.2172390668321281,0.1701857250857087,1.5477475746928502,-1.3559222153669024,0.1011913805290209,1.5390710362063105,1.548609966560925,1.5525137863782008,0.6246907041363049,1.4786800470777348,-1.7763568394002505e-15,-0.1376814716030055,0.1486500941959414,1.0794116706052057,0.1503765546908347,1.0411581744551182,1.0411633816060577,-0.0193733348092669,-1.3304447010278462,0.786299446280675,0.7873314125869415,1.1342563687110023,-0.1409464752764523,0.1376814716030028,0,0,0.03983830571936348
-0.9398277670454336,-0.5156782932607803,-0.7904807747785566,-0.8249450525440415,1.245984707868075,-0.7904197960249194,-0.7904794415036949,-0.785889850843727,-1.0967895338573623,-0.8208292056470788,-1.7763568394002505e-15,0.0944189421422263,-1.5106007782157314,-0.120113619061679,-1.516277458427586,1.309281672713033,1.3092868941130686,-0.742800638732076,0.7516283835227737,-1.3385652635502887,-1.3390612448718782,-0.0755900566570464,0.7263700379157261,-0.0944189421422272,1,0,0.2896781994704791
-0.5062745469174503,1.3132924223298572,0.587982446627608,1.6863157912985032,0.2930253437600379,0.5968050815959273,0.5872751538873682,0.5652194322982778,1.3654961986455694,0.5485414729418572,-1.7763568394002505e-15,-0.0833600981732713,0.9939288405188716,0.8775684728247203,0.9993729579545771,-0.0953917629195593,-0.0953967435917437,-0.5976312800853583,-1.3304447010278462,-0.6850519903556623,-0.6847865810383952,0.931604734480738,-1.1471021931495924,0.083360098173268,0,0,0.13894576853732724
1.0834205935518215,1.7705351012275166,-0.7904807747785566,0.3632251560677693,-1.3630952021192442,-0.7904197960249194,-0.7904794415036949,-0.785889850843727,-0.4876332085530573,-0.8208292056470788,-1.7763568394002505e-15,0.2820745958085783,0.4773696066548595,-1.2273677326003418,0.4792303868275096,0.1200944593347489,0.1200844264030313,0.394359337333878,0.7516283835227737,0.7570188206759718,0.7570409188909465,-1.1942162982658608,0.0784537494045732,-0.2820745958085834,0,0,0.23627016918698343
0.2163141532958551,0.1701857250857087,1.6811886149436643,1.1509863566492258,0.0604784171094888,1.6699413076799765,1.681864297030527,1.692761077666713,2.023742044670368,1.607865960152164,-1.7763568394002505e-15,0.5931879163606993,-1.181881265756816,1.381215309191265,-1.177655690682891,0.5306601484518744,0.5306602647617367,-1.742032303832192e-05,-1.3304447010278462,0.550792345511812,0.5510655617581834,1.4389075289467927,1.178883001320341,-0.5931879163607005,0,0,0.2017481875762959
-1.373380987173417,1.1989817526054425,-0.7904807747785566,0.3088217582375582,-0.851077933351566,-0.7904197960249194,-0.7904794415036949,-0.785889850843727,-0.5155249816897014,-0.8208292056470788,-1.7763568394002505e-15,-5.6192018813307785,-0.2583359688484313,-0.1393367807550586,-0.2631327193820139,0.7611855924214983,0.7611907846936381,-0.6024702587069154,0.7516283835227737,-1.2996927088681829,-1.299683603067085,-0.096340290481156,-0.2763575514467725,5.619201881330776,1,0,0.18373885238369334
-0.3617568068747892,1.5419137617786869,0.958910846273408,0.5373160291244443,-0.9152526045043882,0.9632418417221892,0.9584836459098306,0.94223106220116,1.0932724928319242,0.910262029550256,-1.7763568394002505e-15,0.588249609685264,-1.917586841260104,1.1889836922574692,-1.9208327915264165,1.3071295955315487,1.30712975310593,-0.0338902706739392,-1.3304447010278462,-0.517950489059856,-0.518188865710425,1.2452835938477964,1.670819442597328,-0.5882496096852698,1,1,0.8145850461969113
-1.6624164672587392,0.741739073707783,-0.7904807747785566,-0.6813200822722841,1.3536325433502283,-0.7904197960249194,-0.7904794415036949,-0.785889850843727,-1.023155252776622,-0.8208292056470788,-1.7763568394002505e-15,-3.7673368780443695,1.1817685619239655,-0.2373749053912943,1.1861847264579608,-0.2594306812588467,-0.2594306069373929,-0.5056906862757707,0.7516283835227737,-1.11744605639753,-1.1179406408911177,-0.1936238542539292,-1.4093540242136309,3.767336878044366,0,0,0.15871770517261055
0.6498673734238385,-1.3158529813316842,0.467393417118879,0.0607422641317954,0.7974520600257694,0.4659348101222609,0.4682980731109378,0.4438615363309118,0.4294482921797969,0.4193555598674277,-1.7763568394002505e-15,-0.033977031418967,1.103502011338511,0.139399063798945,1.1039712684237923,0.7773388305601716,0.7773338962681868,-1.006524973606946,0.7516283835227737,0.4861730338324668,0.487455524996595,0.1859437345935809,-1.7213137186819636,0.0339770314189637,0,0,0.25266108849106117
0.9389028535091608,-1.6587849905049288,-0.6902298559553675,-1.403797205457488,-0.7068574358145788,-0.6857235788459901,-0.6905386936514935,-0.6902784594579239,-1.307651338770391,-0.7174804751875389,-1.7763568394002505e-15,0.5684963829835444,1.306995042860696,-1.2062222547376242,1.3062489349732074,-0.0789600206750483,-0.078959936762702,0.3701644442260914,0.7516283835227737,0.8976163074157967,0.8963771898925218,-1.1719839048828862,-0.6380251093194003,-0.5684963829835482,0,0,0.1583358372623351
0.5053496333811774,-0.8586103024340248,1.070809717805819,-0.4985246655627748,1.2949782740170033,1.0679380589011187,1.0703221018396754,1.057119987168133,0.6570451609748118,1.013610760009796,-1.7763568394002505e-15,-0.17718792500645,-0.7122819622440768,0.9659950166142662,-0.7043178110109195,-0.2849264662206684,-0.2849112021203064,-0.4331060069524118,-1.3304447010278462,0.065137831171734,0.0664176626222702,1.021208016903029,0.3904134438729063,0.1771879250064461,0,0,0.2853547196577821
0.3608318933385163,1.4276030920542722,1.528508821341664,0.1521399724865497,-0.7530908010537084,1.5390710362063105,1.5295736336366963,1.5323305968569758,1.38111559160209,1.4786800470777348,-1.7763568394002505e-15,0.4252854893960614,-0.2896425890826131,0.9525388034289004,-0.2969134966930831,0.9883689871210524,0.988359000332722,-0.2468053300224578,-1.3304447010278462,1.0402331476456013,1.0387425102636965,1.0062516795363008,0.092166263447137,-0.4252854893960657,0,0,0.18248545653047335
-0.7953100270027725,-0.9729209721584398,-0.7419781761938647,1.668906703992836,-0.5736777419167866,-0.7380716874354547,-0.7428886091931227,-0.7397013979009236,0.2230491709686312,-0.7691548404173089,-1.7763568394002505e-15,0.2129383023525545,0.7121692584112291,-0.552634757162719,0.7185448092240012,0.1596673609189912,0.1596826486467484,-0.1016359713757401,0.7516283835227737,-0.4326328041082206,-0.4333754833616401,-0.5125576429660545,-0.6963032940002977,-0.2129383023525576,0,0,0.08828770165897774
-0.7953100270027725,1.7705351012275166,-0.6883190682075625,0.2805319913658479,0.6249395031633442,-0.6857235788459901,-0.6881591520359648,-0.6884671475778139,-0.4430063715344271,-0.7174804751875389,-1.7763568394002505e-15,0.232691529054274,1.0721953911043265,-0.4891983235745666,1.0661205179427142,0.7999483002432975,0.799948430864151,-0.3145510307242588,0.7516283835227737,-0.4553505308704904,-0.4545788289488364,-0.4486900401567822,-1.0905380727240153,-0.2326915290542791,0,0,0.24642646704173007
-1.228863247130756,-0.2870569538119506,-0.7904807747785566,-0.911990489072379,0.9264914525588638,-0.7904197960249194,-0.7904794415036949,-0.785889850843727,-1.1414163708759926,-0.8208292056470788,-1.7763568394002505e-15,-0.2216326850853244,0.9313156000505052,-0.0682110824895542,0.9297764167474346,0.6446442834053325,0.6446444057727437,-0.8178048073662131,0.7516283835227737,-1.4357466502555538,-1.4359908246990607,-0.0237144720967726,-1.3887852531497842,0.22163268508532,0,0,0.1087524460221871
1.6614915537224662,-0.6299889629851951,-0.7904807747785566,-1.6758141946085434,-0.7806928101516968,-0.7904197960249194,-0.7904794415036949,-0.785889850843727,-1.5330168657144745,-0.8208292056470788,-1.7763568394002505e-15,0.608002836386989,-1.8706269109088316,-0.0797449795055819,-1.8662951510483043,0.5622830237421602,0.5622882054438668,-0.5323050686943355,0.7516283835227737,-1.4132813426795314,-1.4147874791118644,-0.0357064903457709,1.0554703749372645,-0.6080028363869916,1,1,0.9162318140564886
0.7943851134664996,-0.1727462840875357,-0.1566227459998755,-1.5474221757292452,1.335001187209086,-0.1622424929513339,-0.1575213717730856,-0.1744427118866156,-0.9272075531865668,-0.2007368228898301,-1.7763568394002505e-15,0.2870129024840082,-1.745400429972101,-1.129329607964106,-1.751114910337068,0.0599122539184056,0.059917408922232,0.1064401093512206,0.7516283835227737,1.7303472028461064,1.7293657665323727,-1.0954505749342225,1.81308677578893,-0.2870129024840139,1,0,0.34720078948510685
-1.228863247130756,-0.1727462840875357,-0.7904807747785566,1.4708783358908668,0.209529266238624,-0.7904197960249194,-0.7904794415036949,-0.785889850843727,0.0802432925090139,-0.8208292056470788,-1.7763568394002505e-15,0.1438020088965307,1.103502011338511,-0.1758607879724797,1.101122287204786,0.0636340815146215,0.0636341730049544,-0.5347245580051136,0.7516283835227737,-1.2328016245126108,-1.2330445169358972,-0.1320468616719938,-1.3836430603838228,-0.1438020088965315,0,0,0.09856391099145634
0.0717964132531941,0.3988070645345384,1.9198538571968864,1.2989635987474,-1.5535490648953616,1.9316818506273,1.919818458583388,1.945568464362057,2.3026597760368075,1.866237786301014,-1.7763568394002505e-15,0.6475092897904335,0.7747824988795929,1.506165860198232,0.7783734148231239,-2.392215123775398,-2.3922252902207344,0.0314359407170844,-1.3304447010278462,0.802959112573006,0.8024766594349384,1.5646216078941575,-0.3809154710213236,-0.6475092897904351,0,0,0.1634329479885046
-0.2172390668321281,-0.2870569538119506,1.5734254210023926,-0.0023656773512492,-0.8352067781202231,1.5652450905010378,1.572405382716211,1.579424705739834,1.339835767359857,1.504517229692615,-1.7763568394002505e-15,0.045035875387922,-1.9488934614942888,1.067877773589178,-1.9554275634714875,-0.0704276676143358,-0.0704326469598354,-0.2201909476038931,-1.3304447010278462,0.8748985806535271,0.8751738443053255,1.1233422846866332,1.569689651533417,-0.0450358753879229,1,1,0.5555954083842624
0.6498673734238385,0.1701857250857087,0.4839884778326914,0.1412592929205081,-1.310651384833067,0.4921088644169886,0.4849548644196381,0.4605514815119249,0.4852318384530849,0.445192742482308,-1.7763568394002505e-15,0.1487403155719605,0.2269166447813989,0.09710810807351,0.2268920502869915,0.7365506383322666,0.7365507655839287,-1.0331393560255109,0.7516283835227737,0.6070818240449916,0.6086174997805734,0.1426916238303396,-0.9636973178302978,-0.1487403155719618,0,0,0.11820575589839895
0.9389028535091608,-0.74429963270961,-0.7904807747785566,-0.5659848788722364,-1.0574029513590268,-0.7904197960249194,-0.7904794415036949,-0.785889850843727,-0.9640246937269368,-0.8208292056470788,-1.7763568394002505e-15,-0.241385911787044,1.2130751821581502,-1.39845387167142,1.2163025279160224,0.1838972181269995,0.1838973160085712,0.7742191591261222,0.7516283835227737,1.0801153790726972,1.0811492014380886,-1.3666857742065113,-0.324351350595747,0.2413859117870418,0,0,0.11917226997718249
1.0834205935518215,1.0846710828810275,-0.7904807747785566,1.316372686053069,-1.1954129968489668,-0.7904197960249194,-0.7904794415036949,-0.785889850843727,0.0010306568009456,-0.8208292056470788,-1.7763568394002505e-15,0.3265193558874528,-2.105426562665201,-1.7194806719508586,-2.106830565395798,-0.2646209850494858,-0.2646158472925803,1.0089096222716485,0.7516283835227737,1.6869311028115466,1.6869590753579802,-1.690605008707546,2.747251794938609,-0.3265193558874574,1,0,0.3055437564886113
0.3608318933385163,1.1989817526054425,1.4111916886613671,0.8202136978415431,-0.2252023770546873,1.4082007647326438,1.410596552860266,1.4096789066895314,1.62321618242816,1.349494134003305,-1.7763568394002505e-15,0.3018278225103034,1.0095821506359626,1.2274300156442284,1.0018149418565825,-0.8959391558767865,-0.8959492428043667,0.1016011307296643,-1.3304447010278462,0.2756554325021004,0.2754220691246329,1.2842239677125211,-0.7271564505960674,-0.3018278225103051,0,0,0.10529903947080245
0.0717964132531941,0.2844963948101236,1.8413806836637476,-0.4049508212948118,0.9927362743940348,1.853159687743108,1.841293585270944,1.862248117877,1.362149185869172,1.7887262384563636,-1.7763568394002505e-15,-0.0487919514452566,-1.541907398449916,1.3466136181431816,-1.5468022572026483,0.9124386404472554,0.9124438407575552,0.164507852809908,-1.3304447010278462,0.8723743887910526,0.872144794935726,1.4038746666463482,1.5131255311078406,0.0487919514452551,1,0,0.33774222170045903
-0.6507922869601114,1.0846710828810275,-0.1437183849085354,1.179276123520936,0.8222938682139586,-0.1360684386565969,-0.1432441220799139,-0.161763528725846,0.483000496602153,-0.1748996402749406,-1.7763568394002505e-15,-3.3228892772556304,-1.1505746455226342,-0.073978030997568,-1.1564918301988476,0.7789085809748998,0.7789239016114764,-0.7815124677045341,0.7516283835227737,-0.2415514801189073,-0.2425453730768743,-0.0774764415501473,0.4126962791920728,3.3228892772556278,1,1,0.5753509032952581
0.6498673734238385,-0.9729209721584398,0.4416108701108263,-1.3863881181518198,-1.3161717866526643,0.4397607558275239,0.4421231153401231,0.4179856523293414,-0.3336706208387822,0.3935183772525381,-1.7763568394002505e-15,0.2771362891331485,-0.0235363170920616,0.1432436961376209,-0.0197483238155144,1.2339842899161426,1.2339996347371622,-0.9073259118650224,0.7516283835227737,0.4445238681016388,0.4450488338222025,0.1901207297140185,-0.7511533501705541,-0.2771362891331531,0,0,0.2522459733800491
-1.6624164672587392,-1.0872316418828545,-0.7904807747785566,1.048707968728429,-1.301680731876221,-0.7904197960249194,-0.7904794415036949,-0.785889850843727,-0.1361968670313432,-0.8208292056470788,-1.7763568394002505e-15,-0.1080516315504262,-0.0548429373262435,-0.1278028837390308,-0.0604480555155979,-2.5588112161773893,-2.5588213914762705,0.0749867483110995,0.7516283835227737,-1.3246822083066794,-1.3239159980238808,-0.0830008544513713,-0.2643591016595289,0.1080516315504202,0,0,0.18966948302964326
-0.5062745469174503,0.2844963948101236,0.4504580791349094,-1.6018255735594562,0.8471356764021478,0.4397607558275239,0.4492617401867089,0.4267834528898754,-0.4363123459816323,0.3935183772525381,-1.7763568394002505e-15,0.4796068628257956,0.1016901638446686,0.666113694197545,0.0966529088467247,-0.9426265714374652,-0.9426265334236232,-0.6847328952733885,-1.3304447010278462,-0.5166883931286187,-0.518188865710425,0.7173653073357109,-0.5488937680427338,-0.4796068628258004,0,0,0.10132434854941737
-1.517898727216078,-0.0584356143631209,-0.7904807747785566,1.4491169767587837,1.3529424931227785,-0.7904197960249194,-0.7904794415036949,-0.785889850843727,0.0690865832543569,-0.8208292056470788,-1.7763568394002505e-15,0.4499770227732163,-0.4461756902535253,-0.1143466705536651,-0.4446535227643864,0.5828923275742611,0.5828873829486548,-0.5274660900727783,0.7516283835227737,-1.3486620310001864,-1.3481483929806766,-0.0702003855339011,-0.120377704212606,-0.449977022773218,0,0,0.06873932670559398
0.2163141532958551,-0.4013676235363654,-0.6300531294868265,-0.5942746457439467,-0.3701129248191246,-0.6333754702565254,-0.6310501532632783,-0.6327046175544294,-0.8413008919257033,1.6853775079968143,-1.7763568394002505e-15,0.691954049869308,-1.745400429972101,1.5561460806010188,-1.7446029532650544,-0.139040951871083,-0.13905606228552,0.2225755962685955,-1.3304447010278462,0.3900013238721915,0.3905259451694123,-0.8420012903683132,1.67938976387393,-0.6919540498693089,1,1,1.0960723080876527
1.227938333594483,0.5131177342589534,-0.7904807747785566,-0.3657803748570599,-0.443258248928793,-0.7904197960249194,-0.7904794415036949,-0.785889850843727,-0.861382968584087,-0.8208292056470788,-1.7763568394002505e-15,0.109233862168516,0.3521431257181292,-1.5983747532825676,0.357131191727259,0.6947750224563859,0.6947650200653666,0.9895537077854198,0.7516283835227737,1.4564723857676325,1.4567513232684213,-1.5675857653217538,0.5875308332347648,-0.1092338621685184,0,0,0.03474094747472745
1.227938333594483,-0.8586103024340248,-0.7904807747785566,0.9703670758529253,-1.2540672661821917,-0.7904197960249194,-0.7904794415036949,-0.785889850843727,-0.1763610203481105,-0.8208292056470788,-1.7763568394002505e-15,-0.1080516315504262,-0.868815063414989,-1.2754256368337906,-0.8658957458602512,0.2145579883243868,0.2145631515466726,0.3653254656045335,0.7516283835227737,0.8471324701663083,0.8479123999789304,-1.242319113039933,1.2337330574905974,0.1080516315504202,0,0,0.22210799682159763
-1.0843455070880947,0.0558750553612939,-0.7904807747785566,1.5709805878984555,-0.2010506190939477,-0.7904197960249194,-0.7904794415036949,-0.785889850843727,0.1315641550804389,-0.8208292056470788,-1.7763568394002505e-15,-0.2068177650590293,0.759129188762502,-0.2239186922059286,0.7637215114110939,0.4608568921065415,0.4608418135729421,-0.7282837028674037,0.7516283835227737,-1.1411734599047894,-1.1421730358479134,-0.1809581271145377,-1.1231052935751051,0.2068177650590286,0,0,0.07441649678335173
1.5169738136798052,-1.2015423116072694,-0.7904807747785566,0.1347308851808825,0.3116566999011795,-0.7904197960249194,-0.7904794415036949,-0.785889850843727,-0.6047786557269622,-0.8208292056470788,-1.7763568394002505e-15,0.3857790359926168,0.7278225685283201,-1.3350174380832671,0.7356386965380358,-2.629374029175007,-2.629358889667445,1.2677949785249614,0.7516283835227737,0.9609735231639046,0.9599872266541106,-1.3030876549533963,0.1795835404684834,-0.3857790359926223,0,0,0.08552977415637202
0.0717964132531941,0.741739073707783,1.8940451350142056,-1.5060755933782846,-1.6984596126597988,1.905507796332572,1.893643500812573,1.918140027320392,0.8422465346021284,1.8404006036861336,-1.7763568394002505e-15,-4.4883296526572085,-0.11745617779461,1.6887858962853377,-0.1096947308726991,0.3915093697525827,0.3915196060900154,0.3653254656045335,-1.3304447010278462,0.3354787796427442,0.3360030565166221,1.493477949068639,0.4161244077027137,4.4883296526572085,0,0,0.3351350183554807
-1.228863247130756,1.4276030920542722,-0.7904807747785566,-0.1655758708418826,1.5999804745497712,-0.7904197960249194,-0.7904794415036949,-0.785889850843727,-0.758741243441237,-0.8208292056470788,-1.7763568394002505e-15,0.6870157431938726,0.1016901638446686,-0.0470656046268366,0.1084558310397486,0.3427205141205706,0.342735811576464,-0.9073259118650224,0.7516283835227737,-1.47461920493766,-1.4753684665038538,-0.002964238272663,-0.7357267718726694,-0.6870157431938785,0,0,0.1999043580714702
-1.6624164672587392,-0.0584356143631209,-0.7904807747785566,0.8485034647132518,-1.400357914401528,-0.7904197960249194,-0.7904794415036949,-0.785889850843727,-0.2388385921741933,-0.8208292056470788,-1.7763568394002505e-15,0.4203471827206315,1.1817685619239655,-0.1700938394644658,1.175602796215939,-0.3021684022276225,-0.3021683301774148,-0.4331060069524118,0.7516283835227737,-1.2436556495212507,-1.2451607144142949,-0.1262529652146126,-1.4213524740008745,-0.4203471827206355,0,0,0.19685944601139382
-1.517898727216078,0.9703604131566128,-0.7904807747785566,-0.1525190553626322,0.2019387137366773,-0.7904197960249194,-0.7904794415036949,-0.785889850843727,-0.7520472178884425,-0.8208292056470788,-1.7763568394002505e-15,0.5783729963344042,1.1348086315726928,-0.2469864862379841,1.1275771128098406,0.5933995279309214,0.5933996475749918,-0.4137500924661824,0.7516283835227737,-1.0987670366152191,-1.0997663446735209,-0.2035947458317482,-1.327078939958246,-0.578372996334409,0,0,0.13845416526758364
0.0717964132531941,0.1701857250857087,1.898809016796405,-1.4081494772839047,-0.092022683156895,1.905507796332572,1.8984025840436305,1.9231858247006983,0.89691440994995,1.8404006036861336,-1.7763568394002505e-15,-0.2660774451641989,0.1799567144301261,1.3600698313285473,0.1752033910278856,-0.5662662502284102,-0.5662712559246418,0.0943426627973281,-1.3304447010278462,0.9359840237254076,0.935754831697315,1.4189657457911546,0.0527427855747652,0.2660774451641938,0,0,0.04805155127984236
0.6498673734238385,-0.4013676235363654,0.5822762585588209,-0.0350077160493763,0.849205827084497,0.5706310273011902,0.5825160706563108,0.5593973583979244,0.4785378129002901,0.5227042903269675,-1.7763568394002505e-15,0.3018278225103034,-0.0078830069749707,0.2508934016205465,-0.0140503613775027,-0.209451853538249,-0.2094416491381631,-1.06943169568719,-1.3304447010278462,0.5109101140847162,0.5116879199533908,0.2983183775111611,-0.8317143701706184,-0.3018278225103051,0,0,0.17514101398095216
-1.517898727216078,1.6562244315031018,-0.7904807747785566,-0.8118882370647912,-0.3204293084427462,-0.7904197960249194,-0.7904794415036949,-0.785889850843727,-1.0900955083045678,-0.8208292056470788,-1.7763568394002505e-15,0.0499741820633519,-2.121079872782292,-0.248908802407322,-2.12718043124584,-0.5873059694968044,-0.587305912599885,-0.7282837028674037,0.7516283835227737,-1.0927089761452804,-1.093708245934322,-0.2068285485056354,1.3280065915332258,-0.0499741820633534,1,1,0.5962265083670749
-1.0843455070880947,0.741739073707783,-0.7904807747785566,-0.0175986287437084,-0.3342303129917404,-0.7904197960249194,-0.7904794415036949,-0.785889850843727,-0.6828756205095653,-0.8208292056470788,-1.7763568394002505e-15,0.6030645297115591,-1.7923603603233766,-0.2738989126087155,-1.793849628622156,0.190353449671452,0.1903586116074183,-0.3556823490074958,0.7516283835227737,-1.0487880377382257,-1.04827250539033,-0.2302736178913175,1.1668845515330974,-0.6030645297115611,1,0,0.41199647872253403
-1.517898727216078,-0.4013676235363654,-0.7904807747785566,-0.983802974208258,0.384802024010848,-0.7904197960249194,-0.7904794415036949,-0.785889850843727,-1.178233511416363,-0.8208292056470788,-1.7763568394002505e-15,0.3265193558874528,-1.588867328801189,-0.2758212287780535,-1.594827940608747,-0.3620467849830509,-0.3620416524037206,-0.5395635366266717,0.7516283835227737,-1.0427299772682872,-1.0422144066511312,-0.2335074205652047,0.9509124553627134,-0.3265193558874574,1,0,0.3333137953701229
0.2163141532958551,1.6562244315031018,1.69898773369034,0.182605875271468,-0.1520570529450193,1.6961153619747042,1.6985210883392274,1.7115210935678515,1.5417722048691591,1.6337031427670443,-1.7763568394002505e-15,0.0055294219844775,-1.573214018684098,1.5100104925369078,-1.5671521230526904,-2.883471047920659,-2.883476176761908,0.0411138979601987,-1.3304447010278462,0.2847425232070083,0.2845092172334314,1.569202828348831,1.6005428081291864,-0.0055294219844795,1,1,0.5678537935663672
-0.3617568068747892,-1.3158529813316842,1.1341798155789105,1.6340885293815002,-0.6150807555637682,1.146460221785311,1.1345697254589475,1.122327214852091,1.803954872353613,1.0911223078544463,-1.7763568394002505e-15,0.4697302494749358,-0.3522558295509769,1.3696814121752372,-0.3502301452201927,0.3221365288435468,0.3221467614942449,-0.0798605675787325,-1.3304447010278462,-0.5270375797647638,-0.5272760138192235,1.4285324120347378,0.4521197570644446,-0.4697302494749397,0,0,0.16437822870376617
0.2163141532958551,-0.8586103024340248,1.8237909663140912,0.2043672344035528,-1.0850049604570149,1.8269856334483705,1.8246367939622437,1.843488101975861,1.6589176520430644,1.762889055841474,-1.7763568394002505e-15,0.2079999956771246,0.1329967840788505,1.506165860198232,0.1361316485958057,-0.4956528001206344,-0.495652738352918,0.2032196817823669,-1.3304447010278462,0.5606366937754622,0.5601527098669822,1.565969025674944,0.2087226328089317,-0.207999995677127,0,0,0.0900269098169496
0.5053496333811774,1.0846710828810275,1.0705479660595445,1.3229010937926926,1.3950355569972102,1.0679380589011187,1.0703221018396754,1.0568612283281176,1.590861725589653,1.013610760009796,-1.7763568394002505e-15,-0.0882984048487011,0.6652093280599536,0.5738425180693232,0.6644141660628896,0.7342213312652497,0.7342214583931217,-0.7476396173536332,-1.3304447010278462,0.8145703951403885,0.8145928569133365,0.6242587386833752,-1.1025365225112589,0.0882984048486985,0,0,0.2997033921240945
1.5169738136798052,0.741739073707783,-0.7904807747785566,-0.7509564314949545,0.7098156811396577,-0.7904197960249194,-0.7904794415036949,-0.785889850843727,-1.0588567223915264,-0.8208292056470788,-1.7763568394002505e-15,0.045035875387922,-1.573214018684098,-1.5310936873557388,-1.5785480479287135,-0.2038564528663865,-0.2038614393027955,0.9629393253668552,0.7516283835227737,1.3284958583401798,1.329531249745244,-1.4992716838358866,2.167898076640276,-0.0450358753879229,1,0,0.2053989982087787
0.5053496333811774,0.5131177342589534,1.01649623045383,-0.607331461223197,0.1501849466779498,1.015589950311654,1.0155926446825172,1.0012280777247409,0.5544034358319617,0.961936394780026,-1.7763568394002505e-15,-5.357471627532967,-1.385374297279001,0.6411235839961515,-1.3823753411343112,0.139589746743492,0.1395797148478281,-0.437944985573969,-1.3304447010278462,0.6098584350937134,0.6086174997805734,0.4792765854707657,0.6149558613198931,5.357471627532964,1,1,0.7353546472622456
0.2163141532958551,-1.0872316418828545,1.696448741751476,-0.024127036483334,-0.8082948192496847,1.6961153619747042,1.6961415467236984,1.7089335051676946,1.433552125098981,1.6337031427670443,-1.7763568394002505e-15,0.6030645297115591,-2.058466632313928,1.194750640765483,-2.0518859276006856,-0.2907750524432913,-0.2907749797875985,-0.0387292492954954,-1.3304447010278462,0.9352267661666656,0.935754831697315,1.250538523192863,1.783947683448481,-0.6030645297115611,1,1,0.6413920157324998
0.2163141532958551,0.9703604131566128,1.7993171780374115,1.6623782962532103,-0.7786226594693476,1.8008115791536337,1.7984618361914289,1.8176122179742904,2.3863350954467397,1.7370518732265845,-1.7763568394002505e-15,0.4351621027469212,0.4773696066548595,1.2947110815710567,0.4731254270724974,1.1382548331726914,1.1382448543498611,-0.0024369096338164,-1.3304447010278462,0.9362364429116552,0.935754831697315,1.3514601149737595,-0.2695012944254906,-0.4351621027469266,0,0,0.15202293323506363
-0.9398277670454336,-0.8586103024340248,-0.7904807747785566,1.1488102207360178,-0.8448674813045189,-0.7904197960249194,-0.7904794415036949,-0.785889850843727,-0.0848760044599181,-0.8208292056470788,-1.7763568394002505e-15,0.1684935422736801,1.2130751821581502,-0.1124243543843272,1.2163025279160224,-0.4478513681365979,-0.4478614312511018,-0.7186057456242895,0.7516283835227737,-1.3511862228626608,-1.3511774423502758,-0.0688529677531148,-1.5739041927243995,-0.1684935422736836,0,0,0.14724424276937684
-0.5062745469174503,0.2844963948101236,0.5923013504411396,-0.8488825475893343,0.2191899694229199,0.5968050815959273,0.5920342371184253,0.5694889531585369,0.0690865832543569,0.5485414729418572,-1.7763568394002505e-15,0.6425709831150036,0.9939288405188716,0.9371602740741968,0.9875700357615532,-0.2757358307279757,-0.27574588469561,-0.4621398786817556,-1.3304447010278462,-0.7491664636625125,-0.7483966177999838,0.9908911168353368,-1.0613989803835668,-0.6425709831150045,0,0,0.05960218925657148
-1.6624164672587392,1.1989817526054425,-0.7904807747785566,-1.2188256528347696,-0.4860413630306743,-0.7904197960249194,-0.7904794415036949,-0.785889850843727,-1.2987259713666646,-0.8208292056470788,-1.7763568394002505e-15,0.6475092897904335,-1.9019335311430128,-0.2296856407139425,-1.904959896163384,1.0352336325672638,1.0352287119807848,-0.6774744273410525,0.7516283835227737,-1.129562177337407,-1.1300568383695155,-0.1871562489061549,1.1428876519586102,-0.6475092897904351,1,0,0.4223644990376643
0.3608318933385163,-0.9729209721584398,1.4227872910213344,-1.7084562333066695,0.8464456261746978,1.4343748190273808,1.4224942609379092,1.4217111927502617,0.3368476053661391,1.3753313166181949,-1.7763568394002505e-15,0.0845423287913611,0.8373957393479594,0.9140924800421414,0.8422719935922548,-0.5281111877284403,-0.5281111276856834,-0.4669788573033127,-1.3304447010278462,0.8723743887910526,0.872144794935726,0.9677155310058118,-0.955126996553695,-0.0845423287913664,0,0,0.17201498598229994
1.5169738136798052,-0.1727462840875357,-0.7904807747785566,-1.1992404296158938,0.4565672476656173,-0.7904197960249194,-0.7904794415036949,-0.785889850843727,-1.2886849330374728,-0.8208292056470788,-1.7763568394002505e-15,-0.2117560717344647,-2.0115067019626527,-1.1447081373188095,-2.010779198583601,-1.3100241241495143,-1.3100190419492828,0.4379101449278932,0.7516283835227737,0.6010237635750527,0.5995303516717748,-1.1109458794132654,2.1353308557891864,0.2117560717344592,1,1,0.7179336018968899
0.2163141532958551,1.4276030920542722,1.7180956111683892,-0.1089963370984634,0.1046416316662697,1.722289416269441,1.717557421263456,1.7317042830890763,1.4078916938132686,1.659540325381934,-1.7763568394002505e-15,-4.053758665219336,0.5399828471232233,1.5138551248755838,0.5419079736456385,1.05867861456791,1.0586736952273843,0.3193551686997402,-1.3304447010278462,0.3226054011441246,0.3238868590382243,1.3537507252010963,-0.2335059450637597,4.0537586652193305,0,0,0.17937371947428624
-0.2172390668321281,0.8560497434321979,1.3925026139773582,1.1031113665586405,-0.194150116819451,1.3820267104379067,1.391560219936037,1.3901426142683455,1.752634009782188,1.3236569513884158,-1.7763568394002505e-15,-5.579695427927334,-0.6496687217757131,0.8852577375020722,-0.6534431463858151,0.5629413061741441,0.562946487910834,-0.3314874558997092,-1.3304447010278462,0.8945872771808276,0.8933481405229223,0.6642770467727294,0.1487303838727142,5.579695427927332,1,0,0.4098031392460586
-0.9398277670454336,-0.8586103024340248,-0.7904807747785566,-1.0730245466498043,1.6469038900163513,-0.7904197960249194,-0.7904794415036949,-0.785889850843727,-1.223976019360459,-0.8208292056470788,-1.7763568394002505e-15,0.6475092897904335,-1.6671338793866464,-0.1739384718031417,-1.660354508645882,-0.4205579657643575,-0.4205477725832485,-0.7234447242458466,0.7516283835227737,-1.23583065474758,-1.2360735663054965,-0.1304299603350502,0.8874920779158543,-0.6475092897904351,1,1,0.5244464586152575
-0.3617568068747892,-1.2015423116072694,1.1606952674765318,1.2793783755285246,1.3908952556325118,1.172634276080048,1.160744683229762,1.1497556518937555,1.645529600937475,1.1169594904693358,-1.7763568394002505e-15,0.0598507954142117,-1.6984404996208282,1.3562251989898717,-1.699426251077962,-0.3988599640639759,-0.3988548334410386,0.3048382328350678,-1.3304447010278462,-0.4775634192602653,-0.4788112239056321,1.4131718493337737,1.6879600851505332,-0.0598507954142143,1,1,0.6716964377565544
-0.072721326789467,0.9703604131566128,1.6823141474526455,0.996480706811426,-0.3197392582152966,1.6699413076799765,1.681864297030527,1.6939254924467837,1.9456450798877647,1.607865960152164,-1.7763568394002505e-15,0.5141750095538102,1.1348086315726928,1.460030272134121,1.1406010269538671,0.0336062751941409,0.0336063650886829,0.3967788266446562,-1.3304447010278462,0.3970690610871199,0.3965840439086111,1.518135694457029,-0.6123141454895928,-0.5141750095538136,0,0,0.1410483455837023
1.372456073637144,-1.0872316418828545,-0.7904807747785566,0.7440489408792471,-0.8227858740261286,-0.7904197960249194,-0.7904794415036949,-0.785889850843727,-0.2923907965965494,-0.8208292056470788,-1.7763568394002505e-15,0.3314576625628826,-1.4949474680986403,-1.2504355266323972,-1.4995905684305515,-0.596851064760566,-0.5968459446596246,0.2201561069578173,0.7516283835227737,0.8004349207105318,0.799447610065339,-1.2173918840953857,1.7102429204696992,-0.3314576625628877,1,0,0.37343529708363143
1.5169738136798052,0.6274284039833682,-0.7904807747785566,0.824565969667959,-1.451421631232806,-0.7904197960249194,-0.7904794415036949,-0.785889850843727,-0.2511109723543166,-0.8208292056470788,-1.7763568394002505e-15,0.6820774365184427,0.2895298852497627,-1.3811530261473783,0.2846856693011103,-2.81493371932914,-2.814923653394204,0.4717829952787941,0.7516283835227737,1.0467960464880346,1.0478296583724946,-1.3488998595001318,0.3629884157877781,-0.682077436518448,0,0,0.2067594189493149
0.5053496333811774,-0.6299889629851951,-0.6196615851597231,0.1347308851808825,-0.9883979286140566,-0.6072014159617884,-0.6191524451856353,-0.6227424022138248,-0.4597414354164134,0.961936394780026,-1.7763568394002505e-15,0.5586197696326847,0.414756366186493,0.664191378028207,0.4080058563523634,0.9119069507906536,0.911896959938844,-0.737961660110518,-1.3304447010278462,0.5702286228528649,0.5692398579757803,-0.928505511894796,-0.3517763786808752,-0.5586197696326873,0,0,0.26539837172897784
1.372456073637144,-0.0584356143631209,-0.7904807747785566,-1.0904336339554714,1.223213050362235,-0.7904197960249194,-0.7904794415036949,-0.785889850843727,-1.2329013867641847,-0.8208292056470788,-1.7763568394002505e-15,-0.0290387247435371,0.2269166447813989,-1.6079863341292573,0.2195660985809768,0.4672624865408434,0.4672625994815143,0.766960691193786,0.7516283835227737,1.4769183398536754,1.4779546688556175,-1.578499849346123,0.647523082170983,0.0290387247435333,0,0,0.08120087530253832
0.3608318933385163,0.2844963948101236,1.4289384570587884,-0.663910994966617,1.1059045116957855,1.4343748190273808,1.4296328857844949,1.4281801637506544,0.8779480042170327,1.3753313166181949,-1.7763568394002505e-15,0.1388637022210953,1.0565420809872357,1.3639144636672231,1.049026630628679,0.2466619161611238,0.2466569536669642,0.2153171283362593,-1.3304447010278462,0.0396434933607426,0.0391562182958751,1.4212563560184917,-0.6483094948513237,-0.138863702221101,0,0,0.12648515248537548
-0.6507922869601114,0.3988070645345384,-0.1247152081289962,-0.228683812324928,-0.4053054864190592,-0.1360684386565969,-0.1242077891556851,-0.1432622716647231,-0.2232191992176726,-0.1748996402749406,-1.7763568394002505e-15,-0.0142238047172474,0.0860368537275777,0.2758835118219399,0.0844429893366991,-0.977059806341219,-0.9770698975798594,-0.7307031921781828,-1.3304447010278462,-0.8763857335312231,-0.8756166913231611,0.3236498317899442,-0.8008612135748493,0.0142238047172422,0,0,0.1960392435903003
0.2163141532958551,-0.74429963270961,1.6667137433746766,0.6700603198301593,1.7345402689024632,1.6699413076799765,1.6675870473373553,1.6774943061057863,1.7649063899623112,1.607865960152164,-1.7763568394002505e-15,0.0746657154405013,0.915662289933414,1.381215309191265,0.913903521384402,-1.7464400579995345,-1.7464501901259448,1.1564984702291443,-1.3304447010278462,0.4687561099813934,0.4692812287789982,1.4401202049495003,-0.2557887803829268,-0.0746657154405055,0,0,0.20854808336816363
0.6498673734238385,-0.8586103024340248,0.4361926089629412,-0.6530303154005747,0.712575882049456,0.4397607558275239,0.437364032109066,0.4125517166890115,0.0378477973413155,0.3935183772525381,-1.7763568394002505e-15,-0.0043471913663822,-0.1018028676775191,0.2662719309752501,-0.1088807362386973,0.739082493839897,0.7390826212261101,-1.1831476932937857,-1.3304447010278462,0.1895804899917229,0.190608686775848,0.3134094566559681,-0.7734361854897212,0.0043471913663813,0,0,0.16102865029286434
-0.2172390668321281,0.8560497434321979,1.5520926536810091,1.5688044519852475,-0.9394043624651278,1.5390710362063105,1.5509895081764535,1.5570420660784756,2.127499440738683,1.4786800470777348,-1.7763568394002505e-15,0.6326943697641384,-1.041001474702995,1.1851390599187932,-1.041718586804612,0.5504845770766094,0.5504796307287328,0.1911222352284728,-1.3304447010278462,0.6651382368819031,0.666169437802963,1.2415108240615946,0.9920499974904052,-0.6326943697641436,0,0,0.270482615857883
-0.6507922869601114,-1.2015423116072694,-0.2015393456606046,0.2652990399733895,-0.1492968520352201,-0.1884165472460616,-0.2003531208526005,-0.2183023352692776,-0.035786483739425,-0.2265740055047105,-1.7763568394002505e-15,0.691954049869308,-2.08977325254811,0.0163708289613158,-2.095434640519775,0.6228450074846461,0.6228400649822773,-0.8661945935817854,0.7516283835227737,-0.5121448477761648,-0.5121307669712262,0.0622507823173954,1.0914657242989954,-0.6919540498693089,1,1,0.6269058828229338
-1.517898727216078,0.741739073707783,-0.7904807747785566,-0.4767633064306901,-1.1705711886607777,-0.7904197960249194,-0.7904794415036949,-0.785889850843727,-0.9182821857828406,-0.8208292056470788,-1.7763568394002505e-15,0.1783701556245398,-1.573214018684098,-0.1393367807550586,-1.5667451257356897,1.0331068739408569,1.0330918258187831,-0.8419997004739996,0.7516283835227737,-1.3014596431719148,-1.3027126524366843,-0.0953970980346055,0.752081001745534,-0.1783701556245444,1,0,0.31359543348810826
0.5053496333811774,-0.5156782932607803,1.0941317983988896,0.7484012127056632,1.451619675648086,1.0941121131958464,1.0941175179949612,1.081055179869586,1.3164066779250765,1.0394479426246763,-1.7763568394002505e-15,0.4302237960714913,-1.3227610568106374,0.5584639887146196,-1.31847676236518,1.116480875807082,1.1164708958271012,-0.7766734890829761,-1.3304447010278462,0.9258872562755104,0.9266676835885164,0.6098413684289615,0.5498214196177138,-0.4302237960714963,0,0,0.4663365051212027
-0.7953100270027725,1.5419137617786869,-0.7904807747785566,-0.7030814414043689,1.2066518449034416,-0.7904197960249194,-0.7904794415036949,-0.785889850843727,-1.03431196203128,-0.8208292056470788,-1.7763568394002505e-15,0.5931879163606993,-1.1662279556397253,-0.4161503091397243,-1.160561803368856,-1.6699020660039077,-1.6699071303515165,-0.2540637979547931,0.7516283835227737,-0.7794567660122055,-0.7786871114959784,-0.3740430951012193,0.7537950660008542,-0.5931879163607005,1,0,0.4650228415376034
0.0717964132531941,-1.0872316418828545,1.8518769286893608,-0.909814353159171,-0.4722403584816806,1.853159687743108,1.850811751733058,1.873374747997675,1.1122388985648417,1.7887262384563636,-1.7763568394002505e-15,0.2030616890016947,0.9939288405188716,1.6042039848344678,0.9912330116145605,0.4094602253016713,0.4094552714592285,0.5734015463314968,-1.3304447010278462,0.4329125855342567,0.4329326363438046,1.6637915565600316,-0.3432060574042725,-0.2030616890016967,0,0,0.15373795650659214
-0.9398277670454336,-1.3158529813316842,-0.7904807747785566,0.8202136978415431,-0.1679282081763622,-0.7904197960249194,-0.7904794415036949,-0.785889850843727,-0.2533423142052476,-0.8208292056470788,-1.7763568394002505e-15,-2.0981892217488824,0.8530490494650503,-0.1489483616017483,0.8512259345662732,0.826785968624164,0.8267962280938425,-0.5323050686943355,0.7516283835227737,-1.2822757850171094,-1.2815093068494885,-0.1056374731685817,-1.1899537995326053,2.098189221748882,0,0,0.14104030383343566
-0.3617568068747892,1.0846710828810275,1.0683230762162097,-0.2178031327588857,-0.3031780527565036,1.0679380589011187,1.0679425602241466,1.0545323987679762,0.7987353685089637,1.013610760009796,-1.7763568394002505e-15,0.316642742536593,0.1016901638446686,1.3639144636672231,0.0995018900657302,0.1615662525497112,0.1615663492445315,-0.0169538454984887,-1.3304447010278462,-0.6557713647509592,-0.6544960873424006,1.4226037737992778,0.0870240706811753,-0.3166427425365965,0,0,0.13400816108759459
-0.5062745469174503,-0.2870569538119506,0.4571327486649128,0.6831171353094104,0.2295407228346653,0.4659348101222609,0.4564003650332948,0.4335111827302837,0.7396048094592783,0.4193555598674277,-1.7763568394002505e-15,-0.0734834848224115,0.4304096763035867,0.6219004223027721,0.4307977061044103,0.0670774050049962,0.0670673692557523,-0.5976312800853583,-1.3304447010278462,-0.4477779552830672,-0.4485207302096376,0.6730352623478406,-0.8334284344259386,0.0734834848224071,0,0,0.015879157071236414
-0.7953100270027725,0.8560497434321979,-0.7904807747785566,-0.8010075574987487,1.0596711464566555,-0.7904197960249194,-0.7904794415036949,-0.785889850843727,-1.0845171536772389,-0.8208292056470788,-1.7763568394002505e-15,-0.157434698304725,0.9626222202846896,-0.5507124409933811,0.969662153813516,-0.3690600247391823,-0.3690700836664162,-0.4645593679925337,0.7516283835227737,-0.5252706454610317,-0.524246964449624,-0.5097280656264032,-1.0134051812345923,0.1574346983047243,0,0,0.1379574974756588
1.372456073637144,-1.2015423116072694,-0.7904807747785566,-1.5213085447707435,0.1529451475877485,-0.7904197960249194,-0.7904794415036949,-0.785889850843727,-1.4538042300064054,-0.8208292056470788,-1.7763568394002505e-15,0.2079999956771246,1.150461941689784,-1.258124791309749,1.1532179437808932,1.25456827519317,1.2545785573968131,0.7040539691135422,0.7516283835227737,0.812551041650409,0.8115638075437371,-1.22385948944316,-0.3826295352766444,-0.207999995677127,0,0,0.13445493981447515
1.372456073637144,0.3988070645345384,-0.7904807747785566,0.6983500867018696,-0.8255460749359272,-0.7904197960249194,-0.7904794415036949,-0.785889850843727,-0.3158198860313305,-0.8208292056470788,-1.7763568394002505e-15,0.691954049869308,0.7747824988795929,-1.2485132104630592,0.7747104389701163,1.0714644848814363,1.0714747573542538,0.3362915938751906,0.7516283835227737,0.7961437945443253,0.7964185606957397,-1.215101273868049,-0.1735136961275422,-0.6919540498693089,0,0,0.09532680505654734
-1.0843455070880947,-0.9729209721584398,-0.7904807747785566,-1.7280414565255455,1.3087792785659975,-0.7904197960249194,-0.7904794415036949,-0.785889850843727,-1.5597929679256524,-0.8208292056470788,-1.7763568394002505e-15,0.6129411430624189,-1.6201739490353708,-0.2796658611167294,-1.614770809141788,0.9513279410444369,0.9513230159988928,-0.3556823490074958,0.7516283835227737,-1.036419497612101,-1.0361563079119325,-0.2368759650171706,1.0211890898308544,-0.6129411430624219,1,0,0.4613382674721041
-0.2172390668321281,-0.2870569538119506,1.5241637423535046,0.9464295808076324,0.5076309644968948,1.5128969819115732,1.5248145504056392,1.527802317156701,1.7838727956952294,1.452842864462845,-1.7763568394002505e-15,0.400593956018912,0.0077703031421202,1.0794116706052057,0.0107764749595481,-0.6531088941400836,-0.653113904451464,-0.2298689048470074,-1.3304447010278462,0.7895808957018916,0.7903604619565409,1.1342563687110023,-0.0809542263402342,-0.4005939560189137,0,0,0.06369518681892332
-0.5062745469174503,-0.5156782932607803,0.4884382575193605,-0.6573825872269914,-0.7510206503713597,0.4921088644169886,0.4873344060351667,0.464950381792192,0.0791276215835483,0.445192742482308,-1.7763568394002505e-15,0.5042983962029505,-1.9802000817284704,0.5969103121013787,-1.9843243729785467,-0.3359433546993961,-0.3359534118666836,-0.7694150211506408,-1.3304447010278462,-0.3142482057581704,-0.3152425579472613,0.6485122587375293,1.1360313949373282,-0.5042983962029527,1,1,0.8967215961356175
0.0717964132531941,-1.544474320780514,1.771231215662142,-0.2569735791966376,0.4765787042616581,1.774637524858906,1.772286878420614,1.7878549513724846,1.3777685788256926,1.711214690611704,-1.7763568394002505e-15,0.1042955554930861,0.4304096763035867,1.6983974771320276,0.4373096631764235,-0.3586034614926763,-0.3586084561529227,0.4282321876847789,-1.3304447010278462,0.0825547550228078,0.0815629094702675,1.759188735439704,0.1418741268514317,-0.1042955554930881,0,0,0.15507283697009647
0.5053496333811774,-0.8586103024340248,1.0231447248092058,-0.7335473441892865,-0.0092166558629312,1.015589950311654,1.022731269529103,1.008085186985157,0.4963885477077427,0.961936394780026,-1.7763568394002505e-15,0.380840729317187,0.3677964358352201,0.798753509881864,0.3742250790412941,1.0176119182341672,1.0176171241337706,-0.479076303857206,-1.3304447010278462,0.3286634616140634,0.3299449577774231,0.8523765689705015,-0.6380251093194003,-0.380840729317192,0,0,0.05366230810710559
-0.7953100270027725,0.5131177342589534,-0.7609551777987766,-0.8554109553289598,-0.6840857783087383,-0.7642457417301824,-0.7619249421173516,-0.7578145167020229,-1.0878641664536364,-0.7949920230321893,-1.7763568394002505e-15,0.0647891020896416,0.0077703031421202,-0.5487901248240432,0.0067065017895397,0.7634136252682102,0.7634188176587575,-0.4210085603985186,0.7516283835227737,-0.4750392273977908,-0.4757821745360327,-0.5082459060675383,-0.190654338680747,-0.0647891020896446,0,0,0.10326303918133321
-0.9398277670454336,-1.2015423116072694,-0.7904807747785566,1.0617647842076805,1.6641551457025938,-0.7904197960249194,-0.7904794415036949,-0.785889850843727,-0.1295028414785484,-0.8208292056470788,-1.7763568394002505e-15,0.5783729963344042,-1.0566547848200858,-0.0912788765216097,-1.053928506314637,-0.2987250787372478,-0.298725006504048,-0.5395635366266717,0.7516283835227737,-1.391320873476004,-1.390555084155069,-0.0474290250386121,0.3767009298303419,-0.578372996334409,0,0,0.30474629715909846
-0.9398277670454336,-0.8586103024340248,-0.7904807747785566,-0.4898201219099413,0.4565672476656173,-0.7904197960249194,-0.7904794415036949,-0.785889850843727,-0.9249762113356352,-0.8208292056470788,-1.7763568394002505e-15,0.3215810492120229,0.0390769233763048,-0.2719765964393776,0.0364173059306009,0.35841801826787,0.3584130617128513,6.641480737764286,0.7516283835227737,-1.0508073912282052,-1.0513015547599296,-0.2291956836666885,1.6091131294057897,-0.3215810492120268,1,1,2.8170050448814266
-1.6624164672587392,1.4276030920542722,-0.7904807747785566,-0.30920084111364,0.1149923850780152,-0.7904197960249194,-0.7904794415036949,-0.785889850843727,-0.832375524521977,-0.8208292056470788,-1.7763568394002505e-15,0.2376298357297039,-0.8531617532978981,-0.1008904573682994,-0.8544998209842277,-1.2701980370145116,-1.2701980164090536,-0.6508600449224877,0.7516283835227737,-1.3744087879974254,-1.3754098373070716,-0.0564567241698805,0.1830116689791243,-0.2376298357297096,1,0,0.15991470733476418
0.9389028535091608,-1.3158529813316842,-0.7904807747785566,1.3359579092719438,-1.0622333029511746,-0.7904197960249194,-0.7904794415036949,-0.785889850843727,0.011071695130137,-0.8208292056470788,-1.7763568394002505e-15,-3.9006711582809928,-1.0096948544688131,-1.659888870701382,-1.0164847531505603,1.2065896133235974,1.2065847018436222,0.8347063918955877,0.7516283835227737,1.5723327922552082,1.571855199313201,-1.6294322414598463,1.7410960770654682,3.900671158280987,1,1,0.5159656618771228
0.0717964132531941,-1.6587849905049288,1.9053789856278984,-0.0611213470078771,1.5420162554439962,1.905507796332572,1.905541208890216,1.9301723133811224,1.5919773965151187,1.8404006036861336,-1.7763568394002505e-15,0.0944189421422263,0.7121692584112291,1.7695231753975318,0.7083698762989803,-0.2697606517299707,-0.2697707053800618,0.5564651211560463,-1.3304447010278462,0.2148224086164671,0.2148410817326437,1.8314103284898515,-0.0038213348508113,-0.0944189421422272,0,0,0.27447748937428246
-1.6624164672587392,1.7705351012275166,-0.7904807747785566,-0.5398712479137355,-1.5542391151228117,-0.7904197960249194,-0.7904794415036949,-0.785889850843727,-0.9506366426213478,-0.8208292056470788,-1.7763568394002505e-15,-0.2364476051116141,-1.4479875377473677,-0.2258410083752665,-1.4462739199034422,0.3938639953746767,0.393848913280822,-0.4040721352230681,0.7516283835227737,-1.139658944787305,-1.139143986478314,-0.1817665777830096,0.8309279574902777,0.2364476051116112,1,0,0.4810038753475466
-1.6624164672587392,-0.2870569538119506,-0.7904807747785566,0.9507818526340484,-1.5928819278599944,-0.7904197960249194,-0.7904794415036949,-0.785889850843727,-0.1864020586773027,-0.8208292056470788,-1.7763568394002505e-15,0.5734346896589744,1.08784870122142,-0.2642873317620257,1.0811794186717454,-0.4236215109285896,-0.4236163816215725,5.042198303339616,0.7516283835227737,-1.0641856080993195,-1.0634177522383277,-0.2220543694285209,0.27042894600047,-0.5734346896589787,1,1,1.5403714257855219
1.5169738136798052,-1.6587849905049288,-0.7904807747785566,-0.5551041993061947,0.8022824116179168,-0.7904197960249194,-0.7904794415036949,-0.785889850843727,-0.9584463390996082,-0.8208292056470788,-1.7763568394002505e-15,-0.0882984048487011,0.8843556696992323,-1.3369397542526051,0.8780877574883281,0.1654146729213092,0.1654046423980784,0.61937184323629,0.7516283835227737,0.9642549725851212,0.96301627602371,-1.3048392980684185,-0.1238058327232469,0.0882984048486985,0,0,0.1521631673740301
0.7943851134664996,-1.2015423116072694,-0.1130934305944019,-1.5583028552952876,0.6497813113515334,-0.1098943843618599,-0.112310081078042,-0.1318768827040321,-0.8948530963480599,-0.149062457660051,-1.7763568394002505e-15,0.6129411430624189,1.150461941689784,-0.5603240218400709,1.1479269786598825,0.0785467104545551,0.0785417390261188,-0.0605046530925039,0.7516283835227737,0.7426309270598674,0.7418956720429495,-0.5205074078726938,-1.0425442735750414,-0.6129411430624219,0,0,0.1719567088469748
0.2163141532958551,1.5419137617786869,1.7845543795475218,-0.2917917538079728,-0.0740813772432029,1.774637524858906,1.784184586498257,1.8019573081533409,1.372190224198364,1.711214690611704,-1.7763568394002505e-15,-4.053758665219336,1.0095821506359626,1.5196220733835977,1.0136178640496067,0.8303558848899244,0.8303712082606027,0.3435500618075267,-1.3304447010278462,0.4445238681016388,0.4450488338222025,1.353077016310703,-0.6243125952768365,4.0537586652193305,0,0,0.18273072156738768
-1.0843455070880947,-1.0872316418828545,-0.7904807747785566,0.2892365350186823,-1.4272698732720663,-0.7904197960249194,-0.7904794415036949,-0.785889850843727,-0.5255660200188932,-0.8208292056470788,-1.7763568394002505e-15,0.3660258092908973,0.1173434739617595,-0.0605218178122023,0.1104908176247526,0.1956450276823997,0.1956552536108618,-0.8444191897847778,0.7516283835227737,-1.4488724479404207,-1.4481070221774586,-0.0167078996366836,-0.710015808042862,-0.3660258092909006,0,0,0.16613084278273418
1.6614915537224662,-1.6587849905049288,-0.7904807747785566,-1.721513048785921,0.2923352935325883,-0.7904197960249194,-0.7904794415036949,-0.785889850843727,-1.556445955149255,-0.8208292056470788,-1.7763568394002505e-15,0.3462725825891778,0.8060891191137748,-0.0816672956749199,0.8068632270131819,1.2724684936321042,1.2724838404983196,-0.8589361256494493,0.7516283835227737,-1.410252312444562,-1.4117584297422652,-0.0373233916827146,-1.2876554620858744,-0.3462725825891791,0,0,0.29589068253728307
0.7943851134664996,0.2844963948101236,-0.117883487551228,-1.473433554680158,0.0915306773447251,-0.1098943843618599,-0.1170691643090993,-0.1365345418243148,-0.8558046139567581,-0.149062457660051,-1.7763568394002505e-15,0.4796068628257956,-1.557560708567007,-0.5910810805494782,-1.5520932223236596,-0.113823671015099,-0.1138286526668246,-0.1451867789697552,0.7516283835227737,0.7885712189569021,0.7873314125869415,-0.5516327586088582,1.2285908647246355,-0.4796068628258004,1,0,0.22210884236552395
-1.373380987173417,-0.74429963270961,-0.7904807747785566,-0.0175986287437084,-0.2300327286468352,-0.7904197960249194,-0.7904794415036949,-0.785889850843727,-0.6828756205095653,-0.8208292056470788,-1.7763568394002505e-15,-0.2216326850853244,0.5556361572403142,-0.1681715232951279,0.5594088582766741,1.1841067364158535,1.1841119511636196,-0.5081101755865489,0.7516283835227737,-1.2476943565012095,-1.2481897637838943,-0.1240970967653544,-0.924273839957926,0.22163268508532,0,0,0.06829906713863926
1.0834205935518215,0.0558750553612939,-0.7904807747785566,-1.286285866144232,0.995496475303834,-0.7904197960249194,-0.7904794415036949,-0.785889850843727,-1.3333117700561037,-0.8208292056470788,-1.7763568394002505e-15,0.5536814629572548,1.306995042860696,-1.525326738847725,1.3013649671691971,0.0655836102554958,0.0655887655607188,0.7717996698153423,0.7516283835227737,1.3204184443802618,1.320444101636446,-1.4949599469373704,-0.3157810293191443,-0.553681462957257,0,0,0.10188515738144326
0.7943851134664996,1.5419137617786869,-0.1236682011438976,-0.1111724730116714,-0.6164608560186678,-0.1360684386565969,-0.1242077891556851,-0.1422272363046603,-0.1618572983170553,-0.1748996402749406,-1.7763568394002505e-15,0.1191104755193758,-0.3522558295509769,-0.5814694997027885,-0.3481951586351886,0.493214005494039,0.4932191835251582,-0.2056740117392208,0.7516283835227737,0.7481841491573111,0.7479537707821483,-0.5407186745844889,0.1898679260004062,-0.1191104755193793,0,0,0.10808551412875289
-0.7953100270027725,-1.6587849905049288,-0.7904807747785566,0.5764864755621962,-0.4915617648502718,-0.7904197960249194,-0.7904794415036949,-0.785889850843727,-0.3782974578574132,-0.8208292056470788,-1.7763568394002505e-15,-0.1673113116555903,0.9782755304017808,-0.650672881798955,0.9757671135685289,0.4697183863832423,0.469703308320577,-0.174220650699099,0.7516283835227737,-0.3362086749616979,-0.3364459035344576,-0.6106496574072996,-0.8711378480429903,0.1673113116555852,0,0,0.19810505026689942
-1.373380987173417,0.0558750553612939,-0.7904807747785566,1.2532647445700225,-0.9725267733827138,-0.7904197960249194,-0.7904794415036949,-0.785889850843727,-0.031323800037562,-0.8208292056470788,-1.7763568394002505e-15,0.52405162290467,-0.5244422408389828,-0.2239186922059286,-0.5179130398245371,-1.7621122435917564,-1.7621173128397634,-0.1427672896589771,0.7516283835227737,-1.1431928133947689,-1.1421730358479134,-0.1798801928899087,0.121305355787586,-0.5240516229046744,1,0,0.12878327316519894
1.227938333594483,-0.1727462840875357,-0.7904807747785566,-1.4560244673744902,-1.5790809233110008,-0.7904197960249194,-0.7904794415036949,-0.785889850843727,-1.4203341022424325,-0.8208292056470788,-1.7763568394002505e-15,0.5191133162292402,-0.3835624497851616,-1.6983351940881413,-0.3884878930182711,0.2671193086627655,0.2671042198332212,1.030685026068655,0.7516283835227737,1.6467964521982033,1.6475814335531875,-1.669181065993043,1.2920112421714949,-0.5191133162292438,0,0,0.11999047948820381
1.372456073637144,-0.6299889629851951,-0.7904807747785566,1.3141965501398591,0.3627204167324581,-0.7904197960249194,-0.7904794415036949,-0.785889850843727,-8.50141245206812e-05,-0.8208292056470788,-1.7763568394002505e-15,-0.0833600981732713,0.915662289933414,-1.2504355266323972,0.9191944865054128,-0.1189633376955874,-0.1189531284865997,6.392273338754087,0.7516283835227737,0.79765830966181,0.7964185606957397,-1.215909724536521,1.422280125575854,0.083360098173268,1,1,1.4431708973229256
-0.9398277670454336,-0.5156782932607803,-0.7904807747785566,0.5177308059055691,-1.2292254579940023,-0.7904197960249194,-0.7904794415036949,-0.785889850843727,-0.4084205728449883,-0.8208292056470788,-1.7763568394002505e-15,-3.7377070379917847,-0.1018028676775191,-0.1854723688191695,-0.1039967684346873,0.1367540685749469,0.1367440365285848,-0.43552549626319,0.7516283835227737,-1.2151322814752898,-1.2148702207183002,-0.1414787861374982,-0.3346357361276699,3.737707037991783,0,0,0.16871702496207372
-0.3617568068747892,-0.0584356143631209,0.9821544013425966,0.7832193873169991,-0.0830520302000492,0.989415896016917,0.9822790620651168,0.9660368754826048,1.2394253840679383,0.9360992121651364,-1.7763568394002505e-15,0.2672596757822887,0.8217424292308685,1.1851390599187932,0.8239571143272171,-0.2682668569804703,-0.2682718468398903,0.0604698124464272,-1.3304447010278462,-0.4889222826414002,-0.4878983720144305,1.2420497911739092,-0.6157422740002338,-0.2672596757822922,0,0,0.03109813035588919
-0.2172390668321281,0.5131177342589534,1.390696526928063,1.07482159968693,-0.6958166321753834,1.3820267104379067,1.391560219936037,1.388331302388236,1.7370146168256673,1.3236569513884158,-1.7763568394002505e-15,0.1684935422736801,1.2130751821581502,0.8602676273006787,1.217523519867025,-0.3438174253281211,-0.3438122917800145,-0.437944985573969,-1.3304447010278462,0.9170525847568496,0.917580535479718,0.9140883033305156,-1.2979398476177972,-0.1684935422736836,0,0,0.21253148437708158
0.7943851134664996,-1.430163651056099,-0.090216327969998,0.7135830380943288,-0.1258351443019305,-0.0837203300671322,-0.0908942065382846,-0.1093648636226657,0.2888737555711114,-0.1232252750451706,-1.7763568394002505e-15,-0.2512625251379037,0.2582232650155808,-0.5276446469613258,0.2525328812580446,-1.2248018677627237,-1.2247967810334566,-0.4984322183434346,0.7516283835227737,0.6997196653978024,0.6994889808685569,-0.4870914469091927,-0.432337398680939,0.2512625251379026,0,0,0.2551998682050276
1.5169738136798052,-0.74429963270961,-0.7904807747785566,1.2315033854379391,-1.213354302762659,-0.7904197960249194,-0.7904794415036949,-0.785889850843727,-0.042480509292219,-0.8208292056470788,-1.7763568394002505e-15,0.4796068628257956,0.1016901638446686,-1.575306959250512,0.1023508712847364,0.9335036782707304,0.9335088797005042,0.7645412018830079,0.7516283835227737,1.4155804775955467,1.4143446320940294,-1.5457575972730149,0.7246559736604059,-0.4796068628258004,0,0,0.10582785533268065
-0.2172390668321281,-0.1727462840875357,1.556804185113953,-1.1687745268309755,0.871977484590337,1.5652450905010378,1.5557485914075109,1.561958484038774,0.7284481002046205,1.504517229692615,-1.7763568394002505e-15,0.6672625164921531,0.1799567144301261,1.108246413145275,0.1800873588318958,0.5682582027401653,0.568263384759415,6.614866355345721,-1.3304447010278462,0.8234050666590489,0.8236800050221347,1.163899559888302,1.7342398200441864,-0.6672625164921567,1,1,2.224879770972827
0.2163141532958551,-1.3158529813316842,1.730424118417925,-0.361428103030643,1.2666862146915658,1.722289416269441,1.7294551293410991,1.7447716045098696,1.2896305757138975,1.659540325381934,-1.7763568394002505e-15,0.4401004094223565,-0.1644161081458828,1.233196964152242,-0.1654533633018134,0.8929939901486665,0.8930093168481706,0.1790247886745803,-1.3304447010278462,0.9147808120806228,0.9145514861101188,1.289209413501431,0.2807133315323935,-0.4401004094223572,0,0,0.1824105464140362
-0.2172390668321281,0.8560497434321979,1.5809376961204753,1.392537443015363,0.3641005171873572,1.5914191447957748,1.5819235491783257,1.5873168503603132,2.061674856136204,1.5303544123075046,-1.7763568394002505e-15,0.0499741820633519,0.946968910167596,1.2543424420149596,0.950940277231478,-0.2007675891470809,-0.200762447996765,-0.1476062682805342,-1.3304447010278462,0.5379189670131923,0.5389493642797858,1.311307065106327,-0.7374408361279903,-0.0499741820633534,0,0,0.11600734207028403
-0.7953100270027725,1.0846710828810275,-0.7663734389466618,1.6623782962532103,-1.6577466492402666,-0.7642457417301824,-0.7666840253484088,-0.762989693502337,0.1985044106083846,-0.7949920230321893,-1.7763568394002505e-15,0.4203471827206315,0.0077703031421202,-0.6641290949843205,0.0046715152045357,-0.1239004559354624,-0.1238953107001379,-0.1113139286188543,0.7516283835227737,-0.2672982371161462,-0.26677776803367,-0.6242585769932416,-0.0278182344252985,-0.4203471827206355,0,0,0.2653110308360999
-0.072721326789467,-0.9729209721584398,1.8037669577240805,-0.3788371903363102,0.0922207275721751,1.8008115791536337,1.803220919422486,1.822269877094573,1.343182780136254,1.7370518732265845,-1.7763568394002505e-15,0.3215810492120229,0.5399828471232233,1.3158565594337743,0.5467919414496482,0.2211914497543756,0.2211966133291876,0.0725672590003214,-1.3304447010278462,0.8938300196220853,0.8933481405229223,1.3728840576882622,-0.295212258255298,-0.3215810492120268,0,0,0.08145811773761565
1.6614915537224662,0.3988070645345384,-0.7904807747785566,1.1727477157813104,1.3543225935776777,-0.7904197960249194,-0.7904794415036949,-0.785889850843727,-0.0726036242797949,-0.8208292056470788,-1.7763568394002505e-15,0.1042955554930861,0.0390769233763048,-0.0643664501508783,0.0364173059306009,0.0614566857780602,0.0614567771526783,-0.5032711969649918,0.7516283835227737,-1.4438240642154718,-1.4450779728078589,-0.0194027351982563,-0.5506078322980545,-0.1042955554930881,0,0,0.30010158868586007
-0.9398277670454336,1.1989817526054425,-0.7904807747785566,-0.3657803748570599,0.5407533754144808,-0.7904197960249194,-0.7904794415036949,-0.785889850843727,-0.861382968584087,-0.8208292056470788,-1.7763568394002505e-15,0.6968923565447378,0.195610024547217,-0.0835896118442578,0.1955532568779274,0.2283566008409662,0.2283668285078457,-0.6290846411254801,0.7516283835227737,-1.407223282209593,-1.4057003310030662,-0.0389402930196581,-0.7065876795322211,-0.6968923565447394,0,0,0.09754185014083039
1.372456073637144,1.4276030920542722,-0.7904807747785566,-0.3984224135551862,-1.243716512770446,-0.7904197960249194,-0.7904794415036949,-0.785889850843727,-0.8781180324660732,-0.8208292056470788,-1.7763568394002505e-15,0.0598507954142117,1.291341732743605,-1.131251924133444,1.2960740020481865,-2.209288563349197,-2.2092835289392747,0.5298507387374799,0.7516283835227737,0.5745197490190714,0.5752979567149791,-1.0967979927150089,-0.6328829165534392,-0.0598507954142143,0,0,0.20201555215514513
1.0834205935518215,-0.5156782932607803,-0.7904807747785566,1.3751283557096958,-0.0934027836117946,-0.7904197960249194,-0.7904794415036949,-0.785889850843727,0.0311537717885207,-0.8208292056470788,-1.7763568394002505e-15,0.0796040221159312,0.9782755304017808,-1.6425880251773404,0.9733251296665236,0.5981087791751095,0.5981088990694492,0.8637402636249306,0.7516283835227737,1.5402755556017829,1.5415647056172066,-1.6123200356438598,0.0613131068513679,-0.079604022115936,0,0,0.07245333490066268
1.227938333594483,1.5419137617786869,-0.7904807747785566,-0.1590474631022577,0.6083782977045508,-0.7904197960249194,-0.7904794415036949,-0.785889850843727,-0.7553942306648399,-0.8208292056470788,-1.7763568394002505e-15,0.7018306632201677,0.0077703031421202,-1.167775931350865,0.0124044642275514,0.4978979381831535,0.4978980527519093,0.2612874252410527,0.7516283835227737,0.6426729293058807,0.6419370428461674,-1.1331782727962398,0.3955556366388674,-0.7018306632201696,0,0,0.17255228694527272
-1.228863247130756,-0.8586103024340248,-0.7904807747785566,-1.4255585645895723,0.8312645211708044,-0.7904197960249194,-0.7904794415036949,-0.785889850843727,-1.404714709285912,-0.8208292056470788,-1.7763568394002505e-15,-3.174740076992718,-1.041001474702995,-0.1893170011578454,-1.034392635098597,1.165117820108635,1.165112906424691,-0.5540804724913431,0.7516283835227737,-1.2075597058878669,-1.2088121219791017,-0.1455210394798571,0.4178384719580345,3.174740076992715,1,0,0.3744904031930674
0.7943851134664996,0.1701857250857087,-0.0531784558721356,-1.643172155910417,-1.3168618368801142,-0.0575462757723952,-0.0528215406898269,-0.0730092466004591,-0.8870433998697995,-0.097388092430281,-1.7763568394002505e-15,0.1141721688439459,-0.4931356206048009,-0.7217985800644593,-0.4951211900724901,-1.3045299976979603,-1.3045299789170333,0.9750367719207476,0.7516283835227737,1.144734690752042,1.1447592381996774,-0.6827365086793684,0.7383684877029697,-0.1141721688439489,1,1,0.579243827515905
-0.9398277670454336,-1.6587849905049288,-0.7904807747785566,-1.6562289713896674,-1.1912726954842685,-0.7904197960249194,-0.7904794415036949,-0.785889850843727,-1.5229758273852825,-0.8208292056470788,-1.7763568394002505e-15,0.4993600895275206,0.8530490494650503,-0.2335302730526184,0.8552959077362818,0.5790439072026632,0.5790592172176764,-0.4234280497092976,0.7516283835227737,-1.125018631984953,-1.1239987396303166,-0.1895816009115703,-1.109392779532541,-0.4993600895275221,0,0,0.198805101226201
1.372456073637144,-0.5156782932607803,-0.7904807747785566,-1.3929165258914455,0.52005186859099,-0.7904197960249194,-0.7904794415036949,-0.785889850843727,-1.3879796454039257,-0.8208292056470788,-1.7763568394002505e-15,-0.2166943784098945,-2.105426562665201,-1.4734242022756003,-2.110900538565806,-0.4880825521528241,-0.4880875536940797,0.6048549073716177,0.7516283835227737,1.2204604466262747,1.220485472439664,-1.4416022028182316,2.478143706853289,0.2166943784098895,1,0,0.440815429067203
-0.9398277670454336,1.4276030920542722,-0.7904807747785566,0.0955604387431306,-1.0691338052256718,-0.7904197960249194,-0.7904794415036949,-0.785889850843727,-0.6248607323853459,-0.8208292056470788,-1.7763568394002505e-15,0.0598507954142117,0.9626222202846896,-0.0547548693041885,0.965999177960509,0.3464929788269372,0.3465032127720298,-0.8444191897847778,0.7516283835227737,-1.462250664811535,-1.463252269025456,-0.009566585398516,-1.4350649880434383,-0.0598507954142143,0,0,0.21572818311513112
-0.072721326789467,0.2844963948101236,1.826120556855935,0.902906862543463,0.1791670562308373,1.8269856334483705,1.827016335577772,1.84594631095601,2.02039503189397,1.762889055841474,-1.7763568394002505e-15,0.6820774365184427,0.7278225685283201,1.3062449785870849,0.7344177045870338,-0.0409568695055341,-0.0409618472848435,0.0459528765817549,-1.3304447010278462,0.992778340631082,0.9933067697197046,1.363856358556994,-0.4666186837873491,-0.682077436518448,0,0,0.09285990826133571
-1.6624164672587392,1.5419137617786869,-0.7904807747785566,1.1749238516945184,0.7084355806847575,-0.7904197960249194,-0.7904794415036949,-0.785889850843727,-0.0714879533543293,-0.8208292056470788,-1.7763568394002505e-15,-0.0636068714715517,0.6025960875915898,-0.2412195377299702,0.6001085899767576,1.1452680729288227,1.1452732856125574,-0.6702159594087171,0.7516283835227737,-1.109621061623859,-1.1088534927823193,-0.1978008493743669,-0.958555125064336,0.0636068714715463,0,0,0.17776136739607637
-1.373380987173417,-0.1727462840875357,-0.7904807747785566,1.4404124331059485,-1.4507315810053565,-0.7904197960249194,-0.7904794415036949,-0.785889850843727,0.0646238995524931,-0.8208292056470788,-1.7763568394002505e-15,0.5438048496063951,1.0095821506359626,-0.162404574787114,1.0083268989285956,-0.2043628239679147,-0.2043678104312317,-0.4911737504110984,0.7516283835227737,-1.259305639068592,-1.2603059612622922,-0.1178989749737373,-1.3030820403837586,-0.5438048496063961,0,0,0.17748615063770767
-1.228863247130756,-1.3158529813316842,-0.7904807747785566,1.4121226662342397,1.1707692330760573,-0.7904197960249194,-0.7904794415036949,-0.785889850843727,0.0501201775214388,-0.8208292056470788,-1.7763568394002505e-15,-0.2265709917607543,-1.7923603603233766,-0.3104229198261367,-1.797919601792164,0.5085064127601188,0.5085115916039338,-0.3435849024536025,0.7516283835227737,-0.9771009888439522,-0.9755753205199432,-0.2685402828656494,1.1977377081288665,0.2265709917607504,1,0,0.4516039621920154
1.227938333594483,-1.430163651056099,-0.7904807747785566,-1.0099166051667596,-1.2789090743703808,-0.7904197960249194,-0.7904794415036949,-0.785889850843727,-1.191621562521952,-0.8208292056470788,-1.7763568394002505e-15,-0.1722496183310201,-0.2896425890826131,-1.7310145689668863,-0.2887735503530666,-0.3187267372475191,-0.3187266660772811,0.9411639215698466,0.7516283835227737,1.7083867336425789,1.7081624209451765,-1.7020580598442296,1.2028799008948283,0.1722496183310157,0,0,0.21133155249579186
1.6614915537224662,-0.2870569538119506,-0.7904807747785566,-1.532189224336786,1.3501822922129791,-0.7904197960249194,-0.7904794415036949,-0.785889850843727,-1.459382584633734,-0.8208292056470788,-1.7763568394002505e-15,0.316642742536593,0.6652093280599536,-0.3008113389794469,0.6676701445988967,-0.2839643611277698,-0.2839693518214151,-0.3556823490074958,0.7516283835227737,-0.9962848469987576,-0.9967786661071394,-0.2582999077316734,-0.888278490596195,-0.3166427425365965,0,0,0.19994210456594483
-1.228863247130756,-1.2015423116072694,-0.7904807747785566,0.2979410786715158,0.0687590198388851,-0.7904197960249194,-0.7904794415036949,-0.785889850843727,-0.5211033363170302,-0.8208292056470788,-1.7763568394002505e-15,0.0944189421422263,-1.8236669805575585,-0.0932011926909476,-1.825595419348221,0.9077040706479904,0.9076940795728228,-0.6605380021656029,0.7516283835227737,-1.3898063583585194,-1.390555084155069,-0.0482374757070838,0.9920499974904052,-0.0944189421422272,1,0,0.3760380029382315
1.0834205935518215,-1.430163651056099,-0.7904807747785566,-0.8053598293251656,0.442076192889173,-0.7904197960249194,-0.7904794415036949,-0.785889850843727,-1.0867484955281703,-0.8208292056470788,-1.7763568394002505e-15,-4.532774412736083,0.2425699548984898,-1.6041417017905817,0.2464279215030318,0.9523406832474896,0.9523560131009032,0.9387444322590686,0.7516283835227737,1.4685885067075095,1.4688675207468194,-1.574053370669528,0.6715199817454697,4.5327744127360825,0,0,0.14236504481898918
-0.3617568068747892,-0.74429963270961,1.1353838736117738,0.4916171749470668,0.972034767570544,1.146460221785311,1.1345697254589475,1.1236210090521694,1.2193433074095543,1.0911223078544463,-1.7763568394002505e-15,0.5635580763081146,0.2269166447813989,1.6042039848344678,0.2256710583359896,-0.3313860147856636,-0.3313960717107571,0.4500075914817856,-1.3304447010278462,-0.9599364841791262,-0.960430073671946,1.664734749006582,0.2670008174898291,-0.5635580763081178,0,0,0.20963150779808248
0.3608318933385163,1.6562244315031018,1.378812997647194,-0.9228711686384212,1.4764614838362753,1.3820267104379067,1.3796625118583938,1.375910878067482,0.7027876689189084,1.3236569513884158,-1.7763568394002505e-15,0.6968923565447378,0.0860368537275777,0.9967520753236736,0.0917689410427145,0.0023125411198433,0.0023227567738895,-0.0411487386062753,-1.3304447010278462,0.6807882264292442,0.68131468465096,1.0516596587488003,-0.149516796553055,-0.6968923565447394,0,0,0.2197983089477514
-1.6624164672587392,-0.1727462840875357,-0.7904807747785566,0.2827081272790567,-0.0195674092746766,-0.7904197960249194,-0.7904794415036949,-0.785889850843727,-0.5289130327952906,-0.8208292056470788,-1.7763568394002505e-15,0.5586197696326847,0.7904358089966839,-0.1893170011578454,0.7856993665291387,1.0018637769767134,1.0018689820394022,-0.4452034535063051,0.7516283835227737,-1.2073072867016192,-1.205783072609502,-0.1456557812579358,-1.0836818157027337,-0.5586197696326873,0,0,0.07343875689796965
-1.373380987173417,-0.74429963270961,-0.7904807747785566,1.1749238516945184,1.1597284294368624,-0.7904197960249194,-0.7904794415036949,-0.785889850843727,-0.0714879533543293,-0.8208292056470788,-1.7763568394002505e-15,0.4944217828520907,-0.11745617779461,-0.2758212287780535,-0.1157996906277115,-2.0097530307929525,-2.009753049490242,-0.3290679665889311,0.7516283835227737,-1.044244492385772,-1.0452434560207309,-0.2326989698967329,-0.2369340735744007,-0.4944217828520918,0,0,0.10585963641485281
0.7943851134664996,0.6274284039833682,-0.0591987460364525,1.2467363368303983,1.1279861189741756,-0.0575462757723952,-0.0599601655364128,-0.0789606999208203,0.5889892345214005,-0.097388092430281,-1.7763568394002505e-15,0.4598536361240761,0.2269166447813989,-0.6891192051857141,0.2281130422379941,0.1625536761976869,0.1625487092336976,0.0362749193386407,0.7516283835227737,1.0806202174451918,1.0811492014380886,-0.6493205477158674,-0.1580871178296576,-0.4598536361240789,0,0,0.10003434882906316
0.5053496333811774,-0.2870569538119506,1.065967310499738,1.431707889453115,0.7132659322769059,1.0679380589011187,1.065563018608618,1.052074189787827,1.6421825881610774,1.013610760009796,-1.7763568394002505e-15,0.1042955554930861,0.6182493977086807,0.9525388034289004,0.6245284289968082,0.6408211815888117,0.6408263674643342,-0.1427672896589771,-1.3304447010278462,0.1022434515501082,0.1027662550574637,1.00732961376093,-0.6551657518726056,-0.1042955554930881,0,0,0.045671163168365426
-0.3617568068747892,0.2844963948101236,1.004560350823706,-1.5583028552952876,1.5903197713654753,1.015589950311654,1.0036949366048742,0.9890664122440028,0.0579298739996991,0.961936394780026,-1.7763568394002505e-15,-0.0092854980418175,0.414756366186493,1.4408071104407414,0.4206227731793894,0.3097557554112399,0.3097507962701245,0.2104781497147031,-1.3304447010278462,-0.9470631056805068,-0.948313876193548,1.499676070860256,-0.0706698408083113,0.0092854980418116,0,0,0.27390127478382625
1.5169738136798052,-0.5156782932607803,-0.7904807747785566,-1.7106323692198786,-0.6675245728499458,-0.7904197960249194,-0.7904794415036949,-0.785889850843727,-1.5508676005219264,-0.8208292056470788,-1.7763568394002505e-15,-2.221646888634646,-1.96454677161138,-1.2946487985271702,-1.9672304856645115,-0.379744454981379,-0.3797342596312845,0.5927574608177253,0.7516283835227737,0.883985671358435,0.8842609924141241,-1.2619914126394134,2.2398887753637378,2.2216468886346425,1,1,1.3657900173386233
-0.072721326789467,1.4276030920542722,-0.6583223180844882,-0.248269035543804,-0.9766670747474115,-0.659549524551253,-0.657225111034093,-0.6597449163360707,-0.6884539751368942,1.607865960152164,-1.7763568394002505e-15,-0.1080516315504262,0.7278225685283201,1.4754088014888247,0.7258707609300159,-0.3040166567481918,-0.3040115210849231,0.0628893017572054,-1.3304447010278462,0.2920626796081843,0.2905673159726302,-0.8194994134291813,-0.461476491021388,0.1080516315504202,0,0,0.43656124987821077
-0.9398277670454336,-0.5156782932607803,-0.7904807747785566,-0.2090985891060521,0.0680689696114355,-0.7904197960249194,-0.7904794415036949,-0.785889850843727,-0.7810546619505525,-0.8208292056470788,-1.7763568394002505e-15,-0.0537302581206865,0.5399828471232233,-0.1758607879724797,0.5471989387666492,0.928743789916388,0.9287489910932032,-0.8202242966769921,0.7516283835227737,-1.2320443669538683,-1.2330445169358972,-0.1324510870062297,-0.9979786029367078,0.0537302581206854,0,0,0.030440595488276472
1.6614915537224662,-0.9729209721584398,-0.7904807747785566,0.4524467285093148,0.2757740880737954,-0.7904197960249194,-0.7904794415036949,-0.785889850843727,-0.4418907006089616,-0.8208292056470788,-1.7763568394002505e-15,0.4697302494749358,1.150461941689784,-0.2392972215606323,1.148333975976883,-1.7860129595837766,-1.7860180301019557,-0.6702159594087171,0.7516283835227737,-1.1118928343000862,-1.1118825421519187,-0.1965881733716592,-1.4213524740008745,-0.4697302494749397,0,0,0.10728607144787378
-0.072721326789467,0.6274284039833682,1.8393128448681777,1.7211339659098392,-0.1078938383882384,1.8269856334483705,1.8389140436554152,1.8600486677368664,2.4499283381982875,1.762889055841474,-1.7763568394002505e-15,0.6277560630887086,0.6025960875915898,1.6561065214065924,0.6001085899767576,-0.4001005732627158,-0.4001106338395603,0.1959612138500308,-1.3304447010278462,0.3523908651213229,0.3511483033646194,1.7171493006791707,-0.0860964191061959,-0.6277560630887133,0,0,0.05637618653707118
0.3608318933385163,-1.0872316418828545,1.4341211416350264,0.1543161083997585,1.3225802831149918,1.4343748190273808,1.4343919690155518,1.4336140993909845,1.3007872849685556,1.3753313166181949,-1.7763568394002505e-15,0.7166455832464573,0.8530490494650503,1.2754879198776772,0.8512259345662732,1.3159657712531725,1.315960865585859,-0.0532461851601677,-1.3304447010278462,0.2650538266797079,0.2663349210158345,1.333269974933144,-0.6140282097449137,-0.7166455832464611,0,0,0.2059169962449775
0.6498673734238385,-1.3158529813316842,0.4956626057165407,-0.6095075971364059,-1.681898407201006,0.4921088644169886,0.4968525724972811,0.4721956293126316,0.1103664074965897,0.445192742482308,-1.7763568394002505e-15,-5.164877667191179,0.9313156000505052,0.0490502038400611,0.9244854516264234,0.3512022300711252,0.3511922094213499,-0.8057073608123199,0.7516283835227737,0.7168841700626285,0.7176632770861539,-0.044868931255118,-1.3682164820859382,5.164877667191177,0,0,0.29218195209417736
-1.6624164672587392,-0.5156782932607803,-0.7904807747785566,0.8854977752377957,-0.7385997462772651,-0.7904197960249194,-0.7904794415036949,-0.785889850843727,-0.2198721864412752,-0.8208292056470788,-1.7763568394002505e-15,0.1240487821948056,-0.9940415443517192,-0.1297251999083688,-0.9940999007155142,0.582056815256741,0.5820670617205881,-0.7476396173536332,0.7516283835227737,-1.3191289862092357,-1.3178578992846817,-0.0859651735691012,0.2909977170643164,-0.1240487821948098,0,0,0.1319319757980582
-1.373380987173417,-0.9729209721584398,-0.7904807747785566,0.6657080480037433,-1.1898925950293695,-0.7904197960249194,-0.7904794415036949,-0.785889850843727,-0.3325549499133167,-0.8208292056470788,-1.7763568394002505e-15,-0.2018794583835994,0.9939288405188716,-0.0528325531348505,0.9891980250295564,-0.3713133761409714,-0.3712981166315361,-0.9363597835943652,0.7516283835227737,-1.46376517992902,-1.463252269025456,-0.0087581347300443,-1.481344722937092,0.2018794583835983,0,0,0.20684491502942245
-0.7953100270027725,1.6562244315031018,-0.7904807747785566,-0.0807065702267531,-1.190582645256819,-0.7904197960249194,-0.7904794415036949,-0.785889850843727,-0.7152300773480723,-0.8208292056470788,-1.7763568394002505e-15,0.2672596757822887,0.6339027078257716,-0.4584412648651593,0.6367383485068331,1.0247517507656805,1.0247569570447224,-0.5661779190452364,0.7516283835227737,-0.6994398839717665,-0.6999318278863924,-0.4167562387521462,-0.8197159203833748,-0.2672596757822922,0,0,0.21293895464041648
-0.072721326789467,1.0846710828810275,1.7409465386181655,-1.038206372038469,-1.428649973726966,1.7484634705641688,1.7413528374187424,1.7558982346305452,0.952697956223238,1.6853775079968143,-1.7763568394002505e-15,0.1388637022210953,-0.133109487911701,1.3043226624177464,-0.1369635511117548,-0.4152663877534134,-0.4152612580023739,0.3072577221458477,-1.3304447010278462,0.7693873608020964,0.7691571163693446,1.3621047154419714,0.3389915162132909,-0.138863702221101,0,0,0.1354782441148387
-1.0843455070880947,-0.2870569538119506,-0.7904807747785566,1.3207249578794846,1.4074564610913052,-0.7904197960249194,-0.7904794415036949,-0.785889850843727,0.0032619986518767,-0.8208292056470788,-1.7763568394002505e-15,0.6178794497378488,0.1799567144301261,-0.3027336551487849,0.186599315903909,0.986419458380178,0.9864246626220956,-0.3000340948595874,0.7516283835227737,-0.9927509783912938,-0.99374961673754,-0.2601862926247741,-0.464904619532029,-0.6178794497378525,0,0,0.08732898531107729
-1.228863247130756,0.9703604131566128,-0.7904807747785566,0.3197024378036006,-0.8345167278927735,-0.7904197960249194,-0.7904794415036949,-0.785889850843727,-0.5099466270623725,-0.8208292056470788,-1.7763568394002505e-15,0.2573830624314289,0.6025960875915898,-0.2873551257940812,0.6082485363167744,-1.0831951892210292,-1.0831850312549662,-0.66537698078716,0.7516283835227737,-1.0217791848097495,-1.0210110610639351,-0.2446909881457313,-0.9345582254898488,-0.2573830624314313,0,0,0.07795256569597737
-1.0843455070880947,-0.1727462840875357,-0.7904807747785566,-0.3070247052004319,-0.6447529153441058,-0.7904197960249194,-0.7904794415036949,-0.785889850843727,-0.8312598535965116,-0.8208292056470788,-1.7763568394002505e-15,-0.2216326850853244,-0.0235363170920616,-0.0682110824895542,-0.0164923452795078,0.6203384705320929,0.6203385916078022,-0.8178048073662131,0.7516283835227737,-1.436503907814296,-1.4359908246990607,-0.0233102467625366,-0.5917453744257466,0.22163268508532,0,0,0.06111827212540175
0.9389028535091608,-1.2015423116072694,-0.7904807747785566,-0.9206950327252134,-1.6549864483304677,-0.7904197960249194,-0.7904794415036949,-0.785889850843727,-1.145879054577856,-0.8208292056470788,-1.7763568394002505e-15,0.4598536361240761,0.4304096763035867,-1.479191150783614,0.4234717543983956,0.9520874976967256,0.952092700114116,0.91696902846206,0.7516283835227737,1.2308096332624197,1.229572620548462,-1.4471266157194556,0.4349791145112393,-0.4598536361240789,0,0,0.18789791937252656
1.5169738136798052,-0.6299889629851951,-0.7904807747785566,0.7027023585282872,0.3109666496737305,-0.7904197960249194,-0.7904794415036949,-0.785889850843727,-0.3135885441803986,-0.8208292056470788,-1.7763568394002505e-15,0.2672596757822887,1.291341732743605,-1.2062222547376242,1.2854920718061646,0.2123805925878255,0.2123857556943965,0.5564651211560463,0.7516283835227737,0.7173890084351233,0.7176632770861539,-1.1730618391075152,-0.5677484748512593,-0.2672596757822922,0,0,0.0590453582292887
-1.0843455070880947,-0.9729209721584398,-0.7904807747785566,1.0530602405548466,1.120395566472229,-0.7904197960249194,-0.7904794415036949,-0.785889850843727,-0.1339655251804113,-0.8208292056470788,-1.7763568394002505e-15,-3.836473171500393,1.0721953911043265,-0.2046955305125491,1.0791444320867414,0.6149202997457668,0.6149102931109651,-0.7621565532183047,0.7516283835227737,-1.1795411762144004,-1.1785216282831068,-0.1604773768465855,-1.411068088468951,3.836473171500392,0,0,0.14776625091148532
-1.228863247130756,1.6562244315031018,-0.7904807747785566,1.3947135789285725,-0.8800600429044536,-0.7904197960249194,-0.7904794415036949,-0.785889850843727,0.0411948101177129,-0.8208292056470788,-1.7763568394002505e-15,0.5438048496063951,1.2756884226265142,-0.295044390471433,1.2834570852211604,0.1663767780142078,0.1663667475421072,-0.6000507693961372,0.7516283835227737,-1.0086533871248824,-1.0088948635855373,-0.2516975606058202,-1.4796306586817716,-0.5438048496063961,0,0,0.2839515547087045
0.7943851134664996,-1.430163651056099,-0.1348973510590799,-1.6736380586953346,-1.2078339009430614,-0.1360684386565969,-0.1337259556177996,-0.1532244870053278,-0.972950061130663,-0.1748996402749406,-1.7763568394002505e-15,0.7117072765710275,1.0408887708701444,-0.7275655285724731,1.0372237084356553,1.070527698343615,1.070543034477931,-0.1911570758745494,0.7516283835227737,1.0197871935595586,1.0205682140460997,-0.6887998886929069,-0.8779941050642722,-0.7117072765710305,0,0,0.225653639996631
-1.373380987173417,1.4276030920542722,-0.7904807747785566,-1.0512631875177196,-1.3003006314213217,-0.7904197960249194,-0.7904794415036949,-0.785889850843727,-1.2128193101058011,-0.8208292056470788,-1.7763568394002505e-15,0.2178766090279844,-0.4461756902535253,-0.0701333986588921,-0.4409905469113791,1.274721845033897,1.274722000886008,-0.5371440473158926,0.7516283835227737,-1.432970039206832,-1.4329617753294617,-0.0251966316556375,-0.1529449250636959,-0.2178766090279879,0,0,0.19603317313596524
-0.9398277670454336,1.4276030920542722,-0.7904807747785566,0.0825036232638802,-0.8345167278927735,-0.7904197960249194,-0.7904794415036949,-0.785889850843727,-0.6315547579381403,-0.8208292056470788,-1.7763568394002505e-15,0.0993572488176562,0.3834497459523111,-0.1508706777710863,0.382772022698312,-2.53161908802545,-2.5316191344566734,0.4209737197524428,0.7516283835227737,-1.27823707803715,-1.278480257479889,-0.1077933416178398,-0.5231828042129264,-0.0993572488176578,0,0,0.14490299668764098
-1.6624164672587392,1.0846710828810275,-0.7904807747785566,-1.5778880785141636,-0.908352102229891,-0.7904197960249194,-0.7904794415036949,-0.785889850843727,-1.482811674068515,-0.8208292056470788,-1.7763568394002505e-15,0.6475092897904335,0.5869427774744989,-0.1566376262791002,0.5870846758327312,0.6452519287271621,0.6452520511268671,-0.40165264591229,0.7516283835227737,-1.2683927297735,-1.2693931093710904,-0.1130482709629065,-0.924273839957926,-0.6475092897904351,0,0,0.12315398758105729
-0.9398277670454336,-0.6299889629851951,-0.7904807747785566,-0.1677520067550914,0.2992357958070855,-0.7904197960249194,-0.7904794415036949,-0.785889850843727,-0.7598569143667029,-0.8208292056470788,-1.7763568394002505e-15,-2.6315263426953703,0.3051831953668564,-0.2681319641007016,0.2977095834451373,-0.1545612261328497,-0.1545510188156704,-0.7452201280428542,0.7516283835227737,-1.0566130325118963,-1.0573596534991283,-0.2260966227708799,-0.7065876795322211,2.631526342695368,0,0,0.05984434238653794
1.5169738136798052,0.6274284039833682,-0.7904807747785566,-1.3537460794536935,-0.6488932167088037,-0.7904197960249194,-0.7904794415036949,-0.785889850843727,-1.367897568745542,-0.8208292056470788,-1.7763568394002505e-15,0.5931879163606993,0.5243295370061324,-1.6637335030400582,0.5178951319425891,0.0077307119061694,0.0077308004255892,0.8129309880985793,0.7516283835227737,1.582681978891353,1.5839713967915985,-1.6349566543610703,0.4452635000431627,-0.5931879163607005,0,0,0.059033107116832406
-1.0843455070880947,0.9703604131566128,-0.7904807747785566,-0.006717949177666,1.268066315146465,-0.7904197960249194,-0.7904794415036949,-0.785889850843727,-0.6772972658822365,-0.8208292056470788,-1.7763568394002505e-15,-3.579681224378012,-0.0548429373262435,-0.1931616334965213,-0.0543430957605855,-0.3977459476406181,-0.3977509443810473,-0.4621398786817556,0.7516283835227737,-1.2012492262316803,-1.199724973870303,-0.148889583931823,-0.3792014067660034,3.5796812243780103,0,0,0.22237457577371375
0.7943851134664996,1.6562244315031018,-0.7222420945247566,1.573156723811665,0.175026754866139,-0.7118976331407177,-0.7214727346533653,-0.7208120025797771,0.1906947141301243,-0.097388092430281,-1.7763568394002505e-15,0.5981262230361292,1.1661152518068747,-0.785235013652612,1.1703118310949283,-0.1498772934437353,-0.1498924044340562,0.0580503231356491,0.7516283835227737,1.2608475164258652,1.2598631142444563,-1.397002674274204,-0.4700468122979907,-0.5981262230361307,0,0,0.21804413490240018
1.6614915537224662,0.1701857250857087,-0.7904807747785566,1.3707760838832797,1.5330456024871504,-0.7904197960249194,-0.7904794415036949,-0.785889850843727,0.0289224299375896,-0.8208292056470788,-1.7763568394002505e-15,-0.261139138488769,0.7747824988795929,-0.2354525892219564,0.7820363906761311,0.0899400602388862,0.0899452168385036,-0.7790929783937551,0.7516283835227737,-1.1207275058187465,-1.1209696902607171,-0.1918722111389071,-1.1471021931495924,0.2611391384887635,0,0,0.25762514167401934
0.2163141532958551,-1.2015423116072694,1.7401874585539694,-0.3200815206796823,0.6718629186299233,1.7484634705641688,1.7413528374187424,1.755121958110498,1.3186380197760073,1.6853775079968143,-1.7763568394002505e-15,-0.1228665515767158,-1.025348164585904,1.6099709333424814,-1.029101669977586,-0.9805284483866707,-0.9805233486757948,0.5734015463314968,-1.3304447010278462,0.1628240562494941,0.163347242449453,1.6709328707981994,1.3622878766396358,0.1228665515767114,1,0,0.35234016268798524
-1.0843455070880947,-1.544474320780514,-0.7904807747785566,1.2293272495247296,-1.3672355034839423,-0.7904197960249194,-0.7904794415036949,-0.785889850843727,-0.0435961802176853,-0.8208292056470788,-1.7763568394002505e-15,-0.0784217914978414,-0.1487627980287919,-0.2277633245446046,-0.1564994223277951,-0.6878459517047558,-0.6878307090170552,-0.476656814546427,0.7516283835227737,-1.135872656993593,-1.1361149371087145,-0.1837877044541891,-0.2746434871914524,0.0784217914978377,0,0,0.21860539308335644
0.6498673734238385,-0.2870569538119506,0.447788211322908,-0.6813200822722841,-1.254757316409641,0.4397607558275239,0.4468821985711804,0.4241958644897183,0.0322694427139862,0.3935183772525381,-1.7763568394002505e-15,0.4796068628257956,-1.651480569269553,0.2355148722658429,-1.6550635435248708,-0.2784702346762159,-0.2784701613665968,-0.9387792729051444,-1.3304447010278462,0.2928199371669266,0.2935963653422296,0.2824188476978824,0.5789605119581622,-0.4796068628258004,1,1,0.7224144969794599
-0.5062745469174503,-0.5156782932607803,0.4167182790401076,-1.5278369525103692,0.8988894434608754,0.4135867015327962,0.4159481575693085,0.3930154242678259,-0.4285026495033719,0.3676811946376577,-1.7763568394002505e-15,0.4499770227732163,0.0703835436104867,0.758384870325767,0.0669421047056635,1.2875836710126514,1.2875737001257213,-0.2710002231302436,-1.3304447010278462,-0.7574962968086781,-0.7574837659087822,0.8107413595442039,-0.3466341859149135,-0.449977022773218,0,0,0.15409419498580973
1.372456073637144,-0.8586103024340248,-0.7904807747785566,1.218446569958688,1.5454665065812454,-0.7904197960249194,-0.7904794415036949,-0.785889850843727,-0.0491745348450138,-0.8208292056470788,-1.7763568394002505e-15,0.4154088760452016,0.1643034043130324,-1.7252476204588725,0.1625864742008596,-2.768246303768461,-2.7682564901975164,0.909710560529724,0.7516283835227737,1.6965230318889493,1.6960462234667788,-1.695725196274534,0.8103591864264315,-0.4154088760452049,0,0,0.130069188806664
1.227938333594483,0.741739073707783,-0.7904807747785566,-1.3515699435404855,1.268756365373915,-0.7904197960249194,-0.7904794415036949,-0.785889850843727,-1.3667818978200763,-0.8208292056470788,-1.7763568394002505e-15,0.6326943697641384,0.6652093280599536,-1.631054128161313,0.6713331204519039,-0.1348380717284196,-0.1348430544969303,1.0234265581363209,0.7516283835227737,1.520082020701988,1.5203613600300103,-1.601540693397569,0.3544180945111754,-0.6326943697641436,0,0,0.11477891211153605
-0.3617568068747892,0.9703604131566128,1.0340597726288585,-0.9250473045516302,1.348112141530631,1.0417640046063816,1.034628977606746,1.0193411965258403,0.4082505445959478,0.9877735773949065,-1.7763568394002505e-15,0.5042983962029505,0.2425699548984898,1.190906008426807,0.2456139268690303,0.5152664669654897,0.5152665824572739,0.1838637672961366,-1.3304447010278462,-0.3816441284862375,-0.3818816440784494,1.2478436876312904,-0.0895245476168368,-0.5042983962029527,0,0,0.16661688027686108
0.7943851134664996,1.6562244315031018,-0.0367404462060879,-1.0338541002120525,-0.256254637289924,-0.0313722214776675,-0.0361647493811267,-0.0569661985194854,-0.5612674896337976,-0.0715509098154006,-1.7763568394002505e-15,-2.4883154491078874,0.8060891191137748,-0.8332929178860609,0.8125611894511937,-0.9371577635409885,-0.9371475978139427,0.0241774727847482,0.7516283835227737,1.3903385589708026,1.3901122371372336,-0.8375548116917182,-0.5334671897448492,2.4883154491078856,0,1,0.6246599775447068
-1.517898727216078,-1.0872316418828545,-0.7904807747785566,-1.1818313423102265,-1.632904841052077,-0.7904197960249194,-0.7904794415036949,-0.785889850843727,-1.2797595656337468,-0.8208292056470788,-1.7763568394002505e-15,-3.4414086374659587,0.915662289933414,-0.1950839496658593,0.9126825294333996,0.6272757546229965,0.6272657486448102,-0.3653603062506101,0.7516283835227737,-1.1954435849479894,-1.1966959245007036,-0.1519886448276315,-1.1642428357027972,3.441408637465958,0,0,0.2503199698499112
0.9389028535091608,1.0846710828810275,-0.7904807747785566,1.1553386284756433,-0.267295440929119,-0.7904197960249194,-0.7904794415036949,-0.785889850843727,-0.0815289916835207,-0.8208292056470788,-1.7763568394002505e-15,-0.1080516315504262,0.1799567144301261,-1.631054128161313,0.1870063132209101,1.094428414335631,1.094433624317555,0.7959945629231289,0.7516283835227737,1.5205868590744824,1.5203613600300103,-1.6018101769537263,0.6972309455752776,0.1080516315504202,0,0,0.09449367871665974
0.9389028535091608,0.3988070645345384,-0.7904807747785566,0.5634296600829466,0.6628922656730776,-0.7904197960249194,-0.7904794415036949,-0.785889850843727,-0.3849914834102073,-0.8208292056470788,-1.7763568394002505e-15,0.5981262230361292,0.4930229167719505,-1.7444707821522525,0.4979522634095483,0.1145243772179635,0.1145143439902322,1.1371425557429158,0.7516283835227737,1.7346383290123135,1.7354238652715714,-1.7160712047644078,0.6063855400432904,-0.5981262230361307,0,0,0.07509818563879792
1.5169738136798052,1.5419137617786869,-0.7904807747785566,-0.4680587627778565,-0.6613141208028983,-0.7904197960249194,-0.7904794415036949,-0.785889850843727,-0.9138195020809776,-0.8208292056470788,-1.7763568394002505e-15,-5.693276481462237,-0.8218551330637162,-1.6041417017905817,-0.8296729846471768,1.2440610748365095,1.244056165347907,0.7064734584243204,0.7516283835227737,1.469850602638747,1.4688675207468194,-1.5747270795599213,1.5114114668525205,5.693276481462233,1,0,0.2584183099642124
0.3608318933385163,-0.4013676235363654,1.53505261499853,-0.7335473441892865,-0.3825338289132192,1.5390710362063105,1.5343327168677534,1.539187706117392,0.9326158795648544,1.4786800470777348,-1.7763568394002505e-15,0.6870157431938726,0.7904358089966839,1.242808544998932,0.7836643799441346,0.2707145434835994,0.270719709690256,5.784981521748653,-1.3304447010278462,0.5275697803770473,0.5268331668013877,1.2995845304134857,1.077753210256431,-0.6870157431938785,1,1,1.796778466446641
0.2163141532958551,1.4276030920542722,1.698071602578379,-1.4168540209367382,-0.05821022201186,1.6961153619747042,1.6985210883392274,1.7106154376277969,0.7206384037263601,1.6337031427670443,-1.7763568394002505e-15,0.4252854893960614,-2.0271600120797437,1.373526044513913,-2.0221751234596246,0.1228288632829854,0.122818830496587,0.0362749193386407,-1.3304447010278462,0.5805778094890099,0.5813560554541785,1.4323051818209396,1.8953618600443152,-0.4252854893960657,1,1,0.5800244053066193
1.0834205935518215,0.1701857250857087,-0.7904807747785566,0.7005262226150777,0.4386259417519247,-0.7904197960249194,-0.7904794415036949,-0.785889850843727,-0.3147042151058649,-0.8208292056470788,-1.7763568394002505e-15,0.0598507954142117,-0.0704962474433344,-1.4926473639689797,-0.0726579750256229,-0.3332849064163837,-0.3332797723085402,0.8492233277602583,0.7516283835227737,1.2557991327009166,1.256834064874857,-1.4604660517492405,0.8412123430222006,-0.0598507954142143,0,0,0.02093665453657856
-0.3617568068747892,-0.6299889629851951,1.148445285750879,-0.6421496358345322,0.2067690653288253,1.146460221785311,1.1488469751521193,1.137076468732986,0.6492354644965515,1.0911223078544463,-1.7763568394002505e-15,0.0499741820633519,-0.2739892789655222,1.269720971369663,-0.2688306818200256,-1.7033225587046124,-1.7033276248283111,0.6024354180608397,-1.3304447010278462,-0.3399949627554097,-0.339474952904057,1.32680236958537,0.5121120060006622,-0.0499741820633534,1,0,0.19615345582898622
0.2163141532958551,-0.8586103024340248,1.6979145515306138,-0.0001895414380412,0.3468492615011146,1.6961153619747042,1.6985210883392274,1.7104860582077883,1.4469401762045695,1.6337031427670443,-1.7763568394002505e-15,-0.0734834848224115,1.0565420809872357,1.417739316408686,1.0518756118476853,0.8553706173052985,0.8553859420053549,0.1403129597021215,-1.3304447010278462,0.4488149942678454,0.4480778831918018,1.476365743252653,-0.6363110450640801,0.0734834848224071,0,0,0.13217295543672927
-1.517898727216078,-0.6299889629851951,-0.7904807747785566,0.4002194665923125,1.2390842055935771,-0.7904197960249194,-0.7904794415036949,-0.785889850843727,-0.4686668028201396,-0.8208292056470788,-1.7763568394002505e-15,0.6475092897904335,0.0077703031421202,-0.1451037292630724,0.0115904695935499,-0.1987421047409788,-0.1987369634830199,-0.4863347717895413,0.7516283835227737,-1.2913628757220172,-1.290596454958287,-0.1007867691577508,-0.4734749408086317,-0.6475092897904351,0,0,0.08601916840573214
1.372456073637144,0.3988070645345384,-0.7904807747785566,1.48175901545691,1.5392560545341978,-0.7904197960249194,-0.7904794415036949,-0.785889850843727,0.0858216471363431,-0.8208292056470788,-1.7763568394002505e-15,0.6326943697641384,-0.4305223801364344,-1.446511775904869,-0.4356995817903681,0.8434708964194428,0.8434659656419649,0.7451852873967776,0.7516283835227737,1.170986286121776,1.1720206825260724,-1.4151928143148194,1.0897516600436743,-0.6326943697641436,0,0,0.13924246441492197
-1.6624164672587392,-0.0584356143631209,-0.7904807747785566,-0.1655758708418826,0.5849165899712616,-0.7904197960249194,-0.7904794415036949,-0.785889850843727,-0.758741243441237,-0.8208292056470788,-1.7763568394002505e-15,-0.1475580849538652,-0.0861495575604254,-0.1835500526498316,-0.0791699320976364,-1.9844344757166636,-1.984434493068428,-0.3266484772781521,0.7516283835227737,-1.2189185692690012,-1.2178992700878997,-0.1394576594663186,-0.3260654148510672,0.1475580849538635,0,0,0.043593045421131515
-1.228863247130756,-1.0872316418828545,-0.7904807747785566,1.5122249182418284,1.4102166620011034,-0.7904197960249194,-0.7904794415036949,-0.785889850843727,0.1014410400928638,-0.8208292056470788,-1.7763568394002505e-15,-0.0981750181995609,0.1799567144301261,-0.3008113389794469,0.184564329318905,-0.8669494103144323,-0.8669645594126741,-0.3895551993583967,0.7516283835227737,-0.9965372661850054,-0.9967786661071394,-0.2581651659535947,-0.4906155833618364,0.0981750181995594,0,0,0.14191141404934896
1.372456073637144,-1.6587849905049288,-0.7904807747785566,-1.0991381776083058,-0.1555073040822676,-0.7904197960249194,-0.7904794415036949,-0.785889850843727,-1.2373640704660482,-0.8208292056470788,-1.7763568394002505e-15,0.0104677286599074,-0.2113760384971557,-1.5714623269118362,-0.2106300654889061,0.2515737158459253,0.251558626190227,0.996812175717756,0.7516283835227737,1.4049788717731546,1.4052574839852303,-1.5400984425937123,1.0503281821713026,-0.01046772865991,0,0,0.15162319327500526
0.9389028535091608,0.741739073707783,-0.73263363885186,-1.170950662744184,1.4219475158677486,-0.7380716874354547,-0.7333704427310083,-0.7307742179203818,-1.2250916902859246,-0.7691548404173089,-1.7763568394002505e-15,0.5734346896589744,-1.2601478163422708,-1.2908041661884944,-1.2635321245700672,0.8710934400076751,0.8710935744094486,0.5346897173590378,0.7516283835227737,0.9799049621324628,0.9811905722413063,-1.257005966850504,1.626253771958995,-0.5734346896589787,0,0,0.1979188075644919
-0.9398277670454336,0.2844963948101236,-0.7904807747785566,-1.630115340431166,-0.6316419610225612,-0.7904197960249194,-0.7904794415036949,-0.785889850843727,-1.5095877762796932,-0.8208292056470788,-1.7763568394002505e-15,0.3956556493434821,0.946968910167596,-0.0893565603522717,0.9399513496724556,0.7456146810495773,0.745614808782938,-0.5056906862757707,0.7516283835227737,-1.395864418828458,-1.3966131828942678,-0.0450036730331967,-1.2945117191071562,-0.3956556493434832,0,0,0.06450635700831943
0.5053496333811774,1.7705351012275166,1.0448701197500014,0.3153501659771831,-1.6570565990128163,1.0417640046063816,1.0441471440688606,1.0304678266465153,1.0519926685896908,0.9877735773949065,-1.7763568394002505e-15,0.380840729317187,0.211263334664308,0.5065614521424947,0.2150891280939676,-2.875065287635332,-2.8750704160298657,-0.6460210663009306,-1.3304447010278462,0.924120321971778,0.9236386342189168,0.5572920749782945,-0.7391549003833104,-0.380840729317192,0,0,0.3743960716681191
-1.228863247130756,-0.8586103024340248,-0.7904807747785566,-0.7378996160157041,-1.374136005758439,-0.7904197960249194,-0.7904794415036949,-0.785889850843727,-1.052162696838732,-0.8208292056470788,-1.7763568394002505e-15,-0.0290387247435371,0.6339027078257716,-0.2008508981738731,0.6314473833858224,-1.6272403007003595,-1.6272504264920442,0.3411305724967486,0.7516283835227737,-1.183832302380607,-1.1845797270223055,-0.1581867666192487,-0.7237283220854258,0.0290387247435333,0,0,0.146430454988159
-1.373380987173417,-0.6299889629851951,-0.7904807747785566,0.7984523387094583,1.640693437969304,-0.7904197960249194,-0.7904794415036949,-0.785889850843727,-0.2644990234599054,-0.8208292056470788,-1.7763568394002505e-15,-5.377224854234687,-1.6358272591524616,-0.1893170011578454,-1.6383766535278366,-0.4145827867663525,-0.4145725932677007,-0.7984488928799837,0.7516283835227737,-1.2080645442603617,-1.2088121219791017,-0.1452515559236999,0.8566389213200851,5.377224854234685,1,1,0.7882291000688953
0.6498673734238385,0.0558750553612939,0.4560857416798143,0.689645543049036,1.0168880323547738,0.4659348101222609,0.4564003650332948,0.4324761473702209,0.7429518222356757,0.4193555598674277,-1.7763568394002505e-15,-0.0586685647961219,0.3521431257181292,0.0375163068240333,0.3567241944102585,-0.0866568614182406,-0.0866567779149338,-0.9774911018776024,0.7516283835227737,0.6545366310595105,0.6540532403245649,0.0839442085880554,-1.0202614382558743,0.0586685647961159,0,0,0.06504472451116466
-1.373380987173417,0.8560497434321979,-0.7904807747785566,1.090054551079389,0.2978556953521853,-0.7904197960249194,-0.7904794415036949,-0.785889850843727,-0.114999119447494,-0.8208292056470788,-1.7763568394002505e-15,-2.98708442332636,1.1817685619239655,-0.210462479020563,1.1849637345069584,-0.8616578323034882,-0.8616476625640932,-0.7766734890829761,0.7516283835227737,-1.1679298936470182,-1.1694344801743084,-0.1666754986382026,-1.501913494000938,2.9870844233263587,0,0,0.27786063859715976
1.5169738136798052,1.1989817526054425,-0.7904807747785566,0.202191098490344,-0.9690765222454648,-0.7904197960249194,-0.7904794415036949,-0.785889850843727,-0.5701928570375239,-0.8208292056470788,-1.7763568394002505e-15,0.3018278225103034,0.3364898156010383,-1.3119496440512115,0.3347463392922132,-0.514413849432166,-0.514398597527629,0.614532864614732,0.7516283835227737,0.9152856504531176,0.9145514861101188,-1.2786993931211637,0.3167086808941244,-0.3018278225103051,0,0,0.1262552240551312
0.6498673734238385,0.8560497434321979,0.6119327314117381,-0.9598654791629652,-1.1595303850215823,0.6229791358906549,0.6110705700426541,0.5892840044197383,0.0289224299375896,0.5743786555567375,-1.7763568394002505e-15,0.0302209553616269,1.1661152518068747,0.2086024458951114,1.1699048337779272,0.4277655406218288,0.4277555240409155,-0.8807115294464577,0.7516283835227737,0.6340906769734677,0.6328498947373692,0.2550662667479198,-1.786448160384143,-0.0302209553616317,0,0,0.19965631679860196
-0.3617568068747892,0.0558750553612939,0.992938573289112,-0.5398712479137355,0.791931658206172,0.989415896016917,0.9917972285272312,0.9770341261832723,0.5689071578630169,0.9360992121651364,-1.7763568394002505e-15,0.6277560630887086,-0.3835624497851616,1.2735656037083394,-0.3836039252142612,-0.3485266765723128,-0.3485114158519035,0.280643339727283,-1.3304447010278462,-0.6103359112264195,-0.6090603467984087,1.331383590040043,0.5206823272772648,-0.6277560630887133,0,0,0.20773298204089521
-1.373380987173417,-0.74429963270961,-0.7904807747785566,-0.3135531129400568,-0.2238222765997881,-0.7904197960249194,-0.7904794415036949,-0.785889850843727,-0.8346068663729086,-0.8208292056470788,-1.7763568394002505e-15,0.4598536361240761,-1.7923603603233766,-0.1547153101097622,-1.7975126044751633,-0.6246002011241805,-0.6245950824979324,-0.5032711969649918,0.7516283835227737,-1.2736935326846963,-1.27242215874069,-0.1102186936232552,1.0520422464266237,-0.4598536361240789,1,0,0.4194767126763588
0.9389028535091608,0.6274284039833682,-0.7838584555978081,1.259793152309648,0.6380504574848883,-0.7904197960249194,-0.7833408166571091,-0.7795502592633421,-0.0223984326338354,-0.8208292056470788,-1.7763568394002505e-15,-0.093236711524131,-2.152386493016474,-1.7367815174749002,-2.1479372944128827,0.8394199276072349,0.8394251240370435,1.1129476626351291,0.7516283835227737,1.731609298777344,1.732394815901972,-1.7081214398577684,2.822670622172711,0.0932367115241288,1,0,0.18724514700673445
-0.7953100270027725,0.1701857250857087,-0.7003334733615687,-1.0839052262158466,-0.8586684858535127,-0.7118976331407177,-0.7000568601136079,-0.6999819159585128,-1.1536887510561162,-0.7433176578024193,-1.7763568394002505e-15,0.0302209553616269,-0.4618290003706162,-0.2392972215606323,-0.4682593671504348,1.005864108678767,1.0058693139540489,-0.4887542611003203,0.7516283835227737,-0.9508493934742184,-0.9513429255631476,-0.1960492062593447,-0.008963527616773,-0.0302209553616317,0,0,0.10402744275634328
-1.6624164672587392,-1.544474320780514,-0.7904807747785566,0.1673729238790089,-1.5783908730835507,-0.7904197960249194,-0.7904794415036949,-0.785889850843727,-0.588043591844976,-0.8208292056470788,-1.7763568394002505e-15,0.2079999956771246,-1.5262540883328224,-0.0509102369655125,-1.5333713457416212,-0.3834409640225141,-0.3834510237140069,-0.6895718738949458,0.7516283835227737,-1.467299048536484,-1.4662813183950554,-0.0068717498369434,0.7109434596178414,-0.207999995677127,1,0,0.496818738471021
-0.2172390668321281,0.5131177342589534,1.576357040560669,1.0378272891623874,0.9920462241665846,1.5652450905010378,1.577164465947268,1.5825298118200226,1.8753578115834213,1.504517229692615,-1.7763568394002505e-15,0.0055294219844775,0.3834497459523111,1.461952588303459,0.3876559905023216,0.7808074726056234,0.7808076022092595,0.4596855487249,-1.3304447010278462,0.132533753899801,0.1330567487534585,1.5204263046843656,0.0407443357875216,-0.0055294219844795,0,0,0.0800154562321615
-0.5062745469174503,-1.6587849905049288,0.492861862031402,0.22177632170922,-1.5376779096640183,0.4921088644169886,0.4920934892662238,0.4694786614924667,0.5332056882481125,0.445192742482308,-1.7763568394002505e-15,0.608002836386989,-0.1018028676775191,0.6795699073829108,-0.1060317550196914,-2.152904141194301,-2.152904167499179,-0.6436015769901524,-1.3304447010278462,-0.4571174651742224,-0.4576078783184358,0.7320521611462819,-0.356918571446837,-0.6080028363869916,0,0,0.35447061478004077
-0.3617568068747892,-1.6587849905049288,1.0677472223744051,0.3458160687621014,1.1976811919465955,1.0679380589011187,1.0679425602241466,1.0538855016679367,1.087694138204595,1.013610760009796,-1.7763568394002505e-15,-0.1623730049801604,-1.9019335311430128,1.4311955295940515,-1.906994882748388,-2.155334722481623,-2.155334748915673,0.2733848717949468,-1.3304447010278462,-0.8175720631355692,-0.8180647533007714,1.4898399210605162,1.9022181170655967,0.1623730049801549,1,1,1.0429465792381485
1.227938333594483,-1.0872316418828545,-0.7904807747785566,-1.175302934570601,-1.267178220503736,-0.7904197960249194,-0.7904794415036949,-0.785889850843727,-1.2764125528573496,-0.8208292056470788,-1.7763568394002505e-15,0.6524475964658634,0.2582232650155808,-1.7713832085229837,0.2647428007680695,-0.1096207908724356,-0.1096257723008034,1.0911722588381207,0.7516283835227737,1.7841124895168117,1.783888655185163,-1.7424805932678196,0.8052169936604697,-0.6524475964658654,0,0,0.15911994999039167
0.2163141532958551,-0.6299889629851951,1.840778654647316,1.4774067436304923,-0.9497551158768732,1.853159687743108,1.841293585270944,1.8616012207769608,2.327204536397054,1.7887262384563636,-1.7763568394002505e-15,0.5931879163606993,0.3208365054839474,1.5350006027383012,0.3196874385631821,-0.6671860107625006,-0.6672011492445612,0.1451519383236794,-1.3304447010278462,0.5798205519302676,0.5783270060845784,1.5952079915180073,0.0578849783407269,-0.5931879163607005,0,0,0.07285821684402072
-1.517898727216078,1.3132924223298572,-0.7904807747785566,-1.2188256528347696,-0.0671808749687058,-0.7904197960249194,-0.7904794415036949,-0.785889850843727,-1.2987259713666646,-0.8208292056470788,-1.7763568394002505e-15,0.045035875387922,0.195610024547217,-0.2200740598672527,0.1939252676099244,-0.3754656191734841,-0.375470614729851,-0.437944985573969,0.7516283835227737,-1.147231520374728,-1.1482311345871123,-0.1777243244406505,-0.5626062820852982,-0.0450358753879229,0,0,0.0652874428017688
0.9389028535091608,1.6562244315031018,-0.7386539290161768,-0.1002917934456298,0.974794968480342,-0.7380716874354547,-0.7381295259620655,-0.7364669124007273,-0.6817599495840998,-0.7691548404173089,-1.7763568394002505e-15,0.3956556493434821,-2.121079872782292,-1.6425880251773404,-2.1182264902718217,0.5117978249200379,0.5117928765162008,0.7597022232614499,0.7516283835227737,1.6329133969545944,1.63243618670519,-1.6117810685315457,2.635837618342776,-0.3956556493434832,1,0,0.2704263898322268
0.3608318933385163,-1.6587849905049288,1.49767446563051,-0.7422518878421208,-0.0961629845215934,1.4867229276168454,1.4986395926348242,1.4999857418550129,0.89691440994995,1.4270056818479648,-1.7763568394002505e-15,-0.1969411517081696,-0.0078830069749707,1.1716828467334277,-0.0140503613775027,0.4558438182014351,0.4558489942465606,-0.249224819333236,-1.3304447010278462,0.5058617303597673,0.505629821214192,1.2287103551441247,-0.0072494633614522,0.1969411517081678,0,0,0.16612873446009216
0.3608318933385163,-0.6299889629851951,1.4079197918329345,0.22177632170922,-0.2114013725056936,1.4082007647326438,1.4082170112447374,1.406315041769327,1.3141753360741444,1.349494134003305,-1.7763568394002505e-15,-0.1278048582521457,-0.3679091396680706,1.1582266335480618,-0.3746499842402429,0.6699881570366987,0.6699933444622637,0.0991816414188861,-1.3304447010278462,0.3612255366399832,0.3602354514734178,1.2151014355581824,0.3869853153622647,0.127804858252142,0,0,0.07632279602325198
-0.9398277670454336,0.3988070645345384,-0.7904807747785566,0.3632251560677693,0.7201664345514026,-0.7904197960249194,-0.7904794415036949,-0.785889850843727,-0.4876332085530573,-0.8208292056470788,-1.7763568394002505e-15,0.5734346896589744,-1.933240151377198,-0.1278028837390308,-1.9257167593304263,0.6117048432510791,0.6116897727341106,-0.8855505080680148,0.7516283835227737,-1.322158016444205,-1.3208869486542811,-0.0843482722321576,1.0366156681287388,-0.5734346896589787,1,0,0.38563950768966776
0.5053496333811774,0.741739073707783,1.0421479015887452,1.5905658111173322,1.1624886303466606,1.0417640046063816,1.041767602453332,1.0276214794063423,1.7046601599871605,0.9877735773949065,-1.7763568394002505e-15,0.4401004094223565,0.8687023595821414,0.889102369840748,0.8618078648082951,0.6785964657626389,0.6786117810682494,-0.4137500924661824,-1.3304447010278462,0.1994248382553732,0.1996958348846465,0.9435967527297364,-0.9722676391069004,-0.4401004094223572,0,0,0.16301923717617323
0.5053496333811774,-0.2870569538119506,1.077798489431352,-0.228683812324928,-0.6137006551088691,1.0679380589011187,1.077460726686261,1.0642358552685651,0.802082381285361,1.013610760009796,-1.7763568394002505e-15,0.2129383023525545,-0.0704962474433344,0.5757648342386611,-0.0628900394176028,0.1233352343845137,0.1233353290475922,-0.5105296648973279,-1.3304447010278462,0.8476373085388031,0.8479123999789304,0.6258756400203189,-0.4220530131490162,-0.2129383023525576,0,0,0.12027071865546472
-1.6624164672587392,0.6274284039833682,-0.7904807747785566,-0.8227689166308327,1.019648233264573,-0.7904197960249194,-0.7904794415036949,-0.785889850843727,-1.0956738629318965,-0.8208292056470788,-1.7763568394002505e-15,0.6475092897904335,0.5869427774744989,-0.1239582514003549,0.5793517268097155,-0.4361795142464292,-0.4361845130293609,-0.8444191897847778,0.7516283835227737,-1.330740268776618,-1.32997409676308,-0.0797670517774841,-1.066541173149528,-0.6475092897904351,0,0,0.08506396848669319
-1.228863247130756,-1.3158529813316842,-0.7904807747785566,-0.3940701417287694,-0.3963348334622134,-0.7904197960249194,-0.7904794415036949,-0.785889850843727,-0.8758866906151418,-0.8208292056470788,-1.7763568394002505e-15,-0.1031133248749908,-0.5557488610731647,-0.2719765964393776,-0.5488448359166004,-0.5952306772356837,-0.5952154296260596,-0.5153686435188851,0.7516283835227737,-1.0513122296007,-1.0513015547599296,-0.2289262001105312,0.0733115566386115,0.1031133248749897,0,0,0.18579394160401652
-1.373380987173417,0.1701857250857087,-0.7904807747785566,0.7897477950566247,1.3412116392561335,-0.7904197960249194,-0.7904794415036949,-0.785889850843727,-0.2689617071617683,-0.8208292056470788,-1.7763568394002505e-15,0.025282648686197,0.3677964358352201,-0.1047350897069753,0.3603871702632656,0.5170387658208276,0.5170388814068009,-0.6847328952733885,0.7516283835227737,-1.3660789548512595,-1.3663226891982732,-0.0609032028464754,-0.8471409484685031,-0.0252826486862012,0,0,0.08733021586901257
-0.5062745469174503,-1.6587849905049288,0.4771305820802957,1.6514976166871689,-0.8186455726614301,0.4659348101222609,0.4778162395730522,0.4535649928315008,1.2528134351735278,0.4193555598674277,-1.7763568394002505e-15,-0.1969411517081696,0.8530490494650503,0.6488128486735034,0.8455279721282615,0.2994764220502666,0.2994815897854369,-0.5613389404236793,-1.3304447010278462,-0.4659521366928829,-0.4666950264272342,0.6995793926293313,-1.1556725144261952,0.1969411517081678,0,0,0.1949957589437541
-1.0843455070880947,0.2844963948101236,-0.7904807747785566,1.1488102207360178,0.1833073575955352,-0.7904197960249194,-0.7904794415036949,-0.785889850843727,-0.0848760044599181,-0.8208292056470788,-1.7763568394002505e-15,-5.243890573998069,1.1348086315726928,-0.2815881772860673,1.1353100618328564,0.9483656701005132,0.9483658086088248,-0.6750549380302743,0.7516283835227737,-1.0311186947009048,-1.030098209172733,-0.2397055423568219,-1.3836430603838228,5.243890573998064,0,0,0.0813692147131475
0.3608318933385163,0.6274284039833682,1.4622332791849233,-1.1252518085668066,-1.0898353120491626,1.4605488733221084,1.4629464684018954,1.4629832277327666,0.6693175411549351,1.4011684992330753,-1.7763568394002505e-15,-0.0389153380943968,-1.6045206389182798,1.242808544998932,-1.6078518547527738,1.0516653748117784,1.0516553913872573,0.169346831431466,-1.3304447010278462,0.3167997598604337,0.3178287602990253,1.2999887557477217,1.4994130170652769,0.0389153380943942,1,0,0.4206244329662121
-0.9398277670454336,0.5131177342589534,-0.7904807747785566,-0.4854678500835244,-1.642565544236373,-0.7904197960249194,-0.7904794415036949,-0.785889850843727,-0.922744869484704,-0.8208292056470788,-1.7763568394002505e-15,0.2079999956771246,0.7904358089966839,-0.1412590969243965,0.7962812967711607,1.17402995149549,1.1740250382851698,-0.8202242966769921,0.7516283835227737,-1.296411259446966,-1.2966545536974858,-0.0980919335961782,-1.2293772774049772,-0.207999995677127,0,0,0.17263891870639067
0.3608318933385163,-0.6299889629851951,1.476577274880774,-0.5638087429590284,-0.0023161535884341,1.4867229276168454,1.4772237180950667,1.4779912404536777,0.969433020105225,1.4270056818479648,-1.7763568394002505e-15,0.4845451695012255,-0.2270293486142494,1.154382001209386,-0.2220259903649296,1.0395124683751586,1.0395126117273554,-0.2008350331176637,-1.3304447010278462,0.5583649210992352,0.5571236604973827,1.2110591822158236,0.1710132191918807,-0.4845451695012309,0,0,0.04711751361989556
-1.517898727216078,0.6274284039833682,-0.7904807747785566,1.325077229705902,0.2392014260189611,-0.7904197960249194,-0.7904794415036949,-0.785889850843727,0.0054933405028085,-0.8208292056470788,-1.7763568394002505e-15,0.5092367028783804,-1.0879614050542676,-0.1700938394644658,-1.090558264844712,-1.944633707136734,-1.9446337223733363,0.0459528765817549,0.7516283835227737,-1.2449177454524878,-1.2451607144142949,-0.1255792563242194,0.6235261825964957,-0.509236702878383,1,0,0.20393538768085084
1.372456073637144,1.1989817526054425,-0.7904807747785566,-1.586592622166997,-0.985637727704258,-0.7904197960249194,-0.7904794415036949,-0.785889850843727,-1.4872743577703782,-0.8208292056470788,-1.7763568394002505e-15,0.6277560630887086,-1.2601478163422708,-1.3696191291313504,-1.266381105789073,0.8250136697688261,0.825003674299178,0.4282321876847789,0.7516283835227737,1.0243307389120122,1.023597263415699,-1.3369078412511333,1.6485366072781609,-0.6277560630887133,0,0,0.16663651078280672
-1.517898727216078,-1.3158529813316842,-0.7904807747785566,0.8920261829774213,-0.698576833085182,-0.7904197960249194,-0.7904794415036949,-0.785889850843727,-0.2165251736648778,-0.8208292056470788,-1.7763568394002505e-15,0.2771362891331485,-1.228841196108089,-0.254675750915336,-1.2260883714059905,-1.6089349853802022,-1.6089299190652195,0.1257960238374509,0.7516283835227737,-1.083117047067878,-1.081592048455924,-0.2119487360726234,0.8137873149370723,-0.2771362891331531,1,0,0.36134280775985284
-1.0843455070880947,-0.1727462840875357,-0.7904807747785566,-0.1481667835362154,1.2597857124170693,-0.7904197960249194,-0.7904794415036949,-0.785889850843727,-0.7498158760375111,-0.8208292056470788,-1.7763568394002505e-15,0.4845451695012255,-0.680975342009895,-0.077822663336244,-0.6880379183308862,0.2022025334471571,0.2022076960128271,-0.8734530615141216,0.7516283835227737,-1.4185821455907277,-1.417816528481464,-0.0328769130061196,-0.0363885557019012,-0.4845451695012309,0,0,0.1317152857148686
-0.5062745469174503,0.741739073707783,0.550735173132726,-0.9293995763780468,-0.8738495908574061,0.5444569730064626,0.5515820296544389,0.5276994004960004,-0.0067790396773147,0.4968671077120872,-1.7763568394002505e-15,0.5635580763081146,-2.058466632313928,0.9525388034289004,-2.0653168390617127,-2.924664337029784,-2.924654276926346,-0.4137500924661824,-1.3304447010278462,-0.8635123550326036,-0.8635004938447632,1.0071948719828512,1.5336943021716876,-0.5635580763081178,1,1,1.5899089653313627
0.9389028535091608,-1.0872316418828545,-0.7901928478576544,-1.697575553740628,-0.3245696098074446,-0.7904197960249194,-0.7904794415036949,-0.7856310920037112,-1.544173574969132,-0.8208292056470788,-1.7763568394002505e-15,0.400593956018912,1.1348086315726928,-1.261969423648425,1.1296120993948446,-0.0462990846266324,-0.0463091264011308,0.5322702280482597,0.7516283835227737,0.8211332939828219,0.8206509556525353,-1.2281712263416762,-0.4083404991064518,-0.4005939560189137,0,0,0.06954280095154294
-1.517898727216078,0.5131177342589534,-0.7904807747785566,-1.3189279048423583,0.1563953987249973,-0.7904197960249194,-0.7904794415036949,-0.785889850843727,-1.3500468339380896,-0.8208292056470788,-1.7763568394002505e-15,0.0302209553616269,0.1643034043130324,-0.1893170011578454,0.1695054285898739,0.5315209793244681,0.5315109682575098,-0.5710168976667935,0.7516283835227737,-1.207812125074114,-1.2088121219791017,-0.1453862977017785,-0.6003156957023492,-0.0302209553616317,0,0,0.011065792010116107
-1.0843455070880947,-1.544474320780514,-0.7904807747785566,-0.1873372299739673,-1.4272698732720663,-0.7904197960249194,-0.7904794415036949,-0.785889850843727,-0.7698979526958947,-0.8208292056470788,-1.7763568394002505e-15,0.6672625164921531,-2.0115067019626527,-0.0682110824895542,-2.0054882334625903,-2.064339835537437,-2.064349984558242,-0.210512990360778,0.7516283835227737,-1.4344845543243163,-1.4359908246990607,-0.0243881809871657,1.256015892809764,-0.6672625164921567,1,1,0.827011326672535
1.227938333594483,-0.9729209721584398,-0.7904807747785566,0.4502705925961068,-0.5515961346383961,-0.7904197960249194,-0.7904794415036949,-0.785889850843727,-0.4430063715344271,-0.8208292056470788,-1.7763568394002505e-15,0.0944189421422263,-0.1644161081458828,-1.2715810044951148,-0.166674355252816,0.9276044549379532,0.9276045923429372,0.583079503574611,0.7516283835227737,0.8377929602751533,0.8388252518701322,-1.2373336672510231,0.7040872025965595,-0.0944189421422272,0,0,0.07890521441917939
1.372456073637144,0.0558750553612939,-0.7904807747785566,0.1913104189243024,0.8912988909589287,-0.7904197960249194,-0.7904794415036949,-0.785889850843727,-0.5757712116648523,-0.8208292056470788,-1.7763568394002505e-15,0.4746685561503657,-0.0235363170920616,-1.1408635049801337,-0.0266672782045287,0.7454880882741988,0.7454932797121134,0.4717829952787941,0.7516283835227737,0.5919366728701448,0.5904432035629766,-1.1060951754024344,0.4709744638729701,-0.47466855615037,0,0,0.08332683934279793
0.0717964132531941,-1.3158529813316842,1.8291307019380936,-1.6801664664349605,0.3226975035403755,1.8269856334483705,1.8293958771933003,1.8491807964562064,0.6983249852170454,1.762889055841474,-1.7763568394002505e-15,0.109233862168516,-1.8236669805575585,1.6464949405599023,-1.831293381786233,-0.4321032268791442,-0.4321031617341647,0.3024187435242897,-1.3304447010278462,0.2968586441468856,0.296625414711829,1.7069089255451944,1.984493201320981,-0.1092338621685184,1,1,0.6280336451389782
-0.2172390668321281,-1.6587849905049288,-0.5705569575585997,-1.3776835744989864,-1.0705139056805708,-0.5810273616670607,-0.5715616128750631,-0.5756482933309665,-1.1927372334474176,1.3753313166181949,-1.7763568394002505e-15,-0.157434698304725,-0.0861495575604254,1.1178579939919648,-0.0812049186826405,0.0114272209473082,0.0114273096631741,-0.2443858407116789,-1.3304447010278462,0.479357715803786,0.4783683768877964,-0.8352642014643814,0.1418741268514317,0.1574346983047243,0,1,0.49968195348217015
-1.373380987173417,-1.3158529813316842,-0.7904807747785566,-0.7183143927968281,-0.330090011627042,-0.7904197960249194,-0.7904794415036949,-0.785889850843727,-1.0421216585095403,-0.8208292056470788,-1.7763568394002505e-15,-0.1722496183310201,-1.6827871895037372,-0.0893565603522717,-1.6831463583979285,-0.5756847527167899,-0.5756897589135563,-0.5226271114512212,0.7516283835227737,-1.3956119996422105,-1.3966131828942678,-0.0451384148112753,0.9097749132350208,0.1722496183310157,1,0,0.4618175840293239
-1.6624164672587392,0.2844963948101236,-0.7904807747785566,-0.7487802955817456,0.6235594027084451,-0.7904197960249194,-0.7904794415036949,-0.785889850843727,-1.0577410514660606,-0.8208292056470788,-1.7763568394002505e-15,-0.2166943784098945,0.6182493977086807,-0.1931616334965213,0.6131325041207847,-0.5141100267712512,-0.5141150296957049,-0.626665151814702,0.7516283835227737,-1.1982201959967114,-1.199724973870303,-0.1505064852687666,-0.987694217404785,0.2166943784098895,0,0,0.042503234224673093
-0.7953100270027725,-1.2015423116072694,-0.7904807747785566,-1.4886665060726172,0.2046989146464761,-0.7904197960249194,-0.7904794415036949,-0.785889850843727,-1.437069166124419,-0.8208292056470788,-1.7763568394002505e-15,0.5191133162292402,0.0234236132592111,-0.3431022947048819,0.0213584052015698,0.2309644120138243,0.2309594486854394,-0.3314874558997092,0.7516283835227737,-0.916267964958319,-0.914994333127954,-0.3010130513826,-0.3089247722978624,-0.5191133162292438,0,0,0.10989195124318281
0.5053496333811774,-0.0584356143631209,1.1069314587917198,1.050884104641637,-0.4115159384661067,1.0941121131958464,1.1060152260726042,1.0942518807103867,1.4815259748940084,1.0394479426246763,-1.7763568394002505e-15,-0.261139138488769,-0.11745617779461,0.8083650907285538,-0.1109157228237016,-0.0520970337391047,-0.0520918846878732,-0.5564999618021212,-1.3304447010278462,0.4268545250643182,0.4268745376046058,0.8619432352140844,-0.2455043948510034,0.2611391384887635,0,0,0.0981291447663107
-1.0843455070880947,-1.544474320780514,-0.7904807747785566,-1.6801664664349605,1.6717456982045409,-0.7904197960249194,-0.7904794415036949,-0.785889850843727,-1.5352482075654057,-0.8208292056470788,-1.7763568394002505e-15,0.6475092897904335,0.3364898156010383,-0.0816672956749199,0.3367813258772172,-2.959806491475676,-2.959816688084961,-0.1621232041452057,0.7516283835227737,-1.4110095700033043,-1.4117584297422652,-0.0369191663484786,-0.6945892297449775,-0.6475092897904351,0,0,0.2954243958461291
-0.9398277670454336,-0.2870569538119506,-0.7904807747785566,0.5438444368640699,-1.1912726954842685,-0.7904197960249194,-0.7904794415036949,-0.785889850843727,-0.3950325217393995,-0.8208292056470788,-1.7763568394002505e-15,-0.093236711524131,0.8530490494650503,-0.0912788765216097,0.8581448889552874,-0.3018898981217848,-0.3019050171906282,-0.8807115294464577,0.7516283835227737,-1.3938450653384786,-1.393584133524668,-0.0460816072578257,-1.3322211327242073,0.0932367115241288,0,0,0.12148252672879913
-0.072721326789467,-0.2870569538119506,1.650223383359374,-0.4680587627778565,1.655184492745747,1.6437672533852394,1.6509302560286552,1.660157463824734,1.166906773912664,1.5820287775372746,-1.7763568394002505e-15,0.252444755755999,-0.11745617779461,1.5253890218916115,-0.1101017281896998,-0.7022775280982418,-0.7022724136000582,0.2370925321332678,-1.3304447010278462,0.1809982376593098,0.1815215386670496,1.5855065834963458,0.440121307277201,-0.2524447557560008,0,0,0.16327780679200413
1.227938333594483,1.3132924223298572,-0.7904807747785566,-1.268876778838564,0.6352902565750891,-0.7904197960249194,-0.7904794415036949,-0.785889850843727,-1.324386402652377,-0.8208292056470788,-1.7763568394002505e-15,-3.9944989851141712,0.5869427774744989,-1.7367815174749002,0.5935966329047444,1.0113582351303243,1.011368504408867,1.1685959167830369,0.7516283835227737,1.7194931778374671,1.7202786184235743,-1.7079866980796898,0.5292526485538676,3.994498985114166,0,0,0.12862898690816568
-0.7953100270027725,-0.1727462840875357,-0.7904807747785566,1.5078726464154109,-1.249926964817493,-0.7904197960249194,-0.7904794415036949,-0.785889850843727,0.0992096982419319,-0.8208292056470788,-1.7763568394002505e-15,0.1734318489491099,0.9626222202846896,-0.6141488745815337,0.9603012155224974,-1.611289611002296,-1.611279481101164,-0.0943775034434048,0.7516283835227737,-0.4033521785035175,-0.4030849896656456,-0.574808344438383,-0.8591393982557467,-0.1734318489491141,0,0,0.12012987341236137
0.9389028535091608,-1.544474320780514,-0.7133687103260461,0.4241569616376053,-0.6192210569284666,-0.7118976331407177,-0.7143341098067795,-0.7124023402792666,-0.3905698380375366,-0.7433176578024193,-1.7763568394002505e-15,-4.5870957861658175,0.6965159482941382,-1.5791515915891878,0.6933109755699493,0.614970936855921,0.6149710576463775,0.7234098835997709,0.7516283835227737,1.5622360248053104,1.5627680512044022,-1.5572106484096988,0.2224351468514961,4.587095786165817,0,0,0.1582483254390031
-0.7953100270027725,-0.5156782932607803,-0.7904807747785566,-1.3972687977178622,-1.5404381105738174,-0.7904197960249194,-0.7904794415036949,-0.785889850843727,-1.390210987254857,-0.8208292056470788,-1.7763568394002505e-15,0.6722008231675829,1.0721953911043265,-0.3488692432128958,1.0677485072107178,0.7643504118060352,0.7643606679576493,-0.6798939166518314,0.7516283835227737,-0.906676035880916,-0.9059071850191556,-0.3061332389495881,-1.2859413978305536,-0.6722008231675871,0,0,0.1679483200652004
0.2163141532958551,-1.0872316418828545,1.7118397444324254,-1.0904336339554714,-1.2816692752801797,1.722289416269441,1.7127983380323988,1.7251059326686762,0.9002614227263475,1.659540325381934,-1.7763568394002505e-15,0.5931879163606993,0.8060891191137748,1.4850203823355144,0.8137821814021963,0.5605613619969729,0.5605665436071836,0.0822452162434357,-1.3304447010278462,0.4149908233106885,0.414758340126208,1.5442755994042838,-0.4083404991064518,-0.5931879163607005,0,0,0.17331764988545625
0.0717964132531941,-0.6299889629851951,-0.5601654132314962,-1.7258653206123378,1.0017069273508803,-0.5548533073723237,-0.5596639047974201,-0.5656860779903619,-1.362319214118213,1.711214690611704,-1.7763568394002505e-15,-0.033977031418967,0.5399828471232233,1.415817000239348,0.5406869816946359,0.957556305593206,0.9575412534560906,0.1814442779853585,-1.3304447010278462,0.6098584350937134,0.6086174997805734,-0.8944158420409016,-0.2232215595318369,0.0339770314189637,0,0,0.34445303299431335
-0.5062745469174503,1.5419137617786869,0.6068285723593826,0.6439466888716585,0.4317254394774281,0.5968050815959273,0.606311486811597,0.5842382070394321,0.8478248892294569,0.5485414729418572,-1.7763568394002505e-15,-0.0191621113926773,-0.0548429373262435,0.8314328847606093,-0.0523081091755811,0.7492099158704111,0.7492100437948358,-0.626665151814702,-1.3304447010278462,-0.5588423972319415,-0.557566507515218,0.8851188210436096,-0.3003544510212598,0.0191621113926725,0,0,0.19100026232737374
-0.3617568068747892,1.3132924223298572,1.1407236092357764,-1.0556154593441365,-1.2237050561744045,1.146460221785311,1.1417083503055332,1.1290549446924991,0.4316796340307288,1.0911223078544463,-1.7763568394002505e-15,0.6820774365184427,-1.1662279556397253,1.4350401619327275,-1.1699227416598752,-0.0148281206668021,-0.0148229696349627,0.4040372945769923,-1.3304447010278462,-0.6194230019313275,-0.6181474949072071,1.493477949068639,1.3211503345119435,-0.682077436518448,0,1,0.5336026541426179
-1.228863247130756,-1.544474320780514,-0.7904807747785566,-1.305871089363108,1.2659961644641158,-0.7904197960249194,-0.7904794415036949,-0.785889850843727,-1.3433528083852952,-0.8208292056470788,-1.7763568394002505e-15,0.1191104755193758,0.0077703031421202,-0.1278028837390308,0.006299504472539,0.0850029419990076,0.0850131620475343,-0.8661945935817854,0.7516283835227737,-1.3244297891204322,-1.3239159980238808,-0.0831355962294499,-0.5866031816597854,-0.1191104755193793,0,0,0.18516546756614724
-1.373380987173417,1.6562244315031018,-0.7904807747785566,-1.399444933631071,1.2735867169660624,-0.7904197960249194,-0.7904794415036949,-0.785889850843727,-1.391326658180323,-0.8208292056470788,-1.7763568394002505e-15,-0.0636068714715517,0.7747824988795929,-0.2316079568832805,0.7755244336041178,0.3861165175213302,0.3861014350157473,-0.3726187741829462,0.7516283835227737,-1.1267855662886852,-1.127027788999916,-0.1886384084650199,-1.028831759532477,0.0636068714715463,0,0,0.1880124367332152
0.3608318933385163,-0.4013676235363654,1.5658346203604283,-0.7204905287100362,-0.1630978565842143,1.5652450905010378,1.565266757869625,1.5715325611193551,0.9649703364033612,1.504517229692615,-1.7763568394002505e-15,-0.1673113116555903,0.0077703031421202,1.3792929930219269,0.0140324534955548,0.8838286732110474,0.8838338720009054,-0.0919580141326258,-1.3304447010278462,0.2509183522498514,0.2511896741678373,1.4378295947221635,0.1470163196173934,0.1673113116555852,0,0,0.040800188692988494
-1.228863247130756,0.2844963948101236,-0.7904807747785566,-0.9576893432497564,1.3046389772012992,-0.7904197960249194,-0.7904794415036949,-0.785889850843727,-1.1648454603107736,-0.8208292056470788,-1.7763568394002505e-15,-0.2315092984361842,0.3677964358352201,-0.1278028837390308,0.3689341139202834,0.314692873651115,0.3146929784836627,-0.7355421707997399,0.7516283835227737,-1.322158016444205,-1.3208869486542811,-0.0843482722321576,-0.853997205489785,0.2315092984361809,0,0,0.0849563283680625
-1.517898727216078,-0.4013676235363654,-0.7904807747785566,0.7962762027962502,-1.4093285673583742,-0.7904197960249194,-0.7904794415036949,-0.785889850843727,-0.265614694385371,-0.8208292056470788,-1.7763568394002505e-15,-0.1969411517081696,-1.96454677161138,-0.0489879207961746,-1.9603115312754973,-0.2691023692979868,-0.2690921680679571,-0.7621565532183047,0.7516283835227737,-1.4738619473789174,-1.4723394171342543,-0.0033684636068989,1.0486141179159825,0.1969411517081678,1,1,0.5014740049057208
-0.072721326789467,1.5419137617786869,1.8280575197783675,0.1107933901355897,-0.1982904181841489,1.8269856334483705,1.827016335577772,1.848016381676136,1.6142908150244335,1.762889055841474,-1.7763568394002505e-15,-0.1426197782784354,-0.11745617779461,1.335079721127154,-0.1141717013597082,0.5853988645268143,0.5854091111682673,0.0846647055542138,-1.3304447010278462,0.8552098841262267,0.8539704987181291,1.3936342915123716,0.2772852030217526,0.1426197782784332,0,0,0.12883283401214582
1.227938333594483,-0.6299889629851951,-0.7904807747785566,0.2326570012752624,-0.35769202072503,-0.7904197960249194,-0.7904794415036949,-0.785889850843727,-0.5545734640810032,-0.8208292056470788,-1.7763568394002505e-15,-0.0191621113926773,-0.320949209316795,-1.5061035771543454,-0.3209263383961325,0.0280615116324327,0.0280565375210212,0.6266303111686262,0.7516283835227737,1.2843225007468777,1.2840955092012525,-1.4756918726721258,0.9971921902563672,0.0191621113926725,0,0,0.05156523799731547
-0.2172390668321281,0.0558750553612939,1.530786061534253,-0.96639388690259,-0.5536662853207452,1.5390710362063105,1.5319531752522249,1.5346594264171172,0.8087764068381551,1.4786800470777348,-1.7763568394002505e-15,-5.268582107375218,-0.11745617779461,1.0159752370170532,-0.1157996906277115,0.5149879628596484,0.5149830146253493,-0.3048730734811445,-1.3304447010278462,0.9448186952440684,0.9448419798061132,0.7809634265888259,-0.2215074952765161,5.268582107375216,0,0,0.1822920096440526
0.3608318933385163,-0.0584356143631209,1.4433871534531486,-0.6965530336647433,-1.0856950106844645,1.4343748190273808,1.4439101354776664,1.4433175558915734,0.8723696495897034,1.3753313166181949,-1.7763568394002505e-15,0.1191104755193758,-1.651480569269553,1.0813339867745435,-1.6534355542568675,-0.0726303819059742,-0.07262017023468,-0.210512990360778,-1.3304447010278462,0.600518925202558,0.5995303516717748,1.1361427536041036,1.326292527277905,-0.1191104755193793,1,0,0.4535066065645991
1.227938333594483,1.1989817526054425,-0.7904807747785566,1.4534692485851997,0.7726102518375803,-0.7904197960249194,-0.7904794415036949,-0.785889850843727,0.071317925105288,-0.8208292056470788,-1.7763568394002505e-15,0.1833084622999697,0.414756366186493,-1.1927660415522583,0.4075988590353629,0.6007419089030448,0.6007521563598868,0.4258126983739991,0.7516283835227737,0.6888656403891625,0.6873727833901593,-1.1578360181846297,0.124733484298227,-0.183308462299975,0,0,0.12132241619920349
-1.228863247130756,1.6562244315031018,-0.7904807747785566,-1.1208995367403898,-1.601852580816841,-0.7904197960249194,-0.7904794415036949,-0.785889850843727,-1.2485207797207054,-0.8208292056470788,-1.7763568394002505e-15,-3.629064291132316,0.3834497459523111,-0.3085006036567987,0.3892839797703252,-2.9663133601302825,-2.966318493374084,-0.2685807338194655,0.7516283835227737,-0.9801300190789216,-0.9816334192591422,-0.2669233815287058,-0.6225985310215157,3.6290642911323134,1,1,0.7133707900777192
0.5053496333811774,-1.6587849905049288,1.035813509328899,-0.8945814017667119,-0.2576347377448232,1.0417640046063816,1.034628977606746,1.02115250840595,0.4238699375524685,0.9877735773949065,-1.7763568394002505e-15,0.4746685561503657,-1.0096948544688131,0.9525388034289004,-1.0160777558335592,-0.1732969568893042,-0.1733070054129502,-0.2056740117392208,-1.3304447010278462,0.0709434724554253,0.0724757613614693,1.0067906466486154,0.7092293953625213,-0.47466855615037,0,0,0.3827084554596733
1.6614915537224662,0.2844963948101236,-0.7904807747785566,0.4502705925961068,-1.3630952021192442,-0.7904197960249194,-0.7904794415036949,-0.785889850843727,-0.4430063715344271,-0.8208292056470788,-1.7763568394002505e-15,-0.241385911787044,-2.08977325254811,-0.3123452359954746,-2.0848527102777528,-0.64407016997785,-0.6440599886750232,-0.7137667670027323,0.7516283835227737,-0.9738195394227356,-0.9725462711503436,-0.2702919259806716,1.3365769128098284,0.2413859117870418,1,1,1.0642811287333014
-0.9398277670454336,-0.9729209721584398,-0.7904807747785566,-0.1089963370984634,-0.4577493037052368,-0.7904197960249194,-0.7904794415036949,-0.785889850843727,-0.7297337993791274,-0.8208292056470788,-1.7763568394002505e-15,0.1981233823262649,-1.8549736007917403,-0.1085797220456512,-1.860190191293292,0.1951133380257979,0.1951185002147191,-0.7573175745967475,0.7516283835227737,-1.359263636822579,-1.3602645904590744,-0.0645412308545985,1.004048447277649,-0.1981233823262662,1,0,0.46241171974331685
0.5053496333811774,0.741739073707783,1.1543085248674307,-1.741098272004797,0.952023310974502,1.146460221785311,1.1536060583831764,1.1431573014733551,0.0914000017636716,1.0911223078544463,-1.7763568394002505e-15,0.2968895158348735,-0.6966286521269859,0.975606597460956,-0.6933288834518969,0.0328467185418522,0.0328569358185974,-0.1693816720775418,-1.3304447010278462,0.2466272260836448,0.2481606247982379,1.029696748921983,0.4624041425963675,-0.2968895158348748,0,0,0.19962380074568598
-0.072721326789467,-1.2015423116072694,1.6657714370880874,0.2239524576224288,1.5986003740948722,1.6699413076799765,1.6652075057218267,1.6765886501657314,1.5350781793163653,1.607865960152164,-1.7763568394002505e-15,-0.0043471913663822,0.399103056069402,1.2274300156442284,0.3953889395253374,0.0511520338620097,0.0511571884002848,-0.1838986079422133,-1.3304447010278462,0.7504559218335383,0.7509828201517477,1.2848976766029143,-0.2969263225106188,0.0043471913663813,0,0,0.2019997042303442
1.5169738136798052,-1.3158529813316842,-0.7904807747785566,-1.3668028949329438,-1.3327329921114577,-0.7904197960249194,-0.7904794415036949,-0.785889850843727,-1.3745915942983362,-0.8208292056470788,-1.7763568394002505e-15,0.4450387160977864,-1.6671338793866464,-1.1523974019961614,-1.662389495230886,-0.2513793807445853,-0.2513691785726872,0.5540456318452665,0.7516283835227737,0.6126350461424352,0.6116465491501729,-1.1171440012048826,1.87993528174643,-0.4450387160977875,1,1,0.5192356917906665
-1.0843455070880947,-1.430163651056099,-0.7904807747785566,1.4708783358908668,-1.3610250514368951,-0.7904197960249194,-0.7904794415036949,-0.785889850843727,0.0802432925090139,-0.8208292056470788,-1.7763568394002505e-15,-0.0290387247435371,-0.0861495575604254,-0.2181517436979147,-0.0897518623396581,-0.4415723664776781,-0.4415621744133541,-0.4137500924661824,0.7516283835227737,-1.1522799040996767,-1.1512601839567116,-0.1750294888790779,-0.3192091578297853,0.0290387247435333,0,0,0.19314919622269833
-0.6507922869601114,-0.5156782932607803,-0.098278281755257,-1.305871089363108,1.0934836076016905,-0.1098943843618599,-0.0980328313848704,-0.1172570082431447,-0.7531628888139085,-0.149062457660051,-1.7763568394002505e-15,0.3512108892646077,-0.9627349241175376,0.0240600936386676,-0.9574701421854392,-0.4971212763150612,-0.497121214625383,-0.8565166363386711,0.7516283835227737,-0.3412570586866468,-0.3425040022736564,0.0691226129994057,0.1298756770641881,-0.3512108892646094,0,1,0.5439413944160245
-0.6507922869601114,-0.2870569538119506,-0.590188338529198,0.8724409597585446,0.3599602158226588,-0.5810273616670607,-0.590597945799292,-0.594537688652113,-0.0558685603978086,-0.149062457660051,-1.7763568394002505e-15,0.4845451695012255,-1.8236669805575585,0.1259428506135793,-1.828037403250226,-0.3374371494488964,-0.337452270406855,-0.7984488928799837,0.7516283835227737,-0.5527843367620028,-0.5515084087760191,-0.3006088260483641,1.115462623873482,-0.4845451695012309,1,1,0.5123743565043221
-1.517898727216078,0.0558750553612939,-0.7904807747785566,0.3828103792866453,0.8119431148022127,-0.7904197960249194,-0.7904794415036949,-0.785889850843727,-0.4775921702238656,-0.8208292056470788,-1.7763568394002505e-15,0.6228177564132786,-1.776707050206283,-0.2277633245446046,-1.7751277520401172,0.5873230747126116,0.5873130666111879,-0.7790929783937551,0.7516283835227737,-1.1351153994348506,-1.1361149371087145,-0.184191929788425,1.0023343830223288,-0.6228177564132827,1,0,0.28397989395173706
-0.5062745469174503,-0.0584356143631209,0.5450289850639388,0.3719296997206029,-1.4955848457895868,0.5444569730064626,0.5444434048078532,0.521877326595647,0.6548138191238808,0.4968671077120872,-1.7763568394002505e-15,0.5635580763081146,-1.8236669805575585,0.9890628106463216,-1.8215254461782124,-0.0722506035798317,-0.0722555830222057,-0.4476229428170833,-1.3304447010278462,-0.9445389138180325,-0.9452848268239488,1.0445183445106327,1.3434331698311102,-0.5635580763081178,1,1,0.8718116890687071
0.9389028535091608,-0.8586103024340248,-0.7904807747785566,-1.308047225276316,-0.5426254816815498,-0.7904197960249194,-0.7904794415036949,-0.785889850843727,-1.3444684793107609,-0.8208292056470788,-1.7763568394002505e-15,0.2475064490805691,0.5869427774744989,-1.7310145689668863,0.5874916731497317,-0.3876438441651811,-0.3876437766574592,0.7451852873967776,0.7516283835227737,1.708639152828827,1.7081624209451765,-1.7021928016223085,0.410982214936752,-0.2475064490805704,0,0,0.08065944389843786
0.6498673734238385,1.3132924223298572,0.559189754537397,1.007361386377469,0.4344856403872264,0.5706310273011902,0.5587206545010248,0.5361090627965109,0.9928621095400052,0.5227042903269675,-1.7763568394002505e-15,0.4746685561503657,-1.588867328801189,0.1220982182749034,-1.5858739996347289,1.229983958214089,1.229979047977379,-0.7839319570153123,0.7516283835227737,0.718903523552608,0.7176632770861539,0.1685620452214372,0.6166699255752138,-0.47466855615037,1,0,0.24031754389286983
0.9389028535091608,0.6274284039833682,-0.7631277172928562,-1.61053011721229,-0.2521143359252257,-0.7642457417301824,-0.7643044837328803,-0.7598845874221486,-1.4761176485157204,-0.7949920230321893,-1.7763568394002505e-15,0.3117044358611631,0.4460629864206776,-1.6848789809027755,0.4413796363464322,0.568435432625698,0.5684254235205145,1.030685026068655,0.7516283835227737,1.671028694077958,1.671813828509983,-1.6558416299632586,0.584102704724124,-0.311704435861166,0,0,0.04419374627165021
-0.2172390668321281,-0.74429963270961,1.5459153124689275,1.48175901545691,-1.5452684621659654,1.5390710362063105,1.5462304249453964,1.550573095078083,2.0772942490927244,1.4786800470777348,-1.7763568394002505e-15,-0.2364476051116141,-1.4636408478644585,1.2581870743536356,-1.4580768420964667,1.230313099430081,1.2303031254995778,0.2637069145518325,-1.3304447010278462,0.4349319390242362,0.4359616857134043,1.3152145766706071,1.4102816757886103,0.2364476051116112,1,0,0.3963675317213082
1.372456073637144,-1.0872316418828545,-0.7904807747785566,-0.0894111138795875,0.9768651191626913,-0.7904197960249194,-0.7904794415036949,-0.785889850843727,-0.7196927610499356,-0.8208292056470788,-1.7763568394002505e-15,0.5388665429309597,1.08784870122142,-1.7809947893696734,1.0909473542797652,-0.6273092865173435,-0.6273193591689197,1.134723066432136,0.7516283835227737,1.8022866709266272,1.80206295140276,-1.752182001289481,0.1281616128088679,-0.5388665429309656,0,0,0.17238155680367606
-1.0843455070880947,-0.4013676235363654,-0.7904807747785566,0.3371115251092678,1.632412835239907,-0.7904197960249194,-0.7904794415036949,-0.785889850843727,-0.5010212596586466,-0.8208292056470788,-1.7763568394002505e-15,0.4055322626943419,0.915662289933414,-0.2873551257940812,0.9086125562633908,-0.2852556074366603,-0.2852555344876432,-0.624245662503923,0.7516283835227737,-1.02076950806476,-1.0210110610639351,-0.2452299552580458,-1.1745272212347206,-0.405532262694344,0,0,0.14792259411702494
0.5053496333811774,-0.4013676235363654,1.0881638585838278,1.1031113665586405,0.8533461284491953,1.0941121131958464,1.0869788931483757,1.074974347129217,1.492682684148666,1.0394479426246763,-1.7763568394002505e-15,0.2820745958085783,0.7904358089966839,0.7430063409710633,0.7975022887221632,0.7412852081315318,0.7412903993460922,-0.6992498311380609,-1.3304447010278462,0.5565979867955032,0.5571236604973827,0.7945723461747678,-1.0939662012346565,-0.2820745958085834,0,0,0.13215863620527155
-0.9398277670454336,0.741739073707783,-0.7904807747785566,-0.3679565107702678,-0.9042118008651931,-0.7904197960249194,-0.7904794415036949,-0.785889850843727,-0.8624986395095525,-0.8208292056470788,-1.7763568394002505e-15,0.3018278225103034,0.6025960875915898,-0.0912788765216097,0.6005155872937588,0.3308714303448655,0.3308765997484863,-0.5540804724913431,0.7516283835227737,-1.3920781310347463,-1.393584133524668,-0.0470247997043761,-1.0219755025111952,-0.3018278225103051,0,0,0.08152222912873092
-0.2172390668321281,1.5419137617786869,1.4644319938536308,-1.2732290506649808,-0.307318354121202,1.4605488733221084,1.465326010017424,1.465312057292908,0.5956832600741954,1.4011684992330753,-1.7763568394002505e-15,-0.033977031418967,0.6495560179428627,0.9890628106463216,0.6481342733828566,0.4124731333557491,0.4124833708072773,-0.4185890710877404,-1.3304447010278462,0.8001825015242842,0.799447610065339,1.0445183445106327,-0.7288705148513875,0.0339770314189637,0,0,0.1332506379651723
0.9389028535091608,1.7705351012275166,-0.7904807747785566,0.3762819715470197,0.7167161834141543,-0.7904197960249194,-0.7904794415036949,-0.785889850843727,-0.4809391830002629,-0.8208292056470788,-1.7763568394002505e-15,0.0697274087650715,0.3364898156010383,-1.261969423648425,0.3380023178282197,-0.3357661248138597,-0.3357711182604467,0.3266136366320763,0.7516283835227737,0.8203760364240795,0.8206509556525353,-1.2280364845635978,0.2001523115323291,-0.0697274087650752,0,0,0.18020395935538133
1.0834205935518215,0.9703604131566128,-0.7904807747785566,-1.1796552063970178,1.4737012829264762,-0.7904197960249194,-0.7904794415036949,-0.785889850843727,-1.278643894708281,-0.8208292056470788,-1.7763568394002505e-15,-0.0734834848224115,0.1799567144301261,-1.438822511227517,0.1784593695638922,-0.6459690616085701,-0.6459740715405123,0.614532864614732,0.7516283835227737,1.155588715760682,1.156875435678075,-1.4069735658520228,0.5309667128091883,0.0734834848224071,0,0,0.13872001882655108
0.7943851134664996,-0.9729209721584398,-0.2112241602727664,0.7875716591434151,-1.4486614303230072,-0.2145906015407986,-0.2122508289302435,-0.2277470329298508,0.2241648418940975,-0.2524111881196001,-1.7763568394002505e-15,0.691954049869308,0.4304096763035867,-0.7198762638951213,0.4344606819574179,-0.16023258246994,-0.1602325028767251,0.0628893017572054,0.7516283835227737,0.8630348788998974,0.8630576468269279,-0.6815238326766608,-0.3037825795319007,-0.6919540498693089,0,0,0.1628074519079988
0.0717964132531941,-0.9729209721584398,1.7556831619334283,0.2587706322337639,-0.2707456920663678,1.7484634705641688,1.7556300871119137,1.7714237650314872,1.6299102079809542,1.6853775079968143,-1.7763568394002505e-15,0.6672625164921531,-1.5106007782157314,1.50808817636757,-1.50366054160056,1.1412930597818465,1.141283081120479,0.4112957625093285,-1.3304447010278462,0.4695133675401358,0.4692812287789982,1.5665079927872585,1.650250671533482,-0.6672625164921567,1,0,0.3249012688726825
1.372456073637144,1.6562244315031018,-0.7904807747785566,-0.5420473838269436,-0.3901243814151658,-0.7904197960249194,-0.7904794415036949,-0.785889850843727,-0.9517523135468134,-0.8208292056470788,-1.7763568394002505e-15,0.193185075650835,0.2269166447813989,-1.308105011712536,0.2272990476039926,-0.326676763541472,-0.3266868202162996,0.7427657980859994,0.7516283835227737,0.9067033981207046,0.90546433800132,-1.27411817266649,0.440121307277201,-0.1931850756508358,0,0,0.13673851079463453
-0.072721326789467,-0.74429963270961,1.7317590523239257,0.6831171353094104,1.379854451993317,1.722289416269441,1.7318346709566277,1.7461947781299565,1.8262682908629284,1.659540325381934,-1.7763568394002505e-15,0.6524475964658634,0.4460629864206776,1.3466136181431816,0.4438216202484373,-0.0649841782729362,-0.0649840936178609,-0.0556656744709467,-1.3304447010278462,0.7224373921600722,0.7237213758253526,1.404952600870977,-0.2249356237871571,-0.6524475964658654,0,0,0.13667848574476377
-0.9398277670454336,0.2844963948101236,-0.7904807747785566,-1.61053011721229,-1.137448777743192,-0.7904197960249194,-0.7904794415036949,-0.785889850843727,-1.4995467379505014,-0.8208292056470788,-1.7763568394002505e-15,0.5388665429309597,0.7278225685283201,-0.1105020382149892,0.7352316992210353,-0.2169208272857543,-0.2169156869938827,-0.8710335722033425,0.7516283835227737,-1.3577491217050943,-1.357235541089475,-0.0653496815230703,-1.2139506991070923,-0.5388665429309656,0,0,0.08972562943306228
-0.3617568068747892,0.8560497434321979,1.125646708650357,0.0542138563921698,-0.8731595406299565,1.1202861674905833,1.1250515589968333,1.1135294142915568,0.9872837549126768,1.065285125239566,-1.7763568394002505e-15,0.3610875026154674,0.1643034043130324,1.2255076994748904,0.1682844366388713,0.3563418967516137,0.3563268126636939,-0.0459877172278316,-1.3304447010278462,-0.2773950045660441,-0.2758649161424684,1.2820680992632632,-0.0689557765529905,-0.3610875026154703,0,0,0.0920824880531919
1.372456073637144,-1.544474320780514,-0.7904807747785566,1.1879806671737696,-0.1499869022626701,-0.7904197960249194,-0.7904794415036949,-0.785889850843727,-0.0647939278015345,-0.8208292056470788,-1.7763568394002505e-15,0.5042983962029505,1.1661152518068747,-1.575306959250512,1.1613578901209098,-0.5442137887569596,-0.5442238569925262,0.6846980546273119,0.7516283835227737,1.4133087049193198,1.4143446320940294,-1.5445449212703073,-0.190654338680747,-0.5042983962029527,0,0,0.13653460916004692
0.0717964132531941,1.3132924223298572,1.8964270759053048,0.4241569616376053,-0.3404407650387875,1.905507796332572,1.8960230424281013,1.9205982363005412,1.8340779873411888,1.8404006036861336,-1.7763568394002505e-15,-0.2166943784098945,0.2895298852497627,1.7387661166881243,0.2822436853991051,-0.6009779892380016,-0.600988060490233,0.578240524953053,-1.3304447010278462,0.2203756307139108,0.2208991804718425,1.8009586866440803,0.3424196447239318,0.2166943784098895,0,0,0.10604595226120588
0.5053496333811774,-0.0584356143631209,1.0067328903177857,-1.3123994971027328,-0.1175545415725343,1.015589950311654,1.0060744782204027,0.9912658623841364,0.1851163595027958,0.961936394780026,-1.7763568394002505e-15,0.4499770227732163,0.8060891191137748,0.7795303481884845,0.8048282404281779,0.6616583524165996,0.6616584756882025,-0.2540637979547931,-1.3304447010278462,0.3382553906914661,0.3390321058862215,0.8327042693710212,-0.9499848037877332,-0.449977022773218,0,0,0.04164714335547384
0.9389028535091608,-0.0584356143631209,-0.7845128349634948,1.2097420263058545,-0.1141042904352855,-0.7904197960249194,-0.7833408166571091,-0.7801971563633815,-0.0491745348450138,-0.8208292056470788,-1.7763568394002505e-15,0.6129411430624189,1.0095821506359626,-1.167775931350865,1.0128038694156047,0.0341886019608933,0.0341836281751004,0.4983973776973588,0.7516283835227737,0.6555463078045001,0.6570822896941648,-1.1343909487989476,-0.3792014067660034,-0.6129411430624219,0,0,0.04199903718925441
1.227938333594483,1.0846710828810275,-0.7904807747785566,0.955134124460466,0.4593274485754156,-0.7904197960249194,-0.7904794415036949,-0.785889850843727,-0.1841707168263708,-0.8208292056470788,-1.7763568394002505e-15,0.52405162290467,-1.6827871895037372,-1.3234835410672394,-1.6823323637639267,0.8904874531961133,0.8904774612059893,0.6798590760057557,0.7516283835227737,0.93876063477413,0.9387838810669143,-1.2912303784824768,2.042771386001879,-0.5240516229046744,1,0,0.16495676377423
1.0834205935518215,1.3132924223298572,-0.7904807747785566,0.4023956025055213,-1.0325611431708377,-0.7904197960249194,-0.7904794415036949,-0.785889850843727,-0.4675511318946737,-0.8208292056470788,-1.7763568394002505e-15,0.0746657154405013,0.3521431257181292,-1.119718027117416,0.3595731756292641,0.7982013199430331,0.79820651418233,0.5129143135620311,0.7516283835227737,0.5533165373742862,0.5540946111277828,-1.0854796833564035,0.1435881911067525,-0.0746657154405055,0,0,0.15812306829257963
-0.2172390668321281,0.5131177342589534,1.503590055096317,0.4480944566828988,-1.02635069112379,1.5128969819115732,1.5033986758658815,1.5061959540153895,1.5116490898815842,1.452842864462845,-1.7763568394002505e-15,0.0796040221159312,-0.7905485128295343,1.1870613760881312,-0.7958922073361075,-0.0751622374136046,-0.0751621532994299,0.0241774727847482,-1.3304447010278462,0.5149488210646752,0.5147169693229902,1.2432624671766168,0.7383684877029697,-0.079604022115936,0,0,0.18437190468941814
1.0834205935518215,1.4276030920542722,-0.7904807747785566,0.5764864755621962,-0.9739068738376128,-0.7904197960249194,-0.7904794415036949,-0.785889850843727,-0.3782974578574132,-0.8208292056470788,-1.7763568394002505e-15,0.4450387160977864,0.5556361572403142,-1.3773083938087023,0.5516759092536584,0.0480631701427005,0.0480581970942543,0.5443676746021522,0.7516283835227737,1.0404855668318485,1.041771559633296,-1.345531315048166,0.1573007051493163,-0.4450387160977875,0,0,0.14453030768242361
-0.072721326789467,-0.5156782932607803,1.7208178293296452,0.687469407135828,-0.556426486230544,1.722289416269441,1.719936962878985,1.7345506303292493,1.818458594384668,1.659540325381934,-1.7763568394002505e-15,0.6968923565447378,-0.1018028676775191,1.5330782865689634,-0.0974848113626738,-0.4779804486773835,-0.4779702585479231,0.2128976390254812,-1.3304447010278462,0.3518860267488281,0.3511483033646194,1.5931868648468277,0.4264087932346366,-0.6968923565447394,0,0,0.05825493815231023
0.3608318933385163,-1.2015423116072694,1.4999255306484724,-1.6584051073028754,-0.4756906096189289,1.5128969819115732,1.5010191342503532,1.502443950835162,0.4283326212543314,1.452842864462845,-1.7763568394002505e-15,0.6030645297115591,0.1016901638446686,1.198595273104159,0.1019438739677354,-0.0856188006601106,-0.0856237808129238,-0.1621232041452057,-1.3304447010278462,0.533123002474491,0.5328912655405871,1.2549850018694582,-0.0638135837870294,-0.6030645297115611,0,0,0.11305815564840886
-0.7953100270027725,1.7705351012275166,-0.7855860171232207,-0.1655758708418826,-1.1270980243314463,-0.7904197960249194,-0.7857203582726376,-0.7812321917234443,-0.754278559739374,-0.8208292056470788,-1.7763568394002505e-15,0.3117044358611631,0.3521431257181292,-0.4392181031717798,0.3498052400212442,0.479719215638378,0.4797294566636155,-0.3677797955613891,0.7516283835227737,-0.7261963177139954,-0.7271932722127877,-0.3977576480430588,-0.53518125400017,-0.311704435861166,0,0,0.20708728819079605
-0.2172390668321281,1.3132924223298572,1.42035299978098,-0.6182121407892395,-0.7737923078771998,1.4082007647326438,1.4201147193223802,1.4192529837701124,0.8935673971735534,1.349494134003305,-1.7763568394002505e-15,0.4351621027469212,-1.651480569269553,1.3562251989898717,-1.6550635435248708,0.700421060238399,0.7004363767038528,0.2443510000656022,-1.3304447010278462,0.0616039625642702,0.0603595638830714,1.4142497835584027,1.633110028980277,-0.4351621027469266,1,0,0.49876221956318073
-0.9398277670454336,1.0846710828810275,-0.7904807747785566,-0.2961440256343896,-0.6447529153441058,-0.7904197960249194,-0.7904794415036949,-0.785889850843727,-0.8256814989691826,-0.8208292056470788,-1.7763568394002505e-15,0.2030616890016947,0.7278225685283201,-0.2200740598672527,0.7218007877600078,-1.777809747739056,-1.777814817821288,0.0483723658925348,0.7516283835227737,-1.1495032930509548,-1.1482311345871123,-0.1765116484379429,-0.8711378480429903,-0.2030616890016967,0,0,0.07159485848922509
-0.6507922869601114,0.1701857250857087,-0.1616483795283486,1.5296340055474955,1.2038916439936431,-0.1622424929513339,-0.1622804550041428,-0.1793591298469139,0.6470041226456205,-0.2007368228898301,-1.7763568394002505e-15,0.6277560630887086,-2.105426562665201,0.183612335693718,-2.098283621738781,0.9560118737335512,0.9560120126482128,-1.06943169568719,0.7516283835227737,-0.7537100090149664,-0.7544547165391828,0.230004296025294,0.9286296200435464,-0.6277560630887133,1,1,0.5833256759716978
-1.228863247130756,1.6562244315031018,-0.7904807747785566,-1.5495983116424532,-1.483853991922942,-0.7904197960249194,-0.7904794415036949,-0.785889850843727,-1.46830795203746,-0.8208292056470788,-1.7763568394002505e-15,0.1536786222473904,-1.9958533918455617,-0.2316079568832805,-1.996534292488572,-0.2762422018295039,-0.2762522558240463,-0.626665151814702,0.7516283835227737,-1.1262807279161904,-1.127027788999916,-0.1889078920211771,1.2354471217459182,-0.1536786222473924,1,1,0.7179219643988145
-0.7953100270027725,-0.0584356143631209,-0.7758750273364314,-0.3396667438985583,-0.9725267733827138,-0.7642457417301824,-0.7762021918105232,-0.7720462529028866,-0.8357225372983745,-0.7949920230321893,-1.7763568394002505e-15,0.2672596757822887,-1.6045206389182798,-0.4372957870024417,-1.6037818815827658,1.086630299372134,1.0866152540944984,-0.5395635366266717,0.7516283835227737,-0.7133229392153759,-0.7120480253647902,-0.3951975542595648,1.060612567703226,-0.2672596757822922,1,0,0.4021096199941186
0.0717964132531941,0.1701857250857087,1.7885068309162688,1.179276123520936,-0.114794340662735,1.8008115791536337,1.7889436697293142,1.806097449593592,2.129730782589615,1.7370518732265845,-1.7763568394002505e-15,0.0499741820633519,0.1643034043130324,1.6810966316079858,0.1695054285898739,-2.478981812021844,-2.478976791944438,0.8685792422464886,-1.3304447010278462,0.1436401980946887,0.1451729462318561,1.7418070460675603,0.481258849404893,-0.0499741820633534,0,0,0.04038237571917256
-1.517898727216078,0.741739073707783,-0.7904807747785566,0.8963784548038374,0.4841692567636048,-0.7904197960249194,-0.7904794415036949,-0.785889850843727,-0.2142938318139467,-0.8208292056470788,-1.7763568394002505e-15,0.4944217828520907,-0.0548429373262435,-0.0662887663202162,-0.062483042100602,-0.1473454379361085,-0.1473402939467374,-0.8274827646093273,0.7516283835227737,-1.4387756804905232,-1.4390198740686602,-0.022097570759829,-0.5574640893193364,-0.4944217828520918,0,0,0.038572631350040736
-0.6507922869601114,1.6562244315031018,-0.0729407127158713,1.2728499677888991,-0.9828775267944592,-0.0837203300671322,-0.0718578736140558,-0.092416159601637,0.5901049054468661,-0.1232252750451706,-1.7763568394002505e-15,-0.157434698304725,0.9313156000505052,-0.0163085459174293,0.9318114033324388,0.5140005392116727,0.5139905272136143,-0.9484572301482586,0.7516283835227737,-0.2309498742965147,-0.2304291755984764,0.0278916289073439,-1.4607759518732455,0.1574346983047243,0,0,0.29654185018706963
1.6614915537224662,-0.5156782932607803,-0.7904807747785566,1.0661170560340962,-0.6364723126147092,-0.7904197960249194,-0.7904794415036949,-0.785889850843727,-0.1272714996276173,-0.8208292056470788,-1.7763568394002505e-15,0.2277532223788441,-0.0704962474433344,-0.1720161556338038,-0.0661460179536097,0.2447630245304001,0.2447529982240436,-0.4984322183434346,0.7516283835227737,-1.238102427423807,-1.239102615675096,-0.1292172843323425,-0.3929139208085672,-0.2277532223788487,0,0,0.19088308410767899
0.3608318933385163,1.0846710828810275,-0.6219911757015674,1.3642476761436542,-1.5859814255854974,-0.6333754702565254,-0.6215319868011638,-0.6249418523539584,0.1694969665462751,1.4011684992330753,-1.7763568394002505e-15,0.0302209553616269,0.0703835436104867,1.102479464637261,0.0779310322646859,-0.3345508341702006,-0.3345659549747683,-0.2443858407116789,-1.3304447010278462,0.5793157135577728,0.5783270060845784,-0.9373984692479856,0.0733115566386115,-0.0302209553616317,0,1,0.547398865556645
-0.6507922869601114,0.3988070645345384,-0.0865779786967803,0.3566967483281438,-0.8193356228888797,-0.0837203300671322,-0.0861351233072274,-0.1058716192824537,0.1092507365711242,-0.1232252750451706,-1.7763568394002505e-15,0.4944217828520907,1.0095821506359626,0.1336321152909312,1.0111758801476016,0.4504003288600319,0.4503903134820171,5.915633944530699,0.7516283835227737,-0.5245133879022894,-0.524246964449624,0.1806888052485142,0.3218508736600855,-0.4944217828520918,1,1,1.966102992559696
0.2163141532958551,1.1989817526054425,1.7369417369001636,0.8310943774075846,0.2985457455796354,1.7484634705641688,1.7365937541876848,1.7516287137702855,1.906596597496463,1.6853775079968143,-1.7763568394002505e-15,-0.2364476051116141,1.0252354607530534,1.6541842052372546,1.0246067916086292,0.7741740111756347,0.774174140426744,0.2782238504165031,-1.3304447010278462,0.0628660584955073,0.0633886132526708,1.7149934322299123,-0.4220530131490162,0.2364476051116112,0,0,0.18017422477812728
-0.6507922869601114,1.3132924223298572,-0.0172661162832543,1.4034181225814062,0.0777296727957314,-0.0051981671829305,-0.0171284164568978,-0.0378180443583232,0.7039033398443739,-0.0457137272005111,-1.7763568394002505e-15,0.193185075650835,-0.0078830069749707,0.4258241730303005,-0.0087593962564917,-0.0499702751126941,-0.0499651259484409,-0.6556990235440449,-1.3304447010278462,-0.95463568126793,-0.954371974932747,0.4746953650160923,-0.605457888468311,-0.1931850756508358,0,0,0.15540892476082332
0.5053496333811774,1.3132924223298572,1.1416659155223652,0.9594863962868836,1.1473075253427674,1.146460221785311,1.1417083503055332,1.130089980052562,1.464790911012022,1.0911223078544463,-1.7763568394002505e-15,0.3561491959400376,0.1486500941959414,0.9967520753236736,0.1446785922528229,-1.2609820829667415,-1.260982061871513,-0.3097120521027016,-1.3304447010278462,0.1875611365017434,0.1875796374062487,1.0504469827460925,-0.2712153586808114,-0.3561491959400397,0,0,0.15901329976899545
0.9389028535091608,0.0558750553612939,-0.7876800310934179,1.1966852108266033,1.4240176665500976,-0.7904197960249194,-0.7880998998881663,-0.783172883023562,-0.0580999022487397,-0.8208292056470788,-1.7763568394002505e-15,0.6820774365184427,0.8687023595821414,-1.217756151753652,0.8748317789523216,-2.568533541326684,-2.5685437171422474,0.3387110831859687,0.7516283835227737,0.7443978613635998,0.7449247214125488,-1.1847843738003565,-0.2763575514467725,-0.682077436518448,0,0,0.13215766715002306
-1.6624164672587392,-0.0584356143631209,-0.7904807747785566,1.2380317931775633,1.199751342628945,-0.7904197960249194,-0.7904794415036949,-0.785889850843727,-0.0391334965158224,-0.8208292056470788,-1.7763568394002505e-15,0.3363959692383125,0.6495560179428627,-0.1797054203111557,0.6546462304548697,-1.0033404665104102,-1.0033303043005648,-0.4234280497092976,0.7516283835227737,-1.2259863064839298,-1.226986418196698,-0.1356848896801169,-0.9739817033622206,-0.3363959692383182,0,0,0.08017526771551674
1.5169738136798052,-0.5156782932607803,-0.7904807747785566,0.952957988547258,-1.089145261821713,-0.7904197960249194,-0.7904794415036949,-0.785889850843727,-0.1852863877518364,-0.8208292056470788,-1.7763568394002505e-15,0.6870157431938726,0.915662289933414,-1.2023776223989484,0.9151245133354046,-0.1129375215874282,-0.1129273120582077,0.6363082684117405,0.7516283835227737,0.7067874026127308,0.7055470796077556,-1.1674026844282126,-0.2369340735744007,-0.6870157431938785,0,0,0.10631261704311824
-0.2172390668321281,0.6274284039833682,1.3817707923800973,1.616679442075833,0.9182108498294672,1.3820267104379067,1.3820420534739228,1.3790159841476706,2.007006980788381,1.3236569513884158,-1.7763568394002505e-15,0.5289899295800999,-2.074119942431019,0.9275486932275072,-2.074677777352732,0.1858214283127967,0.1858215262966292,-0.5081101755865489,-1.3304447010278462,0.8027066933867588,0.8024766594349384,0.981998159482147,1.4994130170652769,-0.5289899295801047,1,1,0.6794720279457952
-0.5062745469174503,-1.430163651056099,0.6014103112114974,-0.0371838519625844,0.6408106583946875,0.5968050815959273,0.6015524035805397,0.5786748919790943,0.4930415349313453,0.5485414729418572,-1.7763568394002505e-15,0.0400975687124867,0.8843556696992323,0.7410840248017254,0.8764597682203251,0.6586960814726724,0.6587012682981346,-0.5347245580051136,-1.3304447010278462,-0.3955271837298467,-0.3939978415568472,0.794168120840532,-1.1145349722985023,-0.0400975687124926,0,0,0.1093145330880962
-0.7953100270027725,-0.5156782932607803,-0.7904807747785566,0.2740035836262231,1.1272960687467266,-0.7904197960249194,-0.7904794415036949,-0.785889850843727,-0.5333757164971535,-0.8208292056470788,-1.7763568394002505e-15,-0.0092854980418175,0.6808626381770445,-0.5103438014372841,0.6863920211809349,0.010085337528267,0.0100803624615332,-0.1088944393080762,0.7516283835227737,-0.6012488205215116,-0.5999731986896105,-0.4691707904247346,-0.6997314225109392,0.0092854980418116,0,0,0.10035953243947475
0.7943851134664996,-1.0872316418828545,-0.0855571468863092,-0.1503429194494234,1.199061292401495,-0.0837203300671322,-0.0861351233072274,-0.1048365839223909,-0.1507005890623984,-0.1232252750451706,-1.7763568394002505e-15,0.2129383023525545,-0.8218551330637162,-0.910185564659579,-0.8186840570881541,-0.0352601946133703,-0.0352702358012198,0.0991816414188861,0.7516283835227737,1.4435990072690132,1.4446351257900238,-0.8728571575483199,0.8840639494052134,-0.2129383023525576,0,0,0.2370791655552825
-0.072721326789467,-0.0584356143631209,1.7452916176063251,-0.8467064116761263,-1.270628471640984,1.7484634705641688,1.7461119206497997,1.76042651433082,1.053108339515157,1.6853775079968143,-1.7763568394002505e-15,0.2030616890016947,1.2600351125094231,1.5350006027383012,1.2586302488841097,1.09225101859907,1.0922461010427102,0.4742024845895722,-1.3304447010278462,0.3473424813963739,0.34811925399502,1.5954774750741647,-0.6397391735747211,-0.2030616890016967,0,0,0.20149596036037065
-1.6624164672587392,1.6562244315031018,-0.7904807747785566,1.5165771900682443,-0.6061101026069224,-0.7904197960249194,-0.7904794415036949,-0.785889850843727,0.1036723819437949,-0.8208292056470788,-1.7763568394002505e-15,0.5586197696326847,0.2269166447813989,-0.0816672956749199,0.2325900127250033,-1.8656651338537855,-1.865660081182414,-0.8057073608123199,0.7516283835227737,-1.4110095700033043,-1.4117584297422652,-0.0369191663484786,-0.7905768280429258,-0.5586197696326873,0,0,0.14369636140436876
-1.6624164672587392,-0.6299889629851951,-0.7904807747785566,0.2391854090148879,0.1922780105523815,-0.7904197960249194,-0.7904794415036949,-0.785889850843727,-0.5512264513046057,-0.8208292056470788,-1.7763568394002505e-15,0.5833113030098341,-1.181881265756816,-0.1085797220456512,-1.1894586128759157,0.3089708802038741,0.3089709847323327,-0.587953322842244,0.7516283835227737,-1.3587587984500842,-1.3602645904590744,-0.0648107144107558,0.4881151064261755,-0.5833113030098396,0,0,0.15548102986280304
0.5053496333811774,0.5131177342589534,1.0450009956231388,1.4055942584946142,1.143167223978069,1.0417640046063816,1.0441471440688606,1.0305972060665234,1.6120594731735025,0.9877735773949065,-1.7763568394002505e-15,0.6623242098167231,1.1817685619239655,0.4738820772637494,1.1857777291409597,-1.5669821396187886,-1.5669922622081267,-0.9363597835943652,-1.3304447010278462,1.006408976688444,1.005422967198102,0.5242803393490292,-1.659607405490425,-0.6623242098167262,0,0,0.32460791263360844
-0.072721326789467,-0.1727462840875357,1.842322989950336,-0.1851610940607585,0.531092672230185,1.853159687743108,1.841293585270944,1.8631537738170547,1.47594762026668,1.7887262384563636,-1.7763568394002505e-15,-0.261139138488769,0.0860368537275777,1.3466136181431816,0.0868849732387043,1.2170461765701068,1.2170362019345469,0.3508085297398629,-1.3304447010278462,0.8519284347050097,0.8509414493485298,1.4038746666463482,0.1898679260004062,0.2611391384887635,0,0,0.060141863037763164
1.372456073637144,0.1701857250857087,-0.7904807747785566,-1.5495983116424532,0.9375322561980588,-0.7904197960249194,-0.7904794415036949,-0.785889850843727,-1.46830795203746,-0.8208292056470788,-1.7763568394002505e-15,-0.1722496183310201,0.9626222202846896,-1.609908650298595,0.955010250401486,0.6498345871959716,0.6498195187053621,0.7476047767075574,0.7516283835227737,1.4796949509023976,1.480983718225217,-1.579982008904988,0.0236036932343168,0.1722496183310157,0,0,0.10468561294350086
0.7943851134664996,0.3988070645345384,-0.0532569813960181,-0.6138598689628226,0.7850311559316744,-0.0575462757723952,-0.0528215406898269,-0.0731386260204669,-0.3604467230499607,-0.097388092430281,-1.7763568394002505e-15,-0.1327431649275756,-1.761053740089192,-0.4430627355104556,-1.768615794968104,0.2240524464779978,0.2240525464935684,-0.5855338335314649,0.7516283835227737,0.6123826269561877,0.6116465491501729,-0.4023388684977324,1.1908814511075847,0.1327431649275723,1,0,0.19624769525695843
-0.9398277670454336,1.0846710828810275,-0.7904807747785566,0.3610490201545606,-0.1141042904352855,-0.7904197960249194,-0.7904794415036949,-0.785889850843727,-0.4887488794785233,-0.8208292056470788,-1.7763568394002505e-15,-0.2166943784098945,0.7747824988795929,-0.3123452359954746,0.7791874094571255,-2.224606289170354,-2.224606319285756,-0.6823134059626105,0.7516283835227737,-0.9748292161677254,-0.9755753205199432,-0.2697529588683571,-1.066541173149528,0.2166943784098895,0,0,0.07538974323247381
1.6614915537224662,-1.2015423116072694,-0.7904807747785566,-1.643172155910417,1.4350584701892928,-0.7904197960249194,-0.7904794415036949,-0.785889850843727,-1.5162818018324882,-0.8208292056470788,-1.7763568394002505e-15,0.7018306632201677,1.08784870122142,-0.2354525892219564,1.0905403569627647,1.0847820448515646,1.0847821906095587,-0.512949154208106,0.7516283835227737,-1.1179508947700247,-1.1179406408911177,-0.193354370697772,-1.3305070684688869,-0.7018306632201696,0,0,0.33765498725732285
0.5053496333811774,-0.4013676235363654,0.9656116909780388,1.618855577989041,-0.7130678878616259,0.9632418417221892,0.9656222707564164,0.9490881714615762,1.6522236264902697,0.910262029550256,-1.7763568394002505e-15,0.6475092897904335,0.6495560179428627,0.7218608631083457,0.6456922894808514,0.0726981242319321,0.0727083436265326,-0.5274660900727783,-1.3304447010278462,0.3824287482847683,0.3814387970606139,0.7736873705725796,-0.9294160327238876,-0.6475092897904351,0,0,0.10975812393808813
-0.7953100270027725,-1.2015423116072694,-0.7039194722855314,1.1161681820378913,-1.0222103897590922,-0.7118976331407177,-0.7048159433446651,-0.7033457808787169,-0.0279767872611646,-0.7433176578024193,-1.7763568394002505e-15,0.0944189421422263,0.0860368537275777,-0.5238000146226498,0.0832219973856972,0.5082279086542811,0.5082381511945783,-0.437944985573969,0.7516283835227737,-0.4177400721196217,-0.4182302365136429,-0.4839923860133842,-0.2746434871914524,-0.0944189421422272,0,0,0.1390280120773381
0.9389028535091608,1.0846710828810275,-0.7904807747785566,-0.3353144720721415,-1.2271553073116532,-0.7904197960249194,-0.7904794415036949,-0.785889850843727,-0.8457635756275663,-0.8208292056470788,-1.7763568394002505e-15,0.5339282362555298,-1.4010276073960948,-1.5214821065090491,-1.4006902203993488,-1.6847387392786135,-1.6847438044146994,0.6701811187626414,0.7516283835227737,1.3118361920478487,1.3113569535276473,-1.4903787264826969,1.9296431451507248,-0.5339282362555352,1,0,0.3021973066386066
0.5053496333811774,-0.6299889629851951,1.1475553298135448,0.8115091541887094,-0.584028495328532,1.146460221785311,1.1464674335365908,1.136170812792931,1.394503642707679,1.0911223078544463,-1.7763568394002505e-15,0.2672596757822887,0.9939288405188716,0.9179371123808172,0.9940819928335666,0.8783598653145707,0.8783650638137934,-0.4548814107494194,-1.3304447010278462,0.340022324995198,0.3390321058862215,0.9717577843481708,-1.0768255586814517,-0.2672596757822922,0,0,0.10579835476655876
0.6498673734238385,-0.4013676235363654,0.4664772860069177,-0.8292973243704583,0.6622022154456275,0.4659348101222609,0.4659185314954093,0.442955880390857,-0.0279767872611646,0.4193555598674277,-1.7763568394002505e-15,0.6277560630887086,0.6652093280599536,0.1451660123069589,0.6652281606968917,-1.1410734061254293,-1.1410632512352332,-1.0621732277548546,0.7516283835227737,0.506114149546015,0.505629821214192,0.1913334057167262,-1.3716446105965792,-0.6277560630887133,0,0,0.18833558720861976
0.3608318933385163,-1.544474320780514,1.4878064247959562,-0.983802974208258,-0.4398079977915442,1.4867229276168454,1.4867418845571814,1.489764767674392,0.7641495698195249,1.4270056818479648,-1.7763568394002505e-15,0.52405162290467,-0.1018028676775191,1.0544215604038123,-0.1027757764836848,-1.4363890325352795,-1.4363991481844096,-0.062924142403282,-1.3304447010278462,0.7739309061545505,0.7752152151085433,1.109733365100691,0.0458865285534833,-0.5240516229046744,0,0,0.2019382224518348
-1.0843455070880947,-1.544474320780514,-0.7904807747785566,0.5851910192150298,1.5482267074910436,-0.7904197960249194,-0.7904794415036949,-0.785889850843727,-0.3738347741555503,-0.8208292056470788,-1.7763568394002505e-15,0.6376326764395683,0.8060891191137748,-0.1566376262791002,0.8023862565261728,0.1355387779312842,0.1355388732429064,-0.7040888097596181,0.7516283835227737,-1.2694024065184897,-1.2693931093710904,-0.112509303850592,-1.1933819280432465,-0.6376326764395742,0,0,0.23992183140337608
1.5169738136798052,1.1989817526054425,-0.7904807747785566,1.6253839857286665,1.437818671099092,-0.7904197960249194,-0.7904794415036949,-0.785889850843727,0.1594559282170829,-0.8208292056470788,-1.7763568394002505e-15,0.6228177564132786,-0.0235363170920616,-1.3792307099780403,-0.0254462862535261,1.155572724844873,1.1555728743649514,0.7282488622213271,0.7516283835227737,1.044524273811808,1.0448006090028952,-1.347687183497424,0.6955168813199569,-0.6228177564132827,0,0,0.20440171649690977
-0.5062745469174503,0.9703604131566128,0.566518803433087,-0.228683812324928,-0.272815842748717,0.5706310273011902,0.5658592793476107,0.5434836897369584,0.3658550494282486,0.5227042903269675,-1.7763568394002505e-15,0.7215838899218873,0.5712894673574079,0.6968707529069523,0.5756887509567078,-0.6954161996725661,-0.6954060210984621,-0.626665151814702,-1.3304447010278462,-0.3394901243829146,-0.339474952904057,0.7479516909595606,-0.9157035186813232,-0.7215838899218914,0,0,0.0678509739995619
0.2163141532958551,-0.5156782932607803,1.67503744890621,-0.3505474234646007,0.9016496443706736,1.6699413076799765,1.674725672183941,1.6862921066663206,1.248350751471665,1.607865960152164,-1.7763568394002505e-15,-0.1278048582521457,0.8217424292308685,1.3293127726191398,0.8243641116442182,0.1753395465112135,0.1753396439379982,0.2733848717949468,-1.3304447010278462,0.5646754007554212,0.5631817592365815,1.387301427942676,-0.4631905552767082,0.127804858252142,0,0,0.10970444701146269
1.227938333594483,-0.5156782932607803,-0.7904807747785566,-0.6138598689628226,0.7415579916023435,-0.7904197960249194,-0.7904794415036949,-0.785889850843727,-0.9885694540871836,-0.8208292056470788,-1.7763568394002505e-15,-0.2117560717344647,0.743475878645411,-1.2908041661884944,0.7490696079990639,0.2782847914514096,0.2782848943490943,0.3629059762937553,0.7516283835227737,0.8769179341435066,0.8782028936749249,-1.2582186428532116,-0.116949575701965,0.2117560717344592,0,0,0.0516404608666825
-0.5062745469174503,1.6562244315031018,0.5987927937487509,0.8876739111510038,-0.4446383493836922,0.5968050815959273,0.5991728619650112,0.5760873035789372,0.9649703364033612,0.5485414729418572,-1.7763568394002505e-15,-0.0092854980418175,0.3051831953668564,0.8679568919780305,0.2997445700301414,-0.2597851410299121,-0.2597850667272982,-0.249224819333236,-1.3304447010278462,-0.6421407286935973,-0.6423798898640029,0.921768584680998,-0.4666186837873491,0.0092854980418116,0,0,0.18312425601041096
-0.6507922869601114,1.1989817526054425,-0.1484560915161065,-0.9359279841176724,0.7070554802298584,-0.1360684386565969,-0.1480032053109711,-0.1664211878461287,-0.6058943266524282,-0.1748996402749406,-1.7763568394002505e-15,-0.241385911787044,0.7904358089966839,0.008681564283964,0.7966882940881611,0.3891041070203345,0.3890991520960897,-0.8323217432308846,0.7516283835227737,-0.4205166831683435,-0.4212592858832423,0.0540315338545988,-1.3305070684688869,0.2413859117870418,0,0,0.21479246906375224
0.0717964132531941,0.8560497434321979,1.7863866417714445,0.4763842235546076,1.1010741601036371,1.774637524858906,1.7865641281137856,1.803897999453458,1.767137731813243,1.711214690611704,-1.7763568394002505e-15,0.2228149157034143,-0.0704962474433344,1.7406884328574626,-0.0653320233196079,-0.4723850480055246,-0.4723799212899865,0.4475881021710075,-1.3304447010278462,0.0431773619682068,0.0421852676654745,1.8027103297591027,0.5995292830220085,-0.2228149157034184,0,0,0.11802114217434574
-0.7953100270027725,-0.6299889629851951,-0.7369001923161368,0.0302763613468771,1.201821493311294,-0.7380716874354547,-0.7357499843465369,-0.7347849799406251,-0.6125883522052226,-0.7691548404173089,-1.7763568394002505e-15,-1.816705741249352,0.0077703031421202,-0.3623254563982614,0.0054855098385375,-0.2476069160382187,-0.247601777377121,-0.3218094986565949,0.7516283835227737,-0.7837478921784121,-0.7847452102351773,-0.3223022523190242,-0.2797856799574135,1.8167057412493477,0,0,0.3457390571239995
-0.6507922869601114,1.1989817526054425,-0.1353946793770017,-0.5572803352194028,0.6415007086221367,-0.1360684386565969,-0.1361054972333281,-0.1536126252653513,-0.4017265472921943,-0.1748996402749406,-1.7763568394002505e-15,0.6030645297115591,0.1016901638446686,0.052894836178737,0.1015368766507343,-0.217553791162661,-0.2175537146157125,-0.7210252349350684,0.7516283835227737,-0.4593892378504495,-0.4606369276880354,0.0987658041767051,-0.742583028893952,-0.6030645297115611,0,0,0.2810348869877371
0.5053496333811774,-0.1727462840875357,1.0753903733656252,-1.6518766995632506,-1.6756879551539587,1.0679380589011187,1.0750811850707325,1.061777646288416,0.0690865832543569,1.013610760009796,-1.7763568394002505e-15,0.7166455832464573,0.8373957393479594,0.844889097945975,0.8357600365202416,0.9788492104123642,0.9788594779632582,-0.3871357100476177,-1.3304447010278462,0.370312627344891,0.369322599582216,0.8977845481830011,-0.9722676391069004,-0.7166455832464611,0,0,0.16641849935940847
-0.2172390668321281,1.0846710828810275,1.5289537993103304,-1.005564333340342,0.872667534817787,1.5390710362063105,1.5295736336366963,1.5328481145370072,0.7875786592543059,1.4786800470777348,-1.7763568394002505e-15,-0.1969411517081696,-2.0115067019626527,1.1274695748386545,-2.0136281798026068,0.4081942975478579,0.4081893436381378,-0.2540637979547931,-1.3304447010278462,0.6517600200107887,0.6510241909549656,1.1834371177097036,1.6468225430228407,0.1969411517081678,1,1,0.6221632625508949
-0.3617568068747892,0.2844963948101236,1.1265890149369455,0.1695490597922176,-0.8455575315319686,1.1202861674905833,1.1274311006123618,1.1145644496516196,1.0475299848878277,1.065285125239566,-1.7763568394002505e-15,0.2277532223788441,-0.9940415443517192,1.5792138746330742,-0.9932859060815128,1.225122795639442,1.2251381399895274,0.5734015463314968,-1.3304447010278462,-0.9561501963854148,-0.9574010243023464,1.6400770036181924,1.3125800132353411,-0.2277532223788487,0,0,0.3986332785771436
0.9389028535091608,-1.544474320780514,-0.7759535528603138,-0.6182121407892395,-0.1417062995332734,-0.7642457417301824,-0.7762021918105232,-0.7720462529028866,-0.978528415757992,-0.7949920230321893,-1.7763568394002505e-15,-0.1327431649275756,0.3208365054839474,-1.6810343485640995,0.3143964734421714,-0.2954589851324058,-0.2954639764369186,0.6846980546273119,0.7516283835227737,1.6409908109145124,1.6415233348139886,-1.6522036019551354,0.5909589617454059,0.1327431649275723,0,0,0.13552676109118644
1.0834205935518215,-1.544474320780514,-0.7904807747785566,1.3076681424002334,0.5890568913359601,-0.7904197960249194,-0.7904794415036949,-0.785889850843727,-0.003432026900918,-0.8208292056470788,-1.7763568394002505e-15,-0.2463242184624738,-0.5870554813073465,-1.333095121913929,-0.5814046212766671,1.095441156538684,1.0954463665744274,0.4959778883865807,0.7516283835227737,0.9561775586252034,0.9569581772845108,-1.3005275611699023,1.0691828889798285,0.2463242184624721,0,0,0.18296971676861004
-1.517898727216078,0.741739073707783,-0.7904807747785566,-0.9272234404648382,-1.569420220126705,-0.7904197960249194,-0.7904794415036949,-0.785889850843727,-1.149226067354253,-0.8208292056470788,-1.7763568394002505e-15,0.2376298357297039,1.2600351125094231,-0.2469864862379841,1.26392121400512,0.415840501180896,0.4158355476775254,-0.7911904249476484,0.7516283835227737,-1.0964952639389922,-1.0967372953039214,-0.2048074218344558,-1.5464791646392713,-0.2376298357297096,0,0,0.2252399021502186
1.227938333594483,-0.6299889629851951,-0.7904807747785566,0.1369070210940913,0.8871585895942303,-0.7904197960249194,-0.7904794415036949,-0.785889850843727,-0.6036629848014963,-0.8208292056470788,-1.7763568394002505e-15,-0.0784217914978414,-1.7923603603233766,-1.1427858211494717,-1.788151666184144,-0.1310909255771302,-0.131085780723933,0.3048382328350678,0.7516283835227737,0.5959753798501038,0.5965013023021754,-1.1082510438516924,1.909074374086879,0.0784217914978377,1,0,0.4789953094399953
1.6614915537224662,-1.430163651056099,-0.7904807747785566,0.955134124460466,-0.4032353357367105,-0.7904197960249194,-0.7904794415036949,-0.785889850843727,-0.1841707168263708,-0.8208292056470788,-1.7763568394002505e-15,-0.2562008318133336,0.3521431257181292,-0.3123452359954746,0.3514332292892473,-2.2717241201673293,-2.271719089075468,-0.6194066838823659,0.7516283835227737,-0.9738195394227356,-0.9725462711503436,-0.2702919259806716,-0.6877329727236956,0.256200831813333,0,0,0.2094747146030175
1.5169738136798052,1.0846710828810275,-0.7904807747785566,0.5177308059055691,0.3019959967168837,-0.7904197960249194,-0.7904794415036949,-0.785889850843727,-0.4084205728449883,-0.8208292056470788,-1.7763568394002505e-15,-0.0537302581206865,-0.0548429373262435,-1.2369793134470315,-0.0470171440545705,0.0760908106121561,0.0761010301870556,0.3314526152536343,0.7516283835227737,0.7746881637132929,0.7752152151085433,-1.203648222731365,0.510397941745342,0.0537302581206854,0,0,0.1062925160656419
-1.373380987173417,-1.544474320780514,-0.7904807747785566,-1.473433554680158,-1.60323268127174,-0.7904197960249194,-0.7904794415036949,-0.785889850843727,-1.429259469646159,-0.8208292056470788,-1.7763568394002505e-15,-0.1278048582521457,0.1643034043130324,-0.1085797220456512,0.159737492981854,-1.279920362163806,-1.27992034207503,-0.5516609831805641,0.7516283835227737,-1.361535409498806,-1.3602645904590744,-0.0633285548518908,-0.6397391735747211,0.127804858252142,0,0,0.2558446629041487
1.372456073637144,0.6274284039833682,-0.7904807747785566,0.3566967483281438,-0.6882260796734366,-0.7904197960249194,-0.7904794415036949,-0.785889850843727,-0.4909802213294548,-0.8208292056470788,-1.7763568394002505e-15,-0.2315092984361842,1.1661152518068747,-1.7367815174749002,1.1703118310949283,0.7855420424048887,0.7855573633939918,0.8419648598279239,0.7516283835227737,1.719240758651219,1.7202786184235743,-1.707851956301611,-0.050101069744465,0.2315092984361809,0,0,0.16855957831228072
-0.6507922869601114,0.3988070645345384,-0.1472520334832431,-0.9598654791629652,0.2461019282934582,-0.1360684386565969,-0.1480032053109711,-0.165256773066058,-0.6181667068325515,-0.1748996402749406,-1.7763568394002505e-15,-0.0438536447698267,-0.0235363170920616,0.0106038804533019,-0.0164923452795078,-2.1512837536694187,-2.1512837798881828,-0.66537698078716,0.7516283835227737,-0.418497329678364,-0.4182302365136429,0.0567263694161714,-0.598601631447029,0.0438536447698245,0,0,0.24501191993660731
0.2163141532958551,-0.2870569538119506,1.7969875874955674,-1.101314313521514,-0.4646498059797334,1.8008115791536337,1.7960822945759,1.8151540089941411,0.9672016782542932,1.7370518732265845,-1.7763568394002505e-15,-4.705615146376151,0.1329967840788505,1.684941263946662,0.1296196915237919,0.1436913526658505,0.1436813209881617,0.4548465701033437,-1.3304447010278462,0.1602998643870198,0.1603181930798536,1.4813511890415625,0.232719532383419,4.705615146376147,0,0,0.1656072783725067
0.7943851134664996,-0.8586103024340248,-0.1007649233448661,0.7396966690528296,-0.3507915184505329,-0.1098943843618599,-0.1004123730003991,-0.1197152172232939,0.2933364392729744,-0.149062457660051,-1.7763568394002505e-15,-0.1920028450327397,0.0547302334933958,-1.0332137994972082,0.053104195927635,-0.5579870827184618,-0.557997151685993,0.1814442779853585,0.7516283835227737,1.6372045231208006,1.638494285444389,-0.9969543351587414,0.2515742391919445,0.1920028450327374,0,0,0.20142783618163893
0.5053496333811774,1.0846710828810275,1.086985975725592,0.989952299071802,0.0694490700663346,1.0941121131958464,1.0869788931483757,1.0736805529291382,1.4346677960244465,1.0394479426246763,-1.7763568394002505e-15,0.0055294219844775,0.9782755304017808,0.5661532533919713,0.9769881055195314,0.8113163314725516,0.8113215264088299,-0.6145677052608087,-1.3304447010278462,0.8685881009973411,0.8691157455661267,0.6161742319986573,-1.333935196979528,-0.0055294219844795,0,0,0.24796869787167183
0.3608318933385163,0.0558750553612939,1.5611492641021116,-1.0730245466498043,-0.5785080935089345,1.5652450905010378,1.5605076746385682,1.5664867637390487,0.7808846337015111,1.504517229692615,-1.7763568394002505e-15,0.7117072765710275,1.244381802392332,1.5119328087062458,1.2484553159590888,0.0817115298390921,0.0817116222901296,0.09192317348655,-1.3304447010278462,0.0739725026903947,0.0724757613614693,1.5709544714638533,-0.7562955429365158,-0.7117072765710305,0,0,0.13089139170754813
-1.6624164672587392,1.0846710828810275,-0.7904807747785566,-1.1883597500498522,1.654494442518298,-0.7904197960249194,-0.7904794415036949,-0.785889850843727,-1.2831065784101443,-0.8208292056470788,-1.7763568394002505e-15,0.1981233823262649,1.2600351125094231,-0.208540162851225,1.2606652354691137,0.9265663941798268,0.9265817226634956,-0.4693983466140909,0.7516283835227737,-1.1714637622544823,-1.172463529543908,-0.1647891137451017,-1.4796306586817716,-0.1981233823262662,0,0,0.26557566983112146
-1.6624164672587392,-0.74429963270961,-0.7904807747785566,-1.3385131280612343,-0.4211766416504026,-0.7904197960249194,-0.7904794415036949,-0.785889850843727,-1.3600878722672816,-0.8208292056470788,-1.7763568394002505e-15,0.1240487821948056,0.6808626381770445,-0.1681715232951279,0.6876130131319375,-0.5300100793591604,-0.5300049557060355,-0.5081101755865489,0.7516283835227737,-1.2479467756874572,-1.2481897637838943,-0.1239623549872758,-1.0339739522984388,-0.1240487821948098,0,0,0.05533506776862873
-0.6507922869601114,0.8560497434321979,-0.1210768588557786,0.3109978941507663,-0.4957020662149702,-0.1098943843618599,-0.1218282475401565,-0.1396396479045032,0.0556985321487673,-0.149062457660051,-1.7763568394002505e-15,0.4894834761766554,0.0390769233763048,-0.0509102369655125,0.0396732844666075,-0.8977114547321281,-0.8977114143313253,-0.8613556149602283,0.7516283835227737,-0.2372603539527008,-0.2364872743376755,-0.007006491615022,-0.6620220088938875,-0.4894834761766612,0,0,0.28367622691631517
-0.3617568068747892,0.6274284039833682,0.9731501412707486,0.1020888464827561,-1.6970795122048996,0.9632418417221892,0.9727608956030024,0.9568509366620472,0.8812950169934293,0.910262029550256,-1.7763568394002505e-15,0.6376326764395683,-2.152386493016474,1.1755274790721035,-2.1450883131938765,0.0848763492236291,0.0848713781315723,-0.1476062682805342,-1.3304447010278462,-0.4609037529679342,-0.4606369276880354,1.231405190705697,1.818228968554892,-0.6376326764395742,1,1,0.9389931377326839
1.0834205935518215,-0.6299889629851951,-0.7904807747785566,0.4785603594678171,0.0363266591487492,-0.7904197960249194,-0.7904794415036949,-0.785889850843727,-0.4285026495033719,-0.8208292056470788,-1.7763568394002505e-15,0.2425681424051393,0.5243295370061324,-1.260047107479087,0.5231860970635998,-0.6841241241085398,-0.6841240723569018,0.5685625677099387,0.7516283835227737,0.8160849102578729,0.8145928569133365,-1.2257458743362608,0.1110209702556626,-0.2425681424051399,0,0,0.022752510140227087
0.6498673734238385,0.1701857250857087,0.5342709882920509,0.8724409597585446,-0.5833384451010825,0.5444569730064626,0.5349252383457389,0.5110094553149873,0.9024927645772792,0.4968671077120872,-1.7763568394002505e-15,-0.0981750181995609,-1.573214018684098,0.4123679598449349,-1.573257082807703,-1.970306721984092,-1.970296611162487,-0.9774911018776024,-1.3304447010278462,0.0929039416589528,0.0936791069486653,0.4616254125424648,0.6132417970645723,0.0981750181995594,1,1,0.6648213631138574
-0.9398277670454336,-1.544474320780514,-0.7904807747785566,-0.8554109553289598,0.6546116629436808,-0.7904197960249194,-0.7904794415036949,-0.785889850843727,-1.112408926813883,-0.8208292056470788,-1.7763568394002505e-15,-0.1376814716030055,1.291341732743605,-0.2777435449473914,1.2854920718061646,0.2739046814232135,0.2739098477994047,-0.3193900093458168,0.7516283835227737,-1.0399533662195652,-1.0391853572815315,-0.2349895801240697,-1.4127821527242714,0.1376814716030028,0,0,0.18430431787110915
0.6498673734238385,1.5419137617786869,0.5942121381889446,-0.4419451318193549,-1.550098813758113,0.5968050815959273,0.5944137787339541,0.5714296444586545,0.2799483881673855,0.5485414729418572,-1.7763568394002505e-15,-0.0142238047172474,-0.0391896272091525,0.1470883284762968,-0.0400981896655562,0.1985819800712497,0.1985820787332234,-1.1226604605243202,0.7516283835227737,0.7113309479651848,0.711605178346955,0.1945672083906134,-0.7974330850642077,0.0142238047172422,0,0,0.2119492340030152
0.0717964132531941,1.3132924223298572,1.8105201527779669,-1.399444933631071,1.0562208953194072,1.8008115791536337,1.810359544269072,1.8295151246150128,0.8255114707201413,1.7370518732265845,-1.7763568394002505e-15,0.2721979824577186,-1.8706269109088316,1.3139342432644363,-1.864667161780301,-0.1363825035880742,-0.136392550149945,0.2782238504165031,-1.3304447010278462,0.9031695295132404,0.9024352886317204,1.372210348797869,1.7925180047250844,-0.2721979824577225,1,1,0.5494179900564281
-0.7953100270027725,1.4276030920542722,-0.7904807747785566,-0.9946836537743003,1.6248222827379604,-0.7904197960249194,-0.7904794415036949,-0.785889850843727,-1.1838118660436916,-0.8208292056470788,-1.7763568394002505e-15,-0.0586685647961219,-2.074119942431019,-0.5487901248240432,-2.079561745156742,0.4559197738666629,0.4559198862045414,-0.0750215889571753,0.7516283835227737,-0.5280472565097536,-0.5272760138192235,-0.5082459060675383,1.663963185576046,0.0586685647961159,1,1,0.802410908092614
0.5053496333811774,-1.430163651056099,1.0369913921871343,-0.5398712479137355,1.0686417994135011,1.0417640046063816,1.0370085192222749,1.0223169231860207,0.6068399693288531,0.9877735773949065,-1.7763568394002505e-15,-0.2117560717344647,1.291341732743605,0.5123284006505086,1.2891550476591722,-0.392910103621048,-0.3929100363931963,-0.9508767194590376,-1.3304447010278462,0.8552098841262267,0.8539704987181291,0.5632207132137543,-1.726455911447925,0.2117560717344592,0,0,0.3638071393872632
0.2163141532958551,-0.4013676235363654,1.8357530211188424,-1.56918353486133,0.4731284531244098,1.8269856334483705,1.8365345020398864,1.8561672851366309,0.7596868861176619,1.762889055841474,-1.7763568394002505e-15,0.6425709831150036,-0.1018028676775191,1.4311955295940515,-0.1035897711176863,-0.0356146543844394,-0.0356145681685566,0.0580503231356491,-1.3304447010278462,0.7741833253407977,0.7752152151085433,1.4888967286139658,0.3218508736600855,-0.6425709831150045,0,0,0.0511306528088702
1.227938333594483,-0.74429963270961,-0.7904807747785566,-0.0632974829210859,0.2509322798856062,-0.7904197960249194,-0.7904794415036949,-0.785889850843727,-0.7063047099443464,-0.8208292056470788,-1.7763568394002505e-15,-0.0092854980418175,0.3834497459523111,-1.7233253042895345,0.3892839797703252,-0.4945894208074308,-0.4945792315606331,0.909710560529724,0.7516283835227737,1.6945036783989702,1.6960462234667788,-1.694647262049905,0.618383989830534,0.0092854980418116,0,0,0.04765234301305793
0.7943851134664996,-0.5156782932607803,-0.0101202936099565,-1.2819335943178152,-0.0927127333843451,-0.0051981671829305,-0.009989791610312,-0.0307021762578914,-0.6661405566275791,-0.0457137272005111,-1.7763568394002505e-15,0.0746657154405013,0.3677964358352201,-0.992845159941111,0.3750390736752956,-0.2204401064413568,-0.2204299026252303,0.1378934703913433,0.7516283835227737,1.7369101016885404,1.7354238652715714,-0.9568012852913088,-0.0569573267657475,-0.0746657154405055,0,0,0.1997194779835063
1.372456073637144,0.0558750553612939,-0.7904807747785566,-1.514780137031119,0.6311499552103917,-0.7904197960249194,-0.7904794415036949,-0.785889850843727,-1.4504572172300083,-0.8208292056470788,-1.7763568394002505e-15,0.5536814629572548,0.6808626381770445,-1.7733055246923213,0.68883400508294,1.104530517811072,1.1045306646185735,1.120206130567465,0.7516283835227737,1.7891608732417608,1.7899467539243616,-1.7451754288293926,0.4589760140857265,-0.553681462957257,0,0,0.09466025202858114
1.6614915537224662,-1.0872316418828545,-0.7904807747785566,-1.5300130884235772,0.1205127868976126,-0.7904197960249194,-0.7904794415036949,-0.785889850843727,-1.4582669137082682,-0.8208292056470788,-1.7763568394002505e-15,-0.2166943784098945,0.414756366186493,-0.164326890956452,0.4075988590353629,-0.5148695834235398,-0.5148745863883593,-0.587953322842244,0.7516283835227737,-1.2532475785986534,-1.2542478625230935,-0.1211327776476245,-0.821429984638695,0.2166943784098895,0,0,0.1879973648356226
0.5053496333811774,0.3988070645345384,-0.6887902213508569,-1.018621148819593,0.2923352935325883,-0.6857235788459901,-0.6881591520359648,-0.6889846652578453,-1.1090619140374856,1.013610760009796,-1.7763568394002505e-15,0.1487403155719605,-1.4010276073960948,0.5584639887146196,-1.4039461989353554,1.1983864014788803,1.198391616985523,-0.5637584297344573,-1.3304447010278462,0.8322397381777092,0.8327671531309329,-1.1366815590262842,1.357145683873674,-0.1487403155719618,1,1,0.5817453616767427
1.0834205935518215,-0.74429963270961,-0.7904807747785566,-1.423382428676364,-0.2866168472977107,-0.7904197960249194,-0.7904794415036949,-0.785889850843727,-1.4035990383604462,-0.8208292056470788,-1.7763568394002505e-15,-3.638940904483176,0.5243295370061324,-1.7790724732003351,0.5288840595016114,-0.2683681312007753,-0.2683629936430086,0.8758377101788248,0.7516283835227737,1.800519736622895,1.80206295140276,-1.751238808842931,0.5275385842985467,3.638940904483175,0,0,0.06819167057776335
-1.517898727216078,-0.74429963270961,-0.7904807747785566,1.2750261037021071,0.350989562865813,-0.7904197960249194,-0.7904794415036949,-0.785889850843727,-0.0201670907829043,-0.8208292056470788,-1.7763568394002505e-15,-0.1821262316818799,1.1348086315726928,-0.1912393173271834,1.1292051020778435,1.168485187933782,1.1684954655626456,-0.5202076221404422,0.7516283835227737,-1.2017540646041756,-1.2027540232399023,-0.1486201003756657,-1.393927445915746,0.1821262316818766,0,0,0.1833265277739816
1.372456073637144,-0.0584356143631209,-0.7904807747785566,1.2641454241360657,-0.3452711166309354,-0.7904197960249194,-0.7904794415036949,-0.785889850843727,-0.0257454454102328,-0.8208292056470788,-1.7763568394002505e-15,0.2771362891331485,-1.5262540883328224,-1.6502772898546925,-1.5227894154995991,-0.053919969704597,-0.0539249481728124,1.0210070688255408,0.7516283835227737,1.555673125962877,1.5567099524652035,-1.6205392841066566,2.21417781153393,-0.2771362891331531,1,0,0.11910078545054055
0.0717964132531941,0.6274284039833682,1.8036360818509436,-1.4821380983329917,-0.3604522216348287,1.8008115791536337,1.803220919422486,1.8221404976745657,0.7775376209251137,1.7370518732265845,-1.7763568394002505e-15,-0.0981750181995609,1.1348086315726928,1.496554279351542,1.1340890698818538,-0.2965730015557636,-0.2965779929194783,0.2153171283362593,-1.3304447010278462,0.5078810838497468,0.5086588705837913,1.5557286505409675,-0.6345969808087594,0.0981750181995594,0,0,0.10853360630027432
-0.072721326789467,0.9703604131566128,1.7507884042780923,0.1303786133544657,0.8305744709433553,1.7484634705641688,1.7508710038808566,1.7662485882311731,1.5596229396766117,1.6853775079968143,-1.7763568394002505e-15,0.380840729317187,0.9313156000505052,1.3985161547153064,0.9309974086984372,-3.011000609839933,-3.0109905543247324,-0.0242123134308249,-1.3304447010278462,0.6373721263946843,0.638907993476568,1.4560197347627788,-0.5934594386810673,-0.380840729317192,0,0,0.06791621147841291
1.227938333594483,0.2844963948101236,-0.7904807747785566,0.7092307662679113,0.9658243155234962,-0.7904197960249194,-0.7904794415036949,-0.785889850843727,-0.310241531404002,-0.8208292056470788,-1.7763568394002505e-15,-0.0685451781469816,0.2738765751326718,-1.6464326575160166,0.2728827471080863,1.1346849169069346,1.1346901290282392,0.8347063918955877,0.7516283835227737,1.5493626463066912,1.5506518537260048,-1.6171707396546908,0.647523082170983,0.0685451781469768,0,0,0.08292832985008765
1.372456073637144,-1.0872316418828545,-0.7904807747785566,0.1543161083997585,-1.0415317961276838,-0.7904197960249194,-0.7904794415036949,-0.785889850843727,-0.5947376173977704,-0.8208292056470788,-1.7763568394002505e-15,0.1684935422736801,-1.7140938097379192,-1.383075342316716,-1.7071592001009777,-0.6959225707740907,-0.6959225196494673,0.7161514156674347,0.7516283835227737,1.0488153999780143,1.0478296583724946,-1.349977793724761,2.109619891959379,-0.1684935422736836,1,0,0.3664987545109541
1.227938333594483,-0.8586103024340248,-0.7904807747785566,-0.9011098095063376,1.1279861189741756,-0.7904197960249194,-0.7904794415036949,-0.785889850843727,-1.135838016248664,-0.8208292056470788,-1.7763568394002505e-15,-5.15500105384032,0.0077703031421202,-1.4945696801383177,0.006299504472539,1.003762668607437,1.0037526826371856,0.6435667363440767,0.7516283835227737,1.2593330013083806,1.2598631142444563,-1.462352436642341,0.717799716639124,5.155001053840316,0,0,0.15596107704130538
0.3608318933385163,-0.0584356143631209,1.5755717853218445,-0.5181098887816509,-0.5198538241757098,1.5652450905010378,1.5747849243317396,1.5816241558799675,1.0765374289499372,1.504517229692615,-1.7763568394002505e-15,-0.17718792500645,-0.0391896272091525,1.2274300156442284,-0.0437611655185636,0.8684096731695856,0.8683996800061672,-0.0169538454984887,-1.3304447010278462,0.5583649210992352,0.5571236604973827,1.2834155170440498,0.1195912915322652,0.1771879250064461,0,0,0.041261601164226544
-0.3617568068747892,1.0846710828810275,1.089524967664456,1.031298881422762,1.0230984844018214,1.0941121131958464,1.089358434763904,1.0763975207493033,1.4569812145337615,1.0394479426246763,-1.7763568394002505e-15,0.3067661291857332,-1.6045206389182798,1.3100896109257605,-1.597676921827753,-2.956768264866521,-2.956778461314344,0.6072743966823959,-1.3304447010278462,-0.511135171031175,-0.5121307669712262,1.367090161230881,1.6588209928100843,-0.3067661291857356,1,1,0.7497845005547358
0.2163141532958551,1.1989817526054425,1.799788331180706,0.9856000272453844,0.2136695676033224,1.8008115791536337,1.8008413778069574,1.8181297356543225,2.040477108552354,1.7370518732265845,-1.7763568394002505e-15,0.5536814629572548,-2.0271600120797437,1.41389468407001,-2.023803112727628,0.2634987552868582,0.2635089848213235,0.1862832566069165,-1.3304447010278462,0.7234470689050622,0.7237213758253526,1.4721887481322151,1.965638494512456,-0.553681462957257,1,1,0.5577570736832383
0.2163141532958551,-1.544474320780514,1.833580481624763,1.2489124727436065,1.065191548276253,1.8269856334483705,1.8341549604243577,1.8539678349964968,2.2033650636703546,1.762889055841474,-1.7763568394002505e-15,-4.37968690579774,0.4304096763035867,1.6714850507612962,0.4279487248854047,0.7557167845250179,0.7557118490839573,0.2637069145518325,-1.3304447010278462,0.2761602708745956,0.2754220691246329,1.472862457022608,-0.0775260978295932,4.379686905797739,0,0,0.31220309264589824
0.3608318933385163,0.0558750553612939,1.4613694984222172,-0.2156269968456769,1.6945173557103803,1.4605488733221084,1.4605669267863668,1.4620775717927117,1.1356679879996223,1.4011684992330753,-1.7763568394002505e-15,-3.159925156966428,0.3364898156010383,1.3100896109257605,0.3290483768542014,0.9315035124197018,0.931513777454466,-0.1064749499972972,-1.3304447010278462,0.2488989987598716,0.2481606247982379,1.1874793710520628,-0.2814997442127342,3.1599251569664237,0,0,0.16889623412818092
0.3608318933385163,-0.74429963270961,1.5431669191330435,-0.8945814017667119,-1.167810987750979,1.5390710362063105,1.543850883329868,1.5477267478379102,0.8567502566331827,1.4786800470777348,-1.7763568394002505e-15,-0.0487919514452566,0.399103056069402,1.2774102360470152,0.3925399583063318,-0.2203135136659783,-0.2203185009769746,-0.0290512920523811,-1.3304447010278462,0.4101948587719868,0.4087002413870089,1.3346173927139304,-0.2197934310211959,0.0487919514452551,0,0,0.10864874442636918
-0.5062745469174503,0.741739073707783,0.6073782510265592,0.5764864755621962,-0.1486068018077705,0.5968050815959273,0.606311486811597,0.5847557247194634,0.8132390905400181,0.5485414729418572,-1.7763568394002505e-15,0.4894834761766554,-1.3071077466935463,0.9179371123808172,-1.3099298187081627,-0.1145832276673877,-0.114588209359479,-0.4597203893709766,-1.3304447010278462,-0.6913624700118484,-0.6908446797775942,0.9710840754577776,0.8617811140860469,-0.4894834761766612,0,0,0.46976048407760346
1.6614915537224662,0.741739073707783,-0.7904807747785566,1.5557476365059963,1.1300562696565248,-0.7904197960249194,-0.7904794415036949,-0.785889850843727,0.1237544586021785,-0.8208292056470788,-1.7763568394002505e-15,0.6178794497378488,0.9000089798163232,-0.1547153101097622,0.8935536555343603,0.6922684855038362,0.6922635466908916,-0.5637584297344573,0.7516283835227737,-1.273441113498449,-1.27242215874069,-0.1103534354013338,-1.231091341660297,-0.6178794497378525,0,0,0.27959873833151977
0.3608318933385163,-0.4013676235363654,1.5523282302526564,1.5426908210267467,-0.244523783423279,1.5652450905010378,1.553369049791982,1.5573008249184914,2.114111389633094,1.504517229692615,-1.7763568394002505e-15,0.0796040221159312,0.743475878645411,1.238963912660256,0.7397086697080445,0.0028189122213715,0.0028190004797573,0.1669273421206862,-1.3304447010278462,0.5141915635059329,0.5147169693229902,1.295138051736891,-0.4820452620852337,-0.079604022115936,0,0,0.04887263569511106
-0.2172390668321281,1.4276030920542722,1.4575740981012346,-1.571359670774538,0.1460446453132514,1.4605488733221084,1.4581873851708378,1.4580668097724685,0.4361423177325917,1.4011684992330753,-1.7763568394002505e-15,0.7166455832464573,0.414756366186493,0.9852181783076458,0.4100408429373675,-0.7312925922156696,-0.7312976066820257,-0.0314707813631593,-1.3304447010278462,0.8602582678511752,0.8600285974573285,1.0406108329463524,-0.4220530131490162,-0.7166455832464611,0,0,0.07848936885186893
0.0717964132531941,-0.1727462840875357,1.8867422612931437,1.2380317931775633,0.0273560061919029,1.8793337420378355,1.8865048759659877,1.910377262119921,2.2424135460616563,1.814563421071244,-1.7763568394002505e-15,-5.115494600436875,-0.133109487911701,1.796435601768263,-0.1333005752587475,-1.1641639283550065,-1.1641537746919275,0.7887360949907928,-1.3304447010278462,0.1721635661406495,0.1724343905582514,1.537942735834588,0.584102704724124,5.115494600436873,1,0,0.15853898851815001
0.9389028535091608,-0.74429963270961,-0.7314034056443691,-0.1829849581475505,0.2136695676033224,-0.7380716874354547,-0.7309909011154797,-0.729609803140311,-0.7174614191990041,-0.7691548404173089,-1.7763568394002505e-15,-2.779675542958284,0.8530490494650503,-1.267736372156439,0.8508189372492727,1.0273089248283844,1.0272989401094728,0.4451686128602293,0.7516283835227737,0.9374985388428924,0.9387838810669143,-1.237198925472945,-0.1923684029360677,2.7796755429582807,0,0,0.07833106365437412
-0.7953100270027725,1.3132924223298572,-0.7904807747785566,1.6884919272117114,0.8754277357275853,-0.7904197960249194,-0.7904794415036949,-0.785889850843727,0.1918103850555898,-0.8208292056470788,-1.7763568394002505e-15,0.5586197696326847,0.2582232650155808,-0.4103833606317104,0.2618938195490634,-0.4121268869239536,-0.4121318844286376,-0.5444025152482288,0.7516283835227737,-0.7905632102070929,-0.7908033089743762,-0.3681144568657595,-0.5300390612342083,-0.5586197696326873,0,0,0.11950777614151557
-0.9398277670454336,-1.430163651056099,-0.7904807747785566,1.1118159102114735,-0.7862132119712943,-0.7904197960249194,-0.7904794415036949,-0.785889850843727,-0.1038424101928363,-0.8208292056470788,-1.7763568394002505e-15,0.6573859031412933,-0.3522558295509769,-0.2623650155926877,-0.3510441398541944,-0.2667477436758929,-0.26676286087715,-0.6823134059626105,0.7516283835227737,-1.0687291534517736,-1.0694758509775264,-0.2196290174231055,-0.146088668042414,-0.6573859031412959,0,0,0.1634465885563777
-1.0843455070880947,1.1989817526054425,-0.7904807747785566,0.9486057167208404,-1.236125960268499,-0.7904197960249194,-0.7904794415036949,-0.785889850843727,-0.1875177296027682,-0.8208292056470788,-1.7763568394002505e-15,0.464791942799506,-1.6201739490353708,-0.0643664501508783,-1.6216897635308023,-0.1491683739016008,-0.1491632300091082,-0.7790929783937551,0.7516283835227737,-1.4415522915392451,-1.4420489234382596,-0.020615411200964,0.7692216442987388,-0.4647919427995092,1,0,0.41135130822904786
1.5169738136798052,-0.9729209721584398,-0.7904807747785566,-1.0752006825630125,1.1604184796643116,-0.7904197960249194,-0.7904794415036949,-0.785889850843727,-1.2250916902859246,-0.8208292056470788,-1.7763568394002505e-15,0.588249609685264,-2.121079872782292,-1.2465908942937214,-2.114970511735814,1.094732236996546,1.0947374469946158,0.5903379715069454,0.7516283835227737,0.7928623451231086,0.7933895113261402,-1.2133496307530267,2.3307341808957247,-0.5882496096852698,1,0,0.35706721446480766
0.3608318933385163,1.3132924223298572,1.4015330492238336,1.4534692485851997,1.0555308450919572,1.4082007647326438,1.4010783863981515,1.3995873119289188,1.940066725260436,1.349494134003305,-1.7763568394002505e-15,0.3413342759137479,-0.9627349241175376,0.9256263770581692,-0.9680520724274608,1.0980996048216929,1.0980896238648643,-0.1959960544961065,-1.3304447010278462,0.8322397381777092,0.8327671531309329,0.9787643568082596,0.6526652749369442,-0.3413342759137485,0,0,0.32591570363008615
-1.228863247130756,1.7705351012275166,-0.7904807747785566,-1.0273256924724268,0.0929107777996247,-0.7904197960249194,-0.7904794415036949,-0.785889850843727,-1.200546929925678,-0.8208292056470788,-1.7763568394002505e-15,-0.0734834848224115,-0.6340154116586222,-0.3046559713181228,-0.629023307365765,-0.0023967101243446,-0.0023966221431364,-0.701669320448839,0.7516283835227737,-0.9897219481563244,-0.9907205673679405,-0.2618031939617178,0.1075928417450216,0.0734834848224071,0,0,0.20717034887155772
-0.7953100270027725,-1.0872316418828545,-0.7904807747785566,1.2924351910077745,-0.2196819752350898,-0.7904197960249194,-0.7904794415036949,-0.785889850843727,-0.0112417233791784,-0.8208292056470788,-1.7763568394002505e-15,0.0055294219844775,0.7278225685283201,-0.425761889986414,0.7295337367830236,0.7446272574016052,0.7446425762163403,-0.3387459238320454,0.7516283835227737,-0.7605253270436474,-0.7605128152783815,-0.3841487284571169,-0.8557112697451057,-0.0055294219844795,0,0,0.07836190141732681
1.227938333594483,0.5131177342589534,-0.7904807747785566,0.5569012523433211,-0.4998423675796685,-0.7904197960249194,-0.7904794415036949,-0.785889850843727,-0.3883384961866047,-0.8208292056470788,-1.7763568394002505e-15,-0.2463242184624738,0.7278225685283201,-1.4522787244128823,0.7340107072700328,1.0998212665668805,1.0998112857015476,0.6217913325470682,0.7516283835227737,1.1803257960129314,1.1811078306348706,-1.4201782601037287,0.0715974923832907,0.2463242184624721,0,0,0.07519236146900916
1.6614915537224662,-1.6587849905049288,-0.7904807747785566,1.708077150430588,1.3432817899384826,-0.7904197960249194,-0.7904794415036949,-0.785889850843727,0.201851423384782,-0.8208292056470788,-1.7763568394002505e-15,0.1388637022210953,-0.1644161081458828,-0.1393367807550586,-0.1719653203738269,-1.4610493051795883,-1.4610391672941192,-0.5298855793835565,0.7516283835227737,-1.30095480479942,-1.299683603067085,-0.0956665815907628,-0.3329216718723497,-0.138863702221101,1,0,0.4038065581564987
-1.6624164672587392,0.3988070645345384,-0.7904807747785566,-0.0872349779663787,0.4689881517597114,-0.7904197960249194,-0.7904794415036949,-0.785889850843727,-0.7185770901244697,-0.8208292056470788,-1.7763568394002505e-15,0.0055294219844775,0.6025960875915898,-0.0509102369655125,0.6062135497317704,0.6517081602716183,0.6516930918805768,-0.5371440473158926,0.7516283835227737,-1.4690659828402162,-1.4693103677646546,-0.005928557390393,-1.0476864663410026,-0.0055294219844795,0,0,0.058618495960114515
1.227938333594483,0.5131177342589534,-0.7904807747785566,-0.2417406278041784,-0.3563119202701303,-0.7904197960249194,-0.7904794415036949,-0.785889850843727,-0.7977897258325387,-0.8208292056470788,-1.7763568394002505e-15,0.5734346896589744,0.3051831953668564,-1.2465908942937214,0.2985235780791388,0.750222658073464,0.7502329134742768,0.6750200973841977,0.7516283835227737,0.7913478300056239,0.7903604619565409,-1.2125411800845547,0.3218508736600855,-0.5734346896589787,0,0,0.03822354173411344
-0.072721326789467,-0.5156782932607803,1.7322302054672205,-1.2122972450951448,-0.7931137142457915,1.722289416269441,1.7318346709566277,1.7467122958099874,0.8556345857077172,1.659540325381934,-1.7763568394002505e-15,0.6475092897904335,0.5712894673574079,1.1793721114107794,0.569583791201695,0.2900832381169605,0.2900732142190908,-0.1838986079422133,-1.3304447010278462,1.0384662133418692,1.0387425102636965,1.2362558947165283,-0.4751890050639518,-0.6475092897904351,0,0,0.09437607814619504
-1.6624164672587392,-0.4013676235363654,-0.7904807747785566,0.554725116430113,-1.1270980243314463,-0.7904197960249194,-0.7904794415036949,-0.785889850843727,-0.3894541671120702,-0.8208292056470788,-1.7763568394002505e-15,-2.917948129870336,0.2895298852497627,-0.2162294275285768,0.2948606022261311,0.5117978249200379,0.5118030039387697,-0.6581185128548238,0.7516283835227737,-1.154551676775904,-1.1542892333263113,-0.1738168128763701,-0.713443936553503,2.9179481298703323,0,0,0.10603305212247388
1.0834205935518215,1.5419137617786869,-0.7904807747785566,0.8767932315849621,0.5690454347399183,-0.7904197960249194,-0.7904794415036949,-0.785889850843727,-0.2243348701431381,-0.8208292056470788,-1.7763568394002505e-15,-0.2660774451641989,-0.0078830069749707,-1.2062222547376242,-0.0148643560115042,1.133646856148805,1.13364700450366,0.280643339727283,0.7516283835227737,0.7148648165726491,0.7146342277165544,-1.1717144213267288,0.4486916285538037,0.2660774451641938,0,0,0.16812475533054885
0.7943851134664996,0.0558750553612939,-0.2010158421680553,-0.7096098491439937,1.4212574656402983,-0.1884165472460616,-0.2003531208526005,-0.2177848175892462,-0.5344913874226195,-0.2265740055047105,-1.7763568394002505e-15,0.5586197696326847,1.2600351125094231,-1.1120287624400644,1.257002259616106,1.2306422406460729,1.2306373304443456,4.318770999416807,0.7516283835227737,1.6205448568284695,1.6203199892267923,-1.077260434893607,0.4624041425963675,-0.5586197696326873,1,1,0.9687995649724802
0.2163141532958551,0.1701857250857087,1.773744032426379,-0.0959395216192123,-0.9490650656494236,1.774637524858906,1.7746664200361426,1.7905719191926492,1.4625595691610902,1.711214690611704,-1.7763568394002505e-15,0.4252854893960614,-1.541907398449916,1.5253890218916115,-1.5480232491536512,1.1341279086952556,1.1341331207869592,0.3604864869829772,-1.3304447010278462,0.4475528983366083,0.4480778831918018,1.5844286492717166,1.6845319566398915,-0.4252854893960657,1,0,0.31931407822356683
0.7943851134664996,1.0846710828810275,-0.0680721302351629,-1.0752006825630125,1.6641551457025938,-0.0575462757723952,-0.0670987903829985,-0.0876291210613465,-0.6092413394288252,-0.097388092430281,-1.7763568394002505e-15,0.3857790359926168,0.2738765751326718,-0.8217590208700329,0.2679987793040762,-0.5699374407144718,-0.5699373828945205,-0.0774410782679543,0.7516283835227737,1.3156224798415603,1.3143860028972472,-0.784736034684894,-0.1375183467658113,-0.3857790359926223,0,0,0.398967855124065
0.0717964132531941,0.5131177342589534,1.7688492747710431,0.3610490201545606,0.9133804982373188,1.774637524858906,1.7699073368050855,1.7853967423923356,1.692387779807037,1.711214690611704,-1.7763568394002505e-15,0.5141750095538102,-1.9019335311430128,1.7349214843494487,-1.903331906895381,-0.287508958838453,-0.287513949720469,0.3266136366320763,-1.3304447010278462,0.0497402608106401,0.051272415774273,1.7962427244113282,2.109619891959379,-0.5141750095538136,1,1,0.5733375743504813
1.0834205935518215,1.0846710828810275,-0.7904807747785566,-0.0480645315286267,0.7808908545669759,-0.7904197960249194,-0.7904794415036949,-0.785889850843727,-0.698495013466086,-0.8208292056470788,-1.7763568394002505e-15,0.7166455832464573,-0.3052958991997041,-1.5445499005411047,-0.3062744349841025,0.721511416616951,0.7215115430693708,0.8830961781111593,0.7516283835227737,1.355757130454903,1.3567926940716393,-1.513823795868379,1.0828954030223927,-0.7166455832464611,0,0,0.0883035784466011
0.2163141532958551,0.8560497434321979,1.795966755685096,-1.3646267590197358,1.0293089364488688,1.8008115791536337,1.7960822945759,1.8141189736340788,0.8310898253474706,1.7370518732265845,-1.7763568394002505e-15,-0.0241004180681072,-1.761053740089192,1.5984370363264535,-1.7596618539940856,0.594817367015194,0.5948276141571823,0.2879018076596174,-1.3304447010278462,0.3082175075280206,0.3087416121902268,1.6581324018807289,1.8885056030230332,0.0241004180681028,1,0,0.49902084435684535
1.372456073637144,-0.74429963270961,-0.7904807747785566,-0.0458883956154187,0.4158542842460847,-0.7904197960249194,-0.7904794415036949,-0.785889850843727,-0.6973793425406205,-0.8208292056470788,-1.7763568394002505e-15,0.5289899295800999,0.9313156000505052,-1.7771501570309975,0.928148427479431,1.0178651037849276,1.0178703096979889,0.8661597529357088,0.7516283835227737,1.7947140953392045,1.796004852663561,-1.7481397479471223,0.1864397974897653,-0.5289899295801047,0,0,0.13268234313892036
-1.373380987173417,-0.9729209721584398,-0.7904807747785566,-0.2156269968456769,-1.3203120880173629,-0.7904197960249194,-0.7904794415036949,-0.785889850843727,-0.7844016747269494,-0.8208292056470788,-1.7763568394002505e-15,0.0845423287913611,0.5243295370061324,-0.3008113389794469,0.5191161238935916,0.5780818021097646,0.5780869846510787,-0.43552549626319,0.7516283835227737,-0.9947703318812732,-0.99374961673754,-0.259108358400145,-0.7854346352769648,-0.0845423287913664,0,0,0.13238343714214362
-1.6624164672587392,1.4276030920542722,-0.7904807747785566,-1.4669051469405323,1.7345402689024632,-0.7904197960249194,-0.7904794415036949,-0.785889850843727,-1.4259124568697612,-0.8208292056470788,-1.7763568394002505e-15,0.0400975687124867,0.8373957393479594,-0.2469864862379841,0.8394230123732492,0.9716840593257772,0.9716690079394626,-0.4935932397218774,0.7516283835227737,-1.097000102311487,-1.0967372953039214,-0.2045379382782986,-1.1059646510219,-0.0400975687124926,0,0,0.23174872253747816
-1.6624164672587392,0.0558750553612939,-0.7904807747785566,1.309844278313443,0.1232729878074114,-0.7904197960249194,-0.7904794415036949,-0.785889850843727,-0.0023163559754517,-0.8208292056470788,-1.7763568394002505e-15,0.1783701556245398,0.743475878645411,-0.0566771854735264,0.7380806804400408,-0.2180854808192628,-0.2181005954344236,-0.9266818263512512,0.7516283835227737,-1.4594740537628133,-1.4602232196558564,-0.0110487449573811,-1.2670866910220282,-0.1783701556245444,0,0,0.07953179340474707
-0.9398277670454336,1.0846710828810275,-0.7904807747785566,0.3197024378036006,0.2012486635092278,-0.7904197960249194,-0.7904794415036949,-0.785889850843727,-0.5099466270623725,-0.8208292056470788,-1.7763568394002505e-15,-0.1623730049801604,1.244381802392332,-0.1008904573682994,1.247234324008086,1.3039900947020888,1.3039902521096256,-0.6605380021656029,0.7516283835227737,-1.3728942728799407,-1.372380787937472,-0.0572651748383523,-1.5910448352776048,0.1623730049801549,0,0,0.2096026976801085
1.227938333594483,-0.4013676235363654,-0.7904807747785566,0.8028046105358743,-1.4914445444248885,-0.7904197960249194,-0.7904794415036949,-0.785889850843727,-0.2622676816089743,-0.8208292056470788,-1.7763568394002505e-15,-0.0142238047172474,0.4617162965377686,-1.3676968129620126,0.4641714860984791,0.2521307240576005,0.2521257618540756,0.7185709049782129,0.7516283835227737,1.0205444511183008,1.0205682140460997,-1.334886714579954,0.2738570745111116,0.0142238047172422,0,0,0.10908485199389195
-0.5062745469174503,0.0558750553612939,0.5620428485717908,-0.1590474631022577,-1.5259470557973736,0.5706310273011902,0.5611001961165534,0.5389554100366837,0.39709383534129,0.5227042903269675,-1.7763568394002505e-15,0.0104677286599074,0.8843556696992323,0.844889097945975,0.8805297413903332,-0.4947160135828129,-0.4947007606314578,-0.4839152824787632,-1.3304447010278462,-0.6658681322008568,-0.6666122848207985,0.8975150646268437,-1.0374020808090796,-0.01046772865991,0,0,0.13213774243324164
-0.2172390668321281,-0.5156782932607803,1.5140339497726756,1.6427930730343354,-0.4046154361916096,1.5128969819115732,1.512916842327996,1.5171932047160568,2.1330777953660123,1.452842864462845,-1.7763568394002505e-15,0.0697274087650715,-0.7279352723611677,1.4331178457633895,-0.7275166580799671,0.7552357319785704,0.7552257328006584,0.0362749193386407,-1.3304447010278462,0.0694289573379405,0.0694467119918696,1.4917263059536168,0.8429264072775208,-0.0697274087650752,0,0,0.10938595497604131
1.0834205935518215,-1.544474320780514,-0.7904807747785566,1.1531624925624353,0.3109666496737305,-0.7904197960249194,-0.7904794415036949,-0.785889850843727,-0.0826446626089863,-0.8208292056470788,-1.7763568394002505e-15,-0.0784217914978414,0.4930229167719505,-1.5041812609850076,0.4995802526775514,0.2801077274169019,0.2801179578340336,0.9460029001914046,0.7516283835227737,1.2800313745806706,1.2810664598316528,-1.4734012624447888,0.3955556366388674,0.0784217914978377,0,0,0.11071633071427978
-0.3617568068747892,-0.2870569538119506,1.1156216167680382,0.2326570012752624,-0.3121487057133499,1.1202861674905833,1.1155333925347186,1.1031790606909286,1.0698434033971431,1.065285125239566,-1.7763568394002505e-15,0.1684935422736801,0.8060891191137748,1.2562647581842976,0.8129681867681947,0.5356225852468265,0.5356125743978434,-0.1572842255236485,-1.3304447010278462,-0.3697804267326076,-0.3697654466000515,1.3133281917775064,-0.6225985310215157,-0.1684935422736836,0,0,0.043027823669300976
1.227938333594483,0.6274284039833682,-0.7904807747785566,0.6221853297395737,-0.1444665004430727,-0.7904197960249194,-0.7904794415036949,-0.785889850843727,-0.3548683684226322,-0.8208292056470788,-1.7763568394002505e-15,0.5586197696326847,-1.6201739490353708,-1.6252871796532988,-1.6261667340178116,0.9944201217842852,0.9944253264513894,0.996812175717756,0.7516283835227737,1.5079658997621104,1.5082451625516122,-1.5950730880497948,2.2775981889807886,-0.5586197696326873,1,0,0.06930656360333635
0.7943851134664996,-1.3158529813316842,-0.0699567428083404,-1.1448370317856826,-1.2954702798291735,-0.0575462757723952,-0.0694783319985272,-0.0895698123614643,-0.647174150894661,-0.097388092430281,-1.7763568394002505e-15,0.0499741820633519,0.4617162965377686,-1.038980748005222,0.4560315397584623,0.3031476125363282,0.3031477167553154,0.4016178052662142,0.7516283835227737,1.7136875365537754,1.7142205196843752,-1.004095649396909,-0.0209619774040166,-0.0499741820633534,0,0,0.25866657603253596
-1.373380987173417,-0.4013676235363654,-0.7904807747785566,0.9268443575887556,0.2826745903482925,-0.7904197960249194,-0.7904794415036949,-0.785889850843727,-0.198674438857426,-0.8208292056470788,-1.7763568394002505e-15,-0.1623730049801604,0.7904358089966839,-0.2066178466818871,0.7861063638461397,0.9456312661522732,0.9456314045152692,-0.7161862563135105,0.7516283835227737,-1.1760073076069364,-1.1754925789135071,-0.1623637617396863,-1.1505303216602334,0.1623730049801549,0,0,0.0828252555331658
0.0717964132531941,1.5419137617786869,1.7758118712219482,-0.2199792686720937,1.1466174751153182,1.774637524858906,1.7746664200361426,1.792771369332783,1.4000819973350085,1.711214690611704,-1.7763568394002505e-15,0.2771362891331485,0.2738765751326718,1.5311559703996254,0.2757317283270919,-3.0224699152894954,-3.022454796672529,0.1887027459176946,-1.3304447010278462,0.4243303332018436,0.4238454882350064,1.5910309963975695,0.1041647132343807,-0.2771362891331531,0,0,0.12110206397707464
0.3608318933385163,1.3132924223298572,1.4209288536227844,-0.9772745664686324,1.6048108261419196,1.4082007647326438,1.4201147193223802,1.419899880870152,0.7105973653971688,1.349494134003305,-1.7763568394002505e-15,-0.2562008318133336,-0.9157749937662646,1.198595273104159,-0.9220613756063666,-0.1083042260084679,-0.1082990799443004,-0.1500257575913124,-1.3304447010278462,0.2996352551956074,0.2996544640814286,1.25579345253793,0.8035029294051496,0.256200831813333,0,0,0.3720239252818905
1.227938333594483,-1.0872316418828545,-0.7904807747785566,-1.643172155910417,-0.165858057494013,-0.7904197960249194,-0.7904794415036949,-0.785889850843727,-1.5162818018324882,-0.8208292056470788,-1.7763568394002505e-15,0.5833113030098341,1.08784870122142,-1.4215216657034753,1.0832144052567494,0.8572948274910958,0.8573000248708443,0.8661597529357088,0.7516283835227737,1.123783898293505,1.1235558926124811,-1.3899961018141151,-0.1717996318722214,-0.5833113030098396,0,0,0.10227247246021393
0.9389028535091608,-0.9729209721584398,-0.7234723277322473,-0.9337518482044638,-0.6813255773989395,-0.7118976331407177,-0.7238522762688938,-0.7221057967798556,-1.094558192006431,-0.7433176578024193,-1.7763568394002505e-15,0.5438048496063951,-0.8218551330637162,-1.4311332465501652,-0.8154280785521475,-2.6233988501770056,-2.623393837774465,0.6580836722087472,0.7516283835227737,1.2633717082883396,1.2628921636140564,-1.399697509835777,1.3742863264268794,-0.5438048496063961,1,0,0.2389492619276278
-1.0843455070880947,1.0846710828810275,-0.7904807747785566,0.8158614260151255,0.0832500746153289,-0.7904197960249194,-0.7904794415036949,-0.785889850843727,-0.2555736560561795,-0.8208292056470788,-1.7763568394002505e-15,0.5684963829835444,0.2738765751326718,-0.1393367807550586,0.2789877068630985,-0.1637771801806196,-0.1637669733532106,-0.7790929783937551,0.7516283835227737,-1.3012072239856671,-1.299683603067085,-0.0955318398126842,-0.7837205710216439,-0.5684963829835482,0,0,0.06610088915326563
-1.6624164672587392,1.3132924223298572,-0.7904807747785566,-1.1230756726535986,-0.9000714995004948,-0.7904197960249194,-0.7904794415036949,-0.785889850843727,-1.2496364506461717,-0.8208292056470788,-1.7763568394002505e-15,-5.1796925872174695,1.150461941689784,-0.1681715232951279,1.1556599276828985,-0.2517338405156544,-0.2517236383625926,-0.512949154208106,0.7516283835227737,-1.247189518128715,-1.2481897637838943,-0.1243665803215117,-1.428208731022156,5.179692587217468,0,0,0.19242213647421794
0.9389028535091608,-0.5156782932607803,-0.7904807747785566,-1.6932232819142106,1.39434550676976,-0.7904197960249194,-0.7904794415036949,-0.785889850843727,-1.5419422331182002,-0.8208292056470788,-1.7763568394002505e-15,0.0845423287913611,-1.6358272591524616,-1.446511775904869,-1.6391906481618383,-0.6640718284881179,-0.6640717756708249,0.5201727814943655,0.7516283835227737,1.1707338669355287,1.1720206825260724,-1.4150580725367408,2.0393432574912373,-0.0845423287913664,1,0,0.348614037930705
-0.6507922869601114,1.4276030920542722,-0.1189566697109539,-0.8031836934119568,0.3751413208265521,-0.1098943843618599,-0.1194487059246279,-0.1375695771843776,-0.5121779689133044,-0.149062457660051,-1.7763568394002505e-15,0.3018278225103034,0.4617162965377686,0.3066405705313472,0.4662064726834831,-2.502173608471725,-2.5021584622042505,-0.8831310187572359,-1.3304447010278462,-0.9170252225170612,-0.9180233824975536,0.355314149638423,-1.1453881288942718,-0.3018278225103051,0,1,1.0098133542984762
0.3608318933385163,0.3988070645345384,1.4621547536610409,-0.9903313819478836,0.1046416316662697,1.4605488733221084,1.4629464684018954,1.4628538483127589,0.7384891385338127,1.4011684992330753,-1.7763568394002505e-15,0.3907173426680522,-1.8862802210259224,1.2620317066923117,-1.8870520142153469,0.5726383127683613,0.5726283038865357,0.0120800262308558,-1.3304447010278462,0.3205860476541451,0.3208578096686247,1.3181788957883371,1.701672599193097,-0.3907173426680528,1,0,0.489428262839178
1.372456073637144,-1.544474320780514,-0.7904807747785566,0.6287137374791993,-0.4363577466542959,-0.7904197960249194,-0.7904794415036949,-0.785889850843727,-0.3515213556462348,-0.8208292056470788,-1.7763568394002505e-15,-0.1278048582521457,-0.1800694182629738,-1.5580061137264705,-0.1874312184198585,0.7270814987337327,0.7270816254821699,0.98713421847464,0.7516283835227737,1.3802417915209049,1.381025089028435,-1.5268937483420062,1.0194750255755336,0.127804858252142,0,0,0.13678440143082746
0.2163141532958551,0.5131177342589534,1.7784293886846947,1.4708783358908668,1.3315509360718376,1.774637524858906,1.7794255032672,1.795488337152948,2.2703053191983003,1.711214690611704,-1.7763568394002505e-15,-0.0734834848224115,0.1486500941959414,1.2870218168937049,0.1556675198118453,0.5174944998122016,0.5174946154223934,-0.0532461851601677,-1.3304447010278462,0.8567243992437114,0.8569995480877286,1.3437798336232776,-0.0209619774040166,0.0734834848224071,0,0,0.13421157146330087
1.5169738136798052,1.7705351012275166,-0.7904807747785566,-0.1960417736268009,1.290147922424856,-0.7904197960249194,-0.7904794415036949,-0.785889850843727,-0.7743606363977577,-0.8208292056470788,-1.7763568394002505e-15,0.109233862168516,0.0234236132592111,-1.6964128779188037,0.0303123461755884,-1.6853970217105974,-1.6854020868816668,0.8564817956925945,0.7516283835227737,1.6435150027769867,1.644552384183588,-1.6674294228780209,0.8892061421711751,-0.1092338621685184,0,0,0.19200889640869104
0.2163141532958551,1.3132924223298572,1.8330046277829584,1.3403101810983613,0.430345339022528,1.8269856334483705,1.8341549604243577,1.853320937896458,2.2502232425399167,1.762889055841474,-1.7763568394002505e-15,0.089480635466791,1.08784870122142,1.415817000239348,1.0807724213547445,0.3730268245468888,0.3730269324795222,0.3459695511183049,-1.3304447010278462,0.7401067351973932,0.7388666226733501,1.473401424134923,-0.6037438242129902,-0.0894806354667969,0,0,0.20514842347523257
-1.228863247130756,0.0558750553612939,-0.7904807747785566,-1.536541496163203,-0.9000714995004948,-0.7904197960249194,-0.7904794415036949,-0.785889850843727,-1.4616139264846657,-0.8208292056470788,-1.7763568394002505e-15,-0.0043471913663822,0.6339027078257716,-0.1451037292630724,0.6302263914348198,0.3257824007745313,0.3257825061964171,-0.7210252349350684,0.7516283835227737,-1.2888386838595427,-1.2875674055886872,-0.1021341869385372,-1.0596849161282462,0.0043471913663813,0,0,0.052018603341911114
1.372456073637144,1.0846710828810275,-0.7904807747785566,0.9464295808076324,-0.3445810664034858,-0.7904197960249194,-0.7904794415036949,-0.785889850843727,-0.1886334005282338,-0.8208292056470788,-1.7763568394002505e-15,-0.0043471913663822,0.7278225685283201,-1.2927264823578324,0.7315687233680277,-0.0619712702188547,-0.0619762491149491,0.3290331259428544,0.7516283835227737,0.8791897068197333,0.8782028936749249,-1.259431318855919,-0.1100933186806831,0.0043471913663813,0,0,0.08029788454114534
-1.228863247130756,-1.6587849905049288,-0.7904807747785566,0.2130717780563864,-0.4011651850543613,-0.7904197960249194,-0.7904794415036949,-0.785889850843727,-0.564614502410195,-0.8208292056470788,-1.7763568394002505e-15,0.4203471827206315,0.743475878645411,-0.1758607879724797,0.7454066321460562,0.7272840471743461,0.7272841739335447,-0.440364474884748,0.7516283835227737,-1.2330540436988582,-1.2330445169358972,-0.1319121198939152,-1.057970851872926,-0.4203471827206355,0,0,0.1550377256032632
-0.072721326789467,0.3988070645345384,1.7955217777164296,-0.0850588420531707,1.221142899679886,1.8008115791536337,1.7960822945759,1.8136014559540472,1.4871043295213369,1.7370518732265845,-1.7763568394002505e-15,0.0647891020896416,-0.7905485128295343,1.3754483606832508,-0.7844962824600841,0.986419458380178,0.9864347900446644,0.2588679359302746,-1.3304447010278462,0.7355631898449391,0.7358375733037507,1.4341915667140406,0.9183452345116234,-0.0647891020896446,0,0,0.16709732063819813
-0.7953100270027725,1.6562244315031018,-0.5942716657710825,-0.2809110742419304,1.2439145571857255,-0.6072014159617884,-0.5953570290303493,-0.5984190712523485,-0.6505211636710584,-0.8208292056470788,-1.7763568394002505e-15,-0.2512625251379037,0.6025960875915898,-0.3796263019223031,0.5992945953427562,-0.3033077372060573,-0.303302601505112,-0.4306865176416328,0.7516283835227737,-0.8471051079265198,-0.8483552469967659,-0.150371743490688,-0.9191316471919642,0.2512625251379026,0,0,0.22046600029292396
-1.6624164672587392,0.0558750553612939,-0.7904807747785566,0.2609467681469719,1.3032588767464,-0.7904197960249194,-0.7904794415036949,-0.785889850843727,-0.5400697420499484,-0.8208292056470788,-1.7763568394002505e-15,0.6178794497378488,0.0860368537275777,-0.1105020382149892,0.0889199598237083,-0.0479447907065919,-0.0479396414346957,-0.7500591066644113,0.7516283835227737,-1.3549725106563724,-1.3542064917198755,-0.0668318410819352,-0.6345969808087594,-0.6178794497378525,0,0,0.06981506057000154
0.0717964132531941,-0.6299889629851951,1.8804078690332968,0.2827081272790567,-1.637735192644225,1.8793337420378355,1.8793662511194016,1.9036495322795128,1.7470556551548595,1.814563421071244,-1.7763568394002505e-15,-4.256229238911983,0.3364898156010383,1.7022421094707034,0.3416652936812274,0.9343898276984012,0.9343899654639832,0.4233932090632209,-1.3304447010278462,0.2605102813272541,0.2602768222766357,1.5333615153799145,0.0784537494045732,4.2562292389119785,0,0,0.2655982324669901
-0.5062745469174503,-0.8586103024340248,0.4568448217440107,0.8115091541887094,-1.2582075675468896,0.4659348101222609,0.4564003650332948,0.4332524238902681,0.8054293940617577,0.4193555598674277,-1.7763568394002505e-15,0.0104677286599074,0.9939288405188716,0.6545797971815174,0.992861000882564,0.9123120476718732,0.9123121842641616,-0.7597370639075265,-1.3304447010278462,-0.5058343681199787,-0.5060726682320271,0.7059122561990271,-1.3305070684688869,-0.01046772865991,0,0,0.12132754572556197
-0.3617568068747892,-1.430163651056099,1.154596451788333,0.3545206124149357,-0.1361858977136759,1.146460221785311,1.1536060583831764,1.143416060313371,1.1657911029871986,1.0911223078544463,-1.7763568394002505e-15,0.316642742536593,0.6652093280599536,1.3658367798365612,0.6705191258179023,0.9263891642942904,0.9263994290572592,-0.065343631714061,-1.3304447010278462,-0.4896795402001424,-0.4909274213840299,1.4239511915800642,-0.4066264348511316,-0.3166427425365965,0,0,0.1152895492852744
0.2163141532958551,1.3132924223298572,1.6384707299516423,1.1749238516945184,-0.272815842748717,1.6437672533852394,1.6390325479510124,1.64773703950398,1.999197284310121,1.5820287775372746,-1.7763568394002505e-15,-1.895718648056236,-0.4931356206048009,1.3792929930219269,-0.4959351847064916,-0.3491596404492195,-0.3491696983188708,0.2516094679979384,-1.3304447010278462,0.4710278826576205,0.4723102781485975,1.307938520654361,0.5926730260007266,1.8957186480562345,1,0,0.30063469365667217
-1.373380987173417,-0.4013676235363654,-0.7904807747785566,-0.8662916348950023,-1.582531174448249,-0.7904197960249194,-0.7904794415036949,-0.785889850843727,-1.1179872814412115,-0.8208292056470788,-1.7763568394002505e-15,-0.1327431649275756,0.946968910167596,-0.2354525892219564,0.9432073282084622,0.8674982051868413,0.8674882119749823,-0.7839319570153123,0.7516283835227737,-1.1207275058187465,-1.1209696902607171,-0.1918722111389071,-1.2842273335752334,0.1327431649275723,0,0,0.17229581495427626
0.6498673734238385,-0.9729209721584398,0.5985833923517311,0.5873671551282394,0.3351184076344696,0.5968050815959273,0.5991728619650112,0.5758285447389215,0.811007748689087,0.5485414729418572,-1.7763568394002505e-15,0.0154060353353373,-0.2583359688484313,0.1740007548470282,-0.2627257220650131,1.07232531575403,1.072325460850027,-0.890389486689572,0.7516283835227737,0.6704390397930992,0.6691984871725625,0.2215155640063401,-0.5608922178299774,-0.0154060353353403,0,0,0.16830705229856965
0.9389028535091608,-0.5156782932607803,-0.7904807747785566,-0.0480645315286267,-1.3900071609897826,-0.7904197960249194,-0.7904794415036949,-0.785889850843727,-0.698495013466086,-0.8208292056470788,-1.7763568394002505e-15,0.4252854893960614,0.5712894673574079,-1.6118309664679331,0.5785377321757134,-2.290130709707792,-2.2901307433054114,0.996812175717756,0.7516283835227737,1.4844909154410988,1.4840127675948165,-1.582542102688482,0.4126962791920728,-0.4252854893960657,0,0,0.124502276129978
-0.5062745469174503,0.5131177342589534,0.4808212817027683,0.6026001065206986,-1.0180700883943938,0.4921088644169886,0.4801957811885808,0.4573169960117286,0.7184070618754291,0.445192742482308,-1.7763568394002505e-15,0.3265193558874528,0.4930229167719505,0.8410444656072991,0.48899832243553,0.423815846029926,0.4238159566616813,-0.290356137616473,-1.3304447010278462,-0.7988930433532584,-0.7998904570831746,0.8949549708433497,-0.6534516876172849,-0.3265193558874574,0,0,0.09796538498664582
0.0717964132531941,1.4276030920542722,1.7864389921206991,0.5656057959961547,0.045297312105595,1.774637524858906,1.7865641281137856,1.8040273788734664,1.8128802397573387,1.711214690611704,-1.7763568394002505e-15,-3.8759796249038376,1.291341732743605,1.5234667057222735,1.2838640825381615,0.5570927199515211,0.5571029650886794,0.1185375559051147,-1.3304447010278462,0.4904641599986734,0.4904845743661944,1.3401418056151542,-0.924273839957926,3.8759796249038354,0,0,0.20996453530029333
-0.3617568068747892,-1.2015423116072694,0.9842222401381662,-1.627939204517958,-1.3644753025741438,0.989415896016917,0.9846586036806454,0.9681069462027304,0.0043776695773422,0.9360992121651364,-1.7763568394002505e-15,0.6870157431938726,0.0860368537275777,1.3677590960058992,0.0868849732387043,0.211671673045691,0.2116667086920169,0.3362915938751906,-1.3304447010278462,-0.8009123968432381,-0.7998904570831746,1.4263765435854796,0.2001523115323291,-0.6870157431938785,0,0,0.31481317270384934
-1.6624164672587392,-0.4013676235363654,-0.7904807747785566,1.4404124331059485,-1.197483147531316,-0.7904197960249194,-0.7904794415036949,-0.785889850843727,0.0646238995524931,-0.8208292056470788,-1.7763568394002505e-15,-0.2512625251379037,-1.8236669805575585,-0.1585599424484381,-1.8296653925182291,1.2790006808417882,1.2789957732100103,-0.5806948549099078,0.7516283835227737,-1.263849184421046,-1.2633350106318917,-0.1154736229683219,1.060612567703226,0.2512625251379026,1,0,0.38077175091306753
-0.9398277670454336,-1.3158529813316842,-0.7904807747785566,-0.4724110346042733,0.9499531602921528,-0.7904197960249194,-0.7904794415036949,-0.785889850843727,-0.916050843931909,-0.8208292056470788,-1.7763568394002505e-15,0.0055294219844775,-0.0548429373262435,-0.2219963760365906,-0.0600410581985972,-0.6624008038530848,-0.6624007509469855,-0.7573175745967475,0.7516283835227737,-1.143697651767264,-1.1452020852175129,-0.1796107093337514,-0.4391936557022209,-0.0055294219844795,0,0,0.14190054734943114
0.5053496333811774,1.1989817526054425,0.961842465831684,-0.3309622002457247,-1.1036363165981569,0.9632418417221892,0.9608631875253594,0.9452067888613408,0.6503511354220171,0.910262029550256,-1.7763568394002505e-15,-0.1673113116555903,0.0547302334933958,0.3989117466595691,0.0547321851956386,1.1601807018687562,1.1601909790562897,-0.6968303418272819,-1.3304447010278462,0.9311880591867064,0.9327257823277152,0.4470733005099723,-0.6877329727236956,0.1673113116555852,0,0,0.24438636102935715
-0.072721326789467,-1.6587849905049288,1.8145249544959687,-1.305871089363108,-1.3196220377899128,1.8269856334483705,1.8151186275001288,1.8336552660552643,0.8779480042170327,1.762889055841474,-1.7763568394002505e-15,0.5339282362555298,-1.745400429972101,1.4254285810860376,-1.740939977412047,0.7766299110180336,0.7766249766883757,0.0943426627973281,-1.3304447010278462,0.7300099677474954,0.7297794745645514,1.4833723157127414,1.7068147919590588,-0.5339282362555352,1,1,0.5661844344368994
0.0717964132531941,-1.430163651056099,1.865566545019525,0.0041627303883755,0.0867003257525772,1.853159687743108,1.8650890014262296,1.8878652430385543,1.5930930674405843,1.7887262384563636,-1.7763568394002505e-15,0.2376298357297039,-0.0704962474433344,1.4350401619327275,-0.0657390206366086,-0.3909858934352509,-0.3909959535277073,0.280643339727283,-1.3304447010278462,0.7820083201144684,0.7812733138477421,1.4940169161809538,0.3561321587664956,-0.2376298357297096,0,0,0.11548182080103624
0.7943851134664996,-0.2870569538119506,-0.1411270426204164,-1.590944893993414,0.5835364895163615,-0.1360684386565969,-0.1408645804643853,-0.1593053197456968,-0.9361329205902928,-0.1748996402749406,-1.7763568394002505e-15,0.6524475964658634,-1.3227610568106374,-1.0524369611905875,-1.31847676236518,-0.517122934825329,-0.5171127467760477,0.1887027459176946,0.7516283835227737,1.6223117911322014,1.6233490385963918,-1.0175698272047724,1.422280125575854,-0.6524475964658654,0,0,0.45305894470655855
1.5169738136798052,0.3988070645345384,-0.7904807747785566,1.3033158705738177,1.0513905437272588,-0.7904197960249194,-0.7904794415036949,-0.785889850843727,-0.0056633687518491,-0.8208292056470788,-1.7763568394002505e-15,0.5092367028783804,-1.6358272591524616,-1.5330160035250766,-1.631050701821822,-0.6173844129274392,-0.6173944850515688,0.5879184821961673,0.7516283835227737,1.3320297269476435,1.3325602991148435,-1.5011580687289874,2.106191763448737,-0.509236702878383,1,0,0.23963553259466788
-0.6507922869601114,0.2844963948101236,-0.1072040163032223,-1.038206372038469,-0.1320455963489775,-0.1098943843618599,-0.1075509978469848,-0.1260548088036787,-0.6237450614598803,-0.149062457660051,-1.7763568394002505e-15,0.1042955554930861,0.6025960875915898,0.1278651667829173,0.6021435765617623,0.8351917289094944,0.8351817339807475,-0.7210252349350684,0.7516283835227737,-0.5618714274669109,-0.5605955568848173,0.1746254252349757,-1.2122366348517717,-0.1042955554930881,0,0,0.0696369264045982
1.0834205935518215,-1.6587849905049288,-0.7904807747785566,-0.2635019869362632,1.438508721326541,-0.7904197960249194,-0.7904794415036949,-0.785889850843727,-0.8089464350871964,-0.8208292056470788,-1.7763568394002505e-15,0.6228177564132786,0.915662289933414,-1.1466304534881475,0.9094265508973928,0.161870075210626,0.161870171921593,5.707557863803737,0.7516283835227737,0.6050624705550117,0.6055884504109735,-1.1131017478625234,1.1703126800437385,-0.6228177564132827,1,1,1.3231514645218276
-1.0843455070880947,-1.430163651056099,-0.7904807747785566,-1.1578938472649338,-1.398977813946629,-0.7904197960249194,-0.7904794415036949,-0.785889850843727,-1.2674871854536236,-0.8208292056470788,-1.7763568394002505e-15,0.5141750095538102,-1.745400429972101,-0.2335302730526184,-1.7401259827780453,1.2415039007738022,1.2415141822831566,-0.6460210663009306,0.7516283835227737,-1.1217371825637363,-1.1209696902607171,-0.1913332440265925,1.0160468970648926,-0.5141750095538136,1,1,0.5595036804152511
-0.7953100270027725,-0.1727462840875357,-0.7904807747785566,0.7288159894867879,-1.5583794164875096,-0.7904197960249194,-0.7904794415036949,-0.785889850843727,-0.3002004930748098,-0.8208292056470788,-1.7763568394002505e-15,0.6277560630887086,0.7904358089966839,-0.6564398303069687,0.7840713772611356,-0.0547048449119628,-0.0547047597106043,-0.0967969927541829,0.7516283835227737,-0.3245973923943158,-0.3243297060560598,-0.6168477791989166,-0.6843048442130546,-0.6277560630887133,0,0,0.16700412401938283
-1.0843455070880947,-0.0584356143631209,-0.7904807747785566,0.5938955628678649,0.0977411293917726,-0.7904197960249194,-0.7904794415036949,-0.785889850843727,-0.3693720904536866,-0.8208292056470788,-1.7763568394002505e-15,-0.1080516315504262,0.9782755304017808,-0.1008904573682994,0.9737321269835248,-0.1969951244407143,-0.1970051742237683,-0.6823134059626105,0.7516283835227737,-1.3754184647424152,-1.3754098373070716,-0.0559177570575659,-1.3665024178306178,0.1080516315504202,0,0,0.07407341084710335
0.2163141532958551,-0.74429963270961,-0.5343305158741887,0.8049807464490839,-0.4667199566620826,-0.5286792530775867,-0.5334889470266054,-0.5408452293488542,-0.042480509292219,1.607865960152164,-1.7763568394002505e-15,0.6326943697641384,0.4304096763035867,1.554223764431681,0.436902665859423,0.0879652129429347,0.0879602420150334,0.5467871639129303,-1.3304447010278462,0.1855417830117639,0.1845505880366492,-0.6394843979161271,-0.1957965314467087,-0.6326943697641436,0,0,0.3262467775201639
0.6498673734238385,-1.544474320780514,0.5195605401514158,0.028100225433669,-0.3238795595799945,0.5182829187117256,0.5206479886525671,0.4962602014340921,0.4573400653164409,0.4710299250971976,-1.7763568394002505e-15,0.4302237960714913,-2.058466632313928,0.3566207909341341,-2.0539209141856896,0.0690522523009476,0.0690422166566541,-0.9726521232560452,-1.3304447010278462,0.1976579039516409,0.1966667855150471,0.4051686075275174,0.9834796762138028,-0.4302237960714963,1,1,0.9126366695642706
1.6614915537224662,1.0846710828810275,-0.7904807747785566,-1.5539505834688707,-0.8034644676575369,-0.7904197960249194,-0.7904794415036949,-0.785889850843727,-1.470539293888392,-0.8208292056470788,-1.7763568394002505e-15,0.045035875387922,0.3521431257181292,-0.1489483616017483,0.3518402266062483,-0.3682498309767429,-0.368239635015781,-0.7645760425290836,0.7516283835227737,-1.2822757850171094,-1.2815093068494885,-0.1056374731685817,-0.8351424986812594,-0.0450358753879229,0,0,0.22319706417748317
-0.9398277670454336,-0.0584356143631209,-0.7904807747785566,-1.5539505834688707,1.5206246983930565,-0.7904197960249194,-0.7904794415036949,-0.785889850843727,-1.470539293888392,-0.8208292056470788,-1.7763568394002505e-15,0.5339282362555298,0.0703835436104867,-0.3027336551487849,0.0689770912906676,0.0342645576261247,0.0342747749782191,-0.5540804724913431,0.7516283835227737,-0.9914888824600564,-0.9907205673679405,-0.2608600015151673,-0.4374795914469008,-0.5339282362555352,0,0,0.12044921094017148
-1.228863247130756,0.2844963948101236,-0.7904807747785566,-0.5442235197401524,0.928561603241212,-0.7904197960249194,-0.7904794415036949,-0.785889850843727,-0.9528679844722794,-0.8208292056470788,-1.7763568394002505e-15,0.5536814629572548,0.3677964358352201,-0.0509102369655125,0.3754460709922967,0.1636423740659676,0.16364247087112,-0.8347412325416635,0.7516283835227737,-1.4693184020264636,-1.4693103677646546,-0.0057938156123143,-0.9379863540004896,-0.553681462957257,0,0,0.0600755478383562
-1.228863247130756,1.3132924223298572,-0.7904807747785566,0.6635319120905353,0.9692745666607446,-0.7904197960249194,-0.7904794415036949,-0.785889850843727,-0.3336706208387822,-0.8208292056470788,-1.7763568394002505e-15,0.232691529054274,-1.228841196108089,-0.0509102369655125,-1.2281233579909945,-0.6680468416350979,-0.6680417253177654,-0.8299022539201064,0.7516283835227737,-1.4688135636539688,-1.4693103677646546,-0.0060632991684716,0.4144103434473929,-0.2326915290542791,0,0,0.2416479229466919
0.0717964132531941,-1.3158529813316842,1.7914384504745446,0.3109978941507663,0.2543825310228545,1.8008115791536337,1.7913232113448427,1.809331935093788,1.685693754254242,1.7370518732265845,-1.7763568394002505e-15,0.3363959692383125,0.9626222202846896,1.721465271164083,0.963557194058504,0.7741993297307118,0.7742045226944504,0.7282488622213271,-1.3304447010278462,0.1030007091088503,0.1027662550574637,1.782499063047308,-0.2009387242126704,-0.3363959692383182,0,0,0.16331641956828588
-1.373380987173417,-1.2015423116072694,-0.7904807747785566,-1.5735358066877467,0.9499531602921528,-0.7904197960249194,-0.7904794415036949,-0.785889850843727,-1.4805803322175837,-0.8208292056470788,-1.7763568394002505e-15,-0.1426197782784354,-0.7122819622440768,-0.1662492071257899,-0.7120507600339353,1.1708398135558755,1.1708450275985895,-0.810546339433877,0.7516283835227737,-1.2519854826674162,-1.2512188131534938,-0.1218064865380177,0.0578849783407269,0.1426197782784332,0,0,0.16561177199100519
1.6614915537224662,-0.9729209721584398,-0.7904807747785566,0.5873671551282394,-1.1767816407078249,-0.7904197960249194,-0.7904794415036949,-0.785889850843727,-0.372719103230084,-0.8208292056470788,-1.7763568394002505e-15,-0.2018794583835994,0.6339027078257716,-0.1797054203111557,0.6281914048498152,-0.3988346455088988,-0.3988244511733322,-0.7524785959751904,0.7516283835227737,-1.2264911448564246,-1.226986418196698,-0.1354154061239596,-1.0459724020856824,0.2018794583835983,0,0,0.171800843729201
-1.373380987173417,0.741739073707783,-0.7904807747785566,-0.7183143927968281,-0.5067428698541656,-0.7904197960249194,-0.7904794415036949,-0.785889850843727,-1.0421216585095403,-0.8208292056470788,-1.7763568394002505e-15,0.6178794497378488,0.8687023595821414,-0.0701333986588921,0.873610787001319,0.7992140621460859,0.7992091290166341,-0.7597370639075265,0.7516283835227737,-1.431960362461842,-1.4329617753294617,-0.0257355987679521,-1.323650811447605,-0.6178794497378525,0,0,0.11486024507466837
-0.2172390668321281,-1.3158529813316842,1.515682985774206,0.6091285142603241,0.4793389051714573,1.5128969819115732,1.5152963839435245,1.5188751371761589,1.604249776695242,1.452842864462845,-1.7763568394002505e-15,0.232691529054274,0.6652093280599536,1.1966729569348211,0.6676701445988967,0.8154432559499871,0.8154332599717324,0.0193384941631902,-1.3304447010278462,0.5353947751507181,0.5359203149101864,1.2526943916421214,-0.4889015191065162,-0.2326915290542791,0,0,0.10801159376805552
-1.373380987173417,-0.4013676235363654,-0.7904807747785566,-0.6791439463590754,-0.7075474860420283,-0.7904197960249194,-0.7904794415036949,-0.785889850843727,-1.022039581851156,-0.8208292056470788,-1.7763568394002505e-15,0.4203471827206315,0.9626222202846896,-0.2181517436979147,0.9619292047905004,0.6961675429855849,0.6961626043798509,-0.7065082990703961,0.7516283835227737,-1.1522799040996767,-1.1512601839567116,-0.1750294888790779,-1.2876554620858744,-0.4203471827206355,0,0,0.08787896629000341
0.7943851134664996,-1.544474320780514,-0.0389653360494223,-0.5028769373891917,-0.7227285910459217,-0.0313722214776675,-0.0385442909966552,-0.0591656486596189,-0.2912751256710839,-0.0715509098154006,-1.7763568394002505e-15,0.1882467689753996,0.3677964358352201,-1.038980748005222,0.3648641407502748,0.3787741365492069,0.3787590536534213,0.2564484466194964,0.7516283835227737,1.7745205604394088,1.7748015070763647,-1.003691424062673,0.0150333719577141,-0.1882467689754053,0,0,0.22228423258324406
0.9389028535091608,-0.5156782932607803,-0.7904807747785566,-0.2852633460683472,1.552367008855742,-0.7904197960249194,-0.7904794415036949,-0.785889850843727,-0.8201031443418538,-0.8208292056470788,-1.7763568394002505e-15,0.3215810492120229,0.1486500941959414,-1.740626149813576,0.1528185385928398,1.007028762212275,1.0070137127043146,0.8419648598279239,0.7516283835227737,1.7255512383074052,1.7263367171627733,-1.7112205007535768,0.8086451221711106,-0.3215810492120268,0,0,0.14592833052526175
0.7943851134664996,-0.0584356143631209,-0.0797200829443846,-1.155717711351725,-0.1637879068116638,-0.0837203300671322,-0.0789964984606415,-0.0991438894420454,-0.6594465310747842,-0.1232252750451706,-1.7763568394002505e-15,0.5191133162292402,1.2287284922752413,-1.0601262258679396,1.228105450109047,-0.5540880252367132,-0.5540980939970337,0.4161347411308848,0.7516283835227737,1.7485213842559222,1.7475400627499695,-1.0255195921114115,-0.6534516876172849,-0.5191133162292438,0,0,0.22575082859784687
0.0717964132531941,1.4276030920542722,1.8858784805304367,-0.7727177906270392,-0.7116877874067268,1.8793337420378355,1.8865048759659877,1.9094716061798664,1.2115336109312942,1.814563421071244,-1.7763568394002505e-15,0.4845451695012255,0.9939288405188716,1.408127735561996,0.988791027712556,-0.6458171502781145,-0.6458221602019814,0.0265969620955264,-1.3304447010278462,0.900645337650766,0.8994062392621212,1.4665295934529123,-0.6225985310215157,-0.4845451695012309,0,0,0.14443294978368612
0.2163141532958551,0.8560497434321979,1.683701431707901,-0.3179053847664743,0.6732430190848234,1.6961153619747042,1.6842438386460556,1.6954780454868776,1.2717798409064451,1.6337031427670443,-1.7763568394002505e-15,0.3363959692383125,-0.3679091396680706,1.1966729569348211,-0.3599980808282128,-0.0098403653167728,-0.0098402777311496,0.1209570452158929,-1.3304447010278462,0.8791897068197333,0.8782028936749249,1.2530986169763574,0.4058400221707909,-0.3363959692383182,0,0,0.0941146686056757
0.3608318933385163,0.0558750553612939,1.4493812684428389,0.4872649031206508,1.5571973604478897,1.4605488733221084,1.4486692187087236,1.44952776805195,1.4859886585958713,1.4011684992330753,-1.7763568394002505e-15,0.2623213691068588,0.5086762268890413,1.031353766371757,0.5060922097495646,0.6034256757411307,0.6034156684954617,-0.176640140009878,-1.3304447010278462,0.7201656194838452,0.7206923264557532,1.085345103268459,-0.5146124829363237,-0.2623213691068616,0,0,0.14756256249274785
0.3608318933385163,0.2844963948101236,1.5292679014058603,0.6461228247848665,0.2681835355718487,1.5390710362063105,1.5295736336366963,1.533106873377023,1.634372891682817,1.4786800470777348,-1.7763568394002505e-15,0.2672596757822887,0.0077703031421202,1.0505769280651365,0.0038575205705339,0.7047252146013709,0.7047405312955612,-0.3048730734811445,-1.3304447010278462,0.8403171521376275,0.8388252518701322,1.1059605953144895,-0.1152355114466449,-0.2672596757822922,0,0,0.05540823441836343
-1.6624164672587392,1.5419137617786869,-0.7904807747785566,-0.7270189364496616,0.5524842292811258,-0.7904197960249194,-0.7904794415036949,-0.785889850843727,-1.0465843422114032,-0.8208292056470788,-1.7763568394002505e-15,0.2376298357297039,0.5399828471232233,-0.1143466705536651,0.5366170085246272,1.2601383573099516,1.2601385123870434,-0.7089277883811752,0.7516283835227737,-1.348914450186434,-1.3481483929806766,-0.0700656437558225,-0.9962645386813872,-0.2376298357297096,0,0,0.13033714393345983
-0.2172390668321281,0.8560497434321979,1.5284564709924084,-0.5812178302646955,1.1583483289819632,1.5390710362063105,1.5295736336366963,1.5323305968569758,1.004018818794663,1.4786800470777348,-1.7763568394002505e-15,-0.0290387247435371,0.0703835436104867,1.2043622216121728,0.0693840886076686,-0.4931715817231583,-0.49317151982358,0.1911222352284728,-1.3304447010278462,0.5197447856033766,0.520775068062189,1.261587348995311,0.0698834281279706,0.0290387247435333,0,0,0.10416727785395234
0.3608318933385163,1.4276030920542722,1.4459523205666402,1.4599976563248251,-0.2597048884271724,1.4343748190273808,1.446289677093195,1.44590514429173,1.9813465495026688,1.3753313166181949,-1.7763568394002505e-15,0.1783701556245398,1.1348086315726928,0.98137354596897,1.134903064515855,-0.0333613029826467,-0.0333561529357308,-0.479076303857206,-1.3304447010278462,0.7994252439655418,0.799447610065339,1.0354906453793644,-1.162528771447477,-0.1783701556245444,0,0,0.26354126675561834
-1.6624164672587392,1.3132924223298572,-0.7904807747785566,-0.2852633460683472,0.8505859275393961,-0.7904197960249194,-0.7904794415036949,-0.785889850843727,-0.8201031443418538,-0.8208292056470788,-1.7763568394002505e-15,0.0598507954142117,0.7904358089966839,-0.0509102369655125,0.7909903316501493,-0.1422310898106972,-0.1422259455495312,-0.8807115294464577,0.7516283835227737,-1.4675514677227317,-1.4662813183950554,-0.0067370080588648,-1.299653911873118,-0.0598507954142143,0,0,0.14714796399848296
-0.3617568068747892,0.741739073707783,1.0587429623025577,-0.5202860246948596,-0.6178409564735674,1.0679380589011187,1.058424393762032,1.0446995628473794,0.6358474133909626,1.013610760009796,-1.7763568394002505e-15,0.1487403155719605,1.1661152518068747,1.4350401619327275,1.167462849875922,-0.3347533826108105,-0.3347583760035741,0.1838637672961366,-1.3304447010278462,-0.8185817398805589,-0.8180647533007714,1.4929389819563246,-0.710015808042862,-0.1487403155719618,0,0,0.16486597818695473
-0.072721326789467,1.0846710828810275,1.6400150652546626,0.2935888068450991,-0.5295145273600057,1.6437672533852394,1.6390325479510124,1.6494189719640822,1.5495819013474197,1.5820287775372746,-1.7763568394002505e-15,0.6623242098167231,0.7747824988795929,1.2774102360470152,0.7738964443361148,-0.957361970491866,-0.9573720606836876,0.2516094679979384,-1.3304447010278462,0.6706914589793468,0.6691984871725625,1.3343479091577732,-0.461476491021388,-0.6623242098167262,0,0,0.09003099595190778
-0.072721326789467,-0.1727462840875357,1.6839631834541755,1.544866956939955,1.3653633972168735,1.6961153619747042,1.6842438386460556,1.6957368043268937,2.227909824030601,1.6337031427670443,-1.7763568394002505e-15,-0.2166943784098945,-1.651480569269553,1.2966333977403948,-1.6562845354758733,1.2517072784695478,1.2517124968098632,0.2951602755919535,-1.3304447010278462,0.6376245455809318,0.638907993476568,1.3533464998668605,1.6108271936611098,0.2166943784098895,1,0,0.4194961547246281
0.6498673734238385,-0.4013676235363654,0.5596085573314364,1.5470430928531629,0.0301162071017017,0.5706310273011902,0.5587206545010248,0.5366265804765422,1.2706641699809798,0.5227042903269675,-1.7763568394002505e-15,0.1339253955456654,0.743475878645411,0.3719993202888377,0.7433716455610522,0.978064335205002,0.97804928415776,-0.6532795342332667,-1.3304447010278462,0.2309772365363034,0.229986328580641,0.4199902031161671,-1.27394294804331,-0.1339253955456707,0,0,0.11794035325438179
0.0717964132531941,0.8560497434321979,1.7403706847763614,0.3175263018903918,-0.5398652807717511,1.7484634705641688,1.7413528374187424,1.7552513375305057,1.6466452718629412,1.6853775079968143,-1.7763568394002505e-15,0.0746657154405013,-1.761053740089192,1.3504582504818574,-1.7555918808240771,-1.5903764845092805,-1.5903663534967454,-0.0024369096338164,-1.3304447010278462,0.6739729084005633,0.6752565859117612,1.4091295959914143,1.6451084787675203,-0.0746657154405055,1,1,0.5057235049053743
-1.228863247130756,0.6274284039833682,-0.7904807747785566,-1.4277347005027805,0.4331055399323272,-0.7904197960249194,-0.7904794415036949,-0.785889850843727,-1.4058303802113776,-0.8208292056470788,-1.7763568394002505e-15,0.4944217828520907,-0.9157749937662646,-0.1085797220456512,-0.9086304641453388,-2.4458651419820576,-2.4458702475672736,-0.4524619214386404,0.7516283835227737,-1.3590112176363316,-1.3602645904590744,-0.0646759726326771,0.2892836528089962,-0.4944217828520918,1,0,0.22774723188587173
-0.2172390668321281,0.1701857250857087,-0.5792209403602904,-0.2809110742419304,-1.6853486583382546,-0.5810273616670607,-0.5787002377216489,-0.5839285762114691,-0.6371331125654691,1.3236569513884158,-1.7763568394002505e-15,0.6968923565447378,0.3677964358352201,1.2504978096762838,0.3713760978222886,-0.353514431922342,-0.353514362600854,-0.176640140009878,-1.3304447010278462,0.209521605705271,0.2087829829934449,-0.6959412029310745,-0.3089247722978624,-0.6968923565447394,0,0,0.3906509569088364
0.5053496333811774,0.5131177342589534,1.0380645743468608,-0.2830872101551392,0.0480575130153942,1.0417640046063816,1.0370085192222749,1.0234813379660914,0.7396048094592783,0.9877735773949065,-1.7763568394002505e-15,0.6326943697641384,0.9626222202846896,0.9160147962114794,0.968034164545513,-1.991042618591575,-1.9910578274283748,-0.1597037148344275,-1.3304447010278462,0.1544942231033285,0.1542600943406545,0.9706798501235416,-0.9722676391069004,-0.6326943697641436,0,0,0.04003386227463686
-0.6507922869601114,0.9703604131566128,-0.1980056970858969,-0.0741781624871283,1.7276397666279666,-0.1884165472460616,-0.1979735792370718,-0.2148090909290656,-0.2064841353356863,-0.2265740055047105,-1.7763568394002505e-15,0.6228177564132786,1.1191553214556018,0.2239809752498151,1.1198441637868248,0.0836863771350435,0.0836864696910313,-0.8299022539201064,-1.3304447010278462,-0.90036555622473,-0.8998490862799567,0.2721784725639062,-1.7350262327245276,-0.6228177564132827,0,0,0.28005342985087683
1.6614915537224662,1.3132924223298572,-0.7904807747785566,1.3294295015323183,0.0949809284819739,-0.7904197960249194,-0.7904794415036949,-0.785889850843727,0.0077246823537396,-0.8208292056470788,-1.7763568394002505e-15,-0.1129899382258561,1.0565420809872357,-0.254675750915336,1.051061617213683,0.0118323178285315,0.0118222791433543,-0.6968303418272819,0.7516283835227737,-1.0833694662541251,-1.0846210978255235,-0.2118139942945448,-1.3373633254901691,0.1129899382258506,0,0,0.2183224551173902
0.7943851134664996,0.0558750553612939,-0.1561254176819536,0.8310943774075846,0.8457555759472487,-0.1622424929513339,-0.155141830157557,-0.1739251942065842,0.2922207683475089,-0.2007368228898301,-1.7763568394002505e-15,0.1684935422736801,-0.9627349241175376,-0.5622463380094089,-0.9566561475514374,0.7723004380999882,0.77230056725153,-0.3193900093458168,0.7516283835227737,0.6550414694320053,0.6540532403245649,-0.5223937927657947,0.6595215319582266,-0.1684935422736836,0,0,0.08989317901994796
-0.9398277670454336,0.1701857250857087,-0.7904807747785566,1.52310559780787,-0.8717794401750574,-0.7904197960249194,-0.7904794415036949,-0.785889850843727,0.1070193947201923,-0.8208292056470788,-1.7763568394002505e-15,0.7117072765710275,1.1348086315726928,-0.0893565603522717,1.1316470859798486,-0.7015686085561038,-0.7015634940202471,5.095427068176745,0.7516283835227737,-1.395864418828458,-1.3966131828942678,-0.0450036730331967,0.1315897413195089,-0.7117072765710305,1,1,1.47496510008694
-0.6507922869601114,1.1989817526054425,-0.1695271070912155,-1.3123994971027328,0.8222938682139586,-0.1622424929513339,-0.1694190798507286,-0.1869925156273773,-0.8167561315654565,-0.2007368228898301,-1.7763568394002505e-15,0.0499741820633519,0.4930229167719505,0.273961195652602,0.4898123170695315,0.7421713575592026,0.7421613576870028,-0.7887709356368694,-1.3304447010278462,-0.9556453580129196,-0.954371974932747,0.3227066393433938,-1.1608147071921562,-0.0499741820633534,0,0,0.23916104244794378
0.2163141532958551,0.8560497434321979,1.6650385321985186,1.4556453844984076,-1.400357914401528,1.6699413076799765,1.6652075057218267,1.6758123736456845,2.165432252204519,1.607865960152164,-1.7763568394002505e-15,-0.1129899382258561,0.6339027078257716,1.2082068539508486,0.6285984021668163,0.5991721584883166,0.5991824058617341,-0.1863180972529922,-1.3304447010278462,0.7774647747620147,0.7782442644781428,1.263877959222648,-0.5077562259150418,0.1129899382258506,0,0,0.19852916353194136
-0.2172390668321281,-0.2870569538119506,1.388236060513081,-0.4375928599929382,0.6180390008888466,1.3820267104379067,1.3891806783205085,1.3857437139880786,0.9593919817760328,1.3236569513884158,-1.7763568394002505e-15,-0.0833600981732713,-1.0096948544688131,1.0351983987104327,-1.015263761199558,0.151185644968433,0.1511857411115877,-0.0895385248218468,-1.3304447010278462,0.5624036280791942,0.5631817592365815,1.089252614832739,0.7932185438732261,0.083360098173268,0,0,0.22739088945955888
0.2163141532958551,-1.544474320780514,1.761939028669392,1.6275601216418762,0.5911270420183082,1.774637524858906,1.7627687119584998,1.7780221154518876,2.336129903800781,1.711214690611704,-1.7763568394002505e-15,-0.1376814716030055,0.6965159482941382,1.5234667057222735,0.7018579192269665,-0.6018388201105953,-0.6018387639860061,0.280643339727283,-1.3304447010278462,0.3687981122274064,0.369322599582216,1.5833507150470876,-0.2335059450637597,0.1376814716030028,0,0,0.12848940108694054
-0.7953100270027725,-1.430163651056099,-0.6774301955625373,0.5525489805169035,-0.4011651850543613,-0.6857235788459901,-0.6762614439583218,-0.6779874145571778,-0.293506467522015,-0.8208292056470788,-1.7763568394002505e-15,-0.2216326850853244,1.150461941689784,-0.6660514111536586,1.1556599276828985,-0.0290571486196783,-0.0290621257665909,-0.2734197124410226,0.7516283835227737,-0.3051611150532625,-0.3061554098384629,-0.5192947318699862,-1.109392779532541,0.22163268508532,0,0,0.17696281531586458
1.0834205935518215,0.0558750553612939,-0.7904807747785566,1.6210317139022503,-0.9904680792964058,-0.7904197960249194,-0.7904794415036949,-0.785889850843727,0.1572245863661518,-0.8208292056470788,-1.7763568394002505e-15,-3.5352364642991376,-0.6496687217757131,-1.2811925853418045,-0.6522221544348126,0.8407111739161255,0.8407113067032717,0.4887194204542445,0.7516283835227737,0.855967141684969,0.8569995480877286,-1.2470350752726849,1.0914657242989954,3.5352364642991354,1,0,0.35640717309362063
-1.6624164672587392,1.0846710828810275,-0.7904807747785566,-1.704103961480253,-1.677068055608858,-0.7904197960249194,-0.7904794415036949,-0.785889850843727,-1.5475205877455291,-0.8208292056470788,-1.7763568394002505e-15,-0.1969411517081696,-0.9940415443517192,-0.3104229198261367,-0.9871809463265,1.1575222535857477,1.1575274669207147,-0.5516609831805641,0.7516283835227737,-0.978110665588942,-0.9786043698895426,-0.2680013157533349,0.4572619498304057,0.1969411517081678,0,0,0.31941845339345004
-1.517898727216078,-1.0872316418828545,-0.7904807747785566,-0.4985246655627748,-0.0989231854313921,-0.7904197960249194,-0.7904794415036949,-0.785889850843727,-0.9294388950374984,-0.8208292056470788,-1.7763568394002505e-15,0.3215810492120229,0.9000089798163232,-0.1335698322470447,0.9037285884593812,-1.364155194902625,-1.3641501155791211,-0.7307031921781828,0.7516283835227737,-1.3110515722493177,-1.311799800545483,-0.0902769104676175,-1.299653911873118,-0.3215810492120268,0,0,0.09254835795311085
-1.517898727216078,-0.5156782932607803,-0.7904807747785566,1.007361386377469,0.7802008043395269,-0.7904197960249194,-0.7904794415036949,-0.785889850843727,-0.1573946146151924,-0.8208292056470788,-1.7763568394002505e-15,0.1487403155719605,-1.541907398449916,-0.1604822586177761,-1.5354063323266252,-0.531883652434807,-0.5318886563038181,-0.7815124677045341,0.7516283835227737,-1.262839507676056,-1.2633350106318917,-0.1160125900806365,0.7572231945114952,-0.1487403155719618,1,0,0.2458314150457085
-1.373380987173417,-1.3158529813316842,-0.7904807747785566,-1.6127062531254988,-1.55768936626006,-0.7904197960249194,-0.7904794415036949,-0.785889850843727,-1.5006624088759677,-0.8208292056470788,-1.7763568394002505e-15,0.0302209553616269,-0.1018028676775191,-0.1739384718031417,-0.1076597442876947,0.0815089813984822,0.0815090738387552,-0.6194066838823659,0.7516283835227737,-1.2360830739338275,-1.2360735663054965,-0.1302952185569716,-0.391199856553247,-0.0302209553616317,0,0,0.2256026726885593
-0.6507922869601114,-1.430163651056099,-0.0863424021251332,0.5764864755621962,-0.7965639653830398,-0.0837203300671322,-0.0861351233072274,-0.105612860442438,0.2219335000431657,-0.1232252750451706,-1.7763568394002505e-15,0.5684963829835444,0.743475878645411,0.318174467547375,0.7356386965380358,-2.7963498999031446,-2.7963600878257298,-0.5371440473158926,-1.3304447010278462,-0.8713373498062743,-0.8725876419535615,0.3671714261093428,-1.2670866910220282,-0.5684963829835482,0,1,0.6647175042754337
-1.0843455070880947,-1.3158529813316842,-0.7904807747785566,-1.2579960992725217,0.3972229281049431,-0.7904197960249194,-0.7904794415036949,-0.785889850843727,-1.3188080480250484,-0.8208292056470788,-1.7763568394002505e-15,0.4697302494749358,1.1661152518068747,-0.0682110824895542,1.167462849875922,-0.6233342733703671,-0.6233392820994106,-0.7766734890829761,0.7516283835227737,-1.437766003745533,-1.4390198740686602,-0.0226365378721435,-1.5773323212350407,-0.4697302494749397,0,0,0.15017586813006026
0.2163141532958551,-0.9729209721584398,-0.6339532305063187,-0.6160360048760307,1.620681981373262,-0.6333754702565254,-0.6334296948788068,-0.6364566207346573,-0.856920284882224,1.7370518732265845,-1.7763568394002505e-15,0.2919512091594436,1.244381802392332,1.2716432875390014,1.243164350838078,0.3958135241155511,0.3958136332591549,0.2008001924715871,-1.3304447010278462,0.9819243156224424,0.9811905722413063,-1.1630909475296964,-0.6397391735747211,-0.2919512091594443,0,0,0.42360979659294246
-0.9398277670454336,0.3988070645345384,-0.7904807747785566,-0.0001895414380412,-0.6785653764891408,-0.7904197960249194,-0.7904794415036949,-0.785889850843727,-0.6739502531058394,-0.8208292056470788,-1.7763568394002505e-15,0.6178794497378488,-0.0078830069749707,-0.0547548693041885,-0.0095733908904935,-0.1349899830588788,-0.1349848384128923,-0.6750549380302743,0.7516283835227737,-1.4604837305078031,-1.4602232196558564,-0.0105097778450665,-0.5660344105959392,-0.6178794497378525,0,0,0.06779271054104193
-1.228863247130756,-1.430163651056099,-0.7904807747785566,1.5274578696342875,-1.6197938867305328,-0.7904197960249194,-0.7904794415036949,-0.785889850843727,0.1092507365711242,-0.8208292056470788,-1.7763568394002505e-15,0.2475064490805691,1.150461941689784,-0.2277633245446046,1.1499619652448865,-0.4631690939577548,-0.4631639667524463,-0.6073092373284725,0.7516283835227737,-1.1346105610623558,-1.133085887739115,-0.1844614133445822,-1.4127821527242714,-0.2475064490805704,0,0,0.2638707308771177
1.227938333594483,-0.0584356143631209,-0.7904807747785566,0.4981455826866923,0.6967047268181126,-0.7904197960249194,-0.7904794415036949,-0.785889850843727,-0.4184616111741805,-0.8208292056470788,-1.7763568394002505e-15,0.0005911153090476,0.0703835436104867,-1.3196389087285636,0.0632791288526559,-0.1672458222260714,-0.1672406792942833,0.5395286959805958,0.7516283835227737,0.9296735440692216,0.9296967329581156,-1.2863796744716458,0.5292526485538676,-0.0005911153090491,0,0,0.040514487690080085
0.7943851134664996,-0.2870569538119506,-0.0374733510956569,0.7396966690528296,-1.6956994117500002,-0.0313722214776675,-0.0385442909966552,-0.0576130956195247,0.3468886436953305,-0.0715509098154006,-1.7763568394002505e-15,0.1635552355982502,-1.2758011264593645,-0.7929242783299636,-1.276149041397093,0.4832131762389033,0.4832031626046882,-0.1379283110374199,0.7516283835227737,1.3095644193716216,1.3083279041580478,-0.7544191346172014,1.1274610736607256,-0.1635552355982532,0,0,0.15748005512985483
-1.517898727216078,1.3132924223298572,-0.7904807747785566,1.3294295015323183,-1.367925553711392,-0.7904197960249194,-0.7904794415036949,-0.785889850843727,0.0077246823537396,-0.8208292056470788,-1.7763568394002505e-15,0.0993572488176562,0.0703835436104867,-0.1662492071257899,0.066128110071662,-0.4337489329591038,-0.4337438041902982,-0.5589194511129002,0.7516283835227737,-1.251228225108674,-1.2512188131534938,-0.1222107118722536,-0.5248968684682466,-0.0993572488176578,0,0,0.17003341754191112
0.6498673734238385,-0.1727462840875357,0.4817374128147296,0.3566967483281438,1.6248222827379604,0.4921088644169886,0.4825753228041093,0.4582226519517835,0.5934519182232635,0.445192742482308,-1.7763568394002505e-15,0.52405162290467,-0.2113760384971557,0.0298270421466815,-0.208595078903902,0.6301873884567694,0.6301824463446033,-0.9895885484314956,0.7516283835227737,0.7489414067160536,0.7479537707821483,0.0746470259006297,-0.5403234467661311,-0.5240516229046744,0,0,0.18082875618833696
-0.6507922869601114,0.8560497434321979,-0.1757306234779245,1.4295317535399068,0.5359230238223324,-0.1884165472460616,-0.1765577046973144,-0.1930733483677463,0.5822952089686058,-0.2265740055047105,-1.7763568394002505e-15,-0.1524963916292951,0.759129188762502,-0.0143862297480914,0.7641285087280943,-1.3592433952178231,-1.359248443055858,-0.5855338335314649,0.7516283835227737,-0.423040875030818,-0.4242883352528419,0.0297780138004448,-1.2173788276177335,0.152496391629294,0,0,0.24578541482703672
-0.9398277670454336,-0.2870569538119506,-0.7904807747785566,1.255440880483232,1.574448616134132,-0.7904197960249194,-0.7904794415036949,-0.785889850843727,-0.0302081291120957,-0.8208292056470788,-1.7763568394002505e-15,-0.093236711524131,-1.3540676770448192,-0.1066574058763133,-1.356327512846258,0.2882096650413175,0.2881996410438767,5.717235821046852,0.7516283835227737,-1.361535409498806,-1.3602645904590744,-0.0633285548518908,2.414723329406429,0.0932367115241288,1,1,2.2526833849464007
0.0717964132531941,0.0558750553612939,1.8276910673335836,-0.5463996556533603,0.6235594027084451,1.8269856334483705,1.827016335577772,1.8476282434161129,1.2773581955337745,1.762889055841474,-1.7763568394002505e-15,0.3413342759137479,0.5556361572403142,1.41389468407001,0.5545248904726645,0.5741067889627882,0.5740967801590007,0.3266136366320763,-1.3304447010278462,0.7565139823034767,0.7570409188909465,1.472862457022608,-0.1666574391062597,-0.3413342759137485,0,0,0.0448948636029104
-0.5062745469174503,-0.1727462840875357,0.4467935546870644,1.1553386284756433,1.0941736578291406,0.4397607558275239,0.4468821985711804,0.4231608291296555,0.973895703807088,0.3935183772525381,-1.7763568394002505e-15,0.4499770227732163,0.759129188762502,0.5892210474240268,0.7547675704370755,0.2344330540592761,0.2344432820490811,-0.7524785959751904,-1.3304447010278462,-0.3816441284862375,-0.3818816440784494,0.6406972356089685,-1.1710990927240796,-0.449977022773218,0,0,0.05971669479668931
0.0717964132531941,0.0558750553612939,1.9212411414521415,-0.7466041596685377,-1.0836248600021154,1.9316818506273,1.922198000198916,1.9469916379821437,1.255044777024459,1.866237786301014,-1.7763568394002505e-15,0.1240487821948056,0.4617162965377686,1.461952588303459,0.4690554539024887,0.6941926956896335,0.694197884401518,0.2177366176470375,-1.3304447010278462,0.8327445765502044,0.8327671531309329,1.5200220793501298,-0.0963808046381187,-0.1240487821948098,0,0,0.06623967847249602
1.6614915537224662,-0.8586103024340248,-0.7904807747785566,-0.361428103030643,1.6503541411535996,-0.7904197960249194,-0.7904794415036949,-0.785889850843727,-0.8591516267331556,-0.8208292056470788,-1.7763568394002505e-15,-0.2166943784098945,-1.6671338793866464,-0.2335302730526184,-1.6684944549858984,-0.0626295526508385,-0.0626244041593479,-0.7790929783937551,0.7516283835227737,-1.1245137936124583,-1.1239987396303166,-0.1898510844677275,0.9166311702563033,0.2166943784098895,1,1,0.896352878982599
1.6614915537224662,-0.5156782932607803,-0.7904807747785566,-1.423382428676364,-0.8303764265280752,-0.7904197960249194,-0.7904794415036949,-0.785889850843727,-1.4035990383604462,-0.8208292056470788,-1.7763568394002505e-15,0.2129383023525545,-1.9802000817284704,-0.2508311185766601,-1.9725214507855224,-0.6400192011656423,-0.6400292744926704,-0.4693983466140909,0.7516283835227737,-1.0922041377727858,-1.090679196564723,-0.2070980320617926,1.2714424711076484,-0.2129383023525576,1,1,1.0446536961590809
1.6614915537224662,1.1989817526054425,-0.7904807747785566,-0.6312689562684899,-1.3589549007545458,-0.7904197960249194,-0.7904794415036949,-0.785889850843727,-0.9974948214909096,-0.8208292056470788,-1.7763568394002505e-15,-0.1031133248749908,-1.8549736007917403,-0.2931220743020951,-1.860190191293292,-0.0171574277338226,-0.0171725316709072,-0.4331060069524118,0.7516283835227737,-1.0104203214286145,-1.0088948635855373,-0.2507543681592699,1.214878350682072,0.1031133248749897,1,1,1.01240755326233
0.3608318933385163,-1.3158529813316842,1.433859389888752,-0.5833939661779043,-1.0235904902139912,1.4343748190273808,1.4343919690155518,1.4333553405509685,0.9225748412356628,1.3753313166181949,-1.7763568394002505e-15,-4.606849012867543,-0.11745617779461,1.3523805666511954,-0.1239396369677281,0.9475301577829932,0.9475454873807584,0.2685458931733888,-1.3304447010278462,0.0893700730514886,0.0906500575790659,1.1777779630304013,0.2001523115323291,4.606849012867538,1,0,0.31136442989026164
-1.373380987173417,-1.3158529813316842,-0.7904807747785566,1.5405146851135372,-0.0223276101844754,-0.7904197960249194,-0.7904794415036949,-0.785889850843727,0.1159447621239182,-0.8208292056470788,-1.7763568394002505e-15,0.6129411430624189,-0.6183621015415313,-0.120113619061679,-0.6233253449277533,-0.2039070899765408,-0.2039120764156388,-0.5903728121530221,0.7516283835227737,-1.3385652635502887,-1.3390612448718782,-0.0755900566570464,0.0167474362130349,-0.6129411430624219,0,0,0.1296742434787623
-0.072721326789467,-1.2015423116072694,1.7784293886846947,1.2989635987474,0.916830749374568,1.774637524858906,1.7794255032672,1.795488337152948,2.1821673160865056,1.711214690611704,-1.7763568394002505e-15,0.0203443420107671,-0.0861495575604254,1.4235062649166998,-0.0856818891696496,-0.177120058705825,-0.1771149162987908,0.1983807031608089,-1.3304447010278462,0.6070818240449916,0.6086174997805734,1.482159639710034,0.3424196447239318,-0.0203443420107709,0,0,0.10627245982020218
0.6498673734238385,-0.8586103024340248,0.511629462239294,-0.3331383361589327,0.4462164942538714,0.5182829187117256,0.5111298221904527,0.4882386773936054,0.2654446661363304,0.4710299250971976,-1.7763568394002505e-15,-0.2512625251379037,1.1661152518068747,0.0490502038400611,1.1605438954869085,1.1990446839108642,1.19904989945249,-0.742800638732076,0.7516283835227737,0.7295051293750007,0.7297794745645514,0.0948582926124247,-1.6373245701712584,0.2512625251379026,0,0,0.25771214569330897
0.0717964132531941,0.741739073707783,1.848238579416143,-1.0839052262158466,-1.4735032385111964,1.853159687743108,1.8484322101175292,1.86949336539744,1.0196382117511835,1.7887262384563636,-1.7763568394002505e-15,0.380840729317187,-1.588867328801189,1.663795786083944,-1.5818040264647204,0.6373019024332093,0.6373020244104176,0.6048549073716177,-1.3304447010278462,0.3289158808003106,0.3299449577774231,1.7252338073638886,1.871364960469828,-0.380840729317192,1,0,0.4410156709772876
-0.7953100270027725,1.4276030920542722,-0.7203836571262066,1.2837306473549408,-0.7744823581046493,-0.7118976331407177,-0.7214727346533653,-0.719130070119675,0.043426151968644,-0.7433176578024193,-1.7763568394002505e-15,0.6820774365184427,-1.5262540883328224,-0.3757816695836272,-1.5333713457416212,0.2129882379096586,0.2129934010485199,-0.287936648305694,0.7516283835227737,-0.7274584136452324,-0.7271932722127877,-0.333755303455708,1.033187539618098,-0.682077436518448,1,0,0.43167585773992473
-1.0843455070880947,0.8560497434321979,-0.7904807747785566,-1.6692857868689177,0.4055035308343388,-0.7904197960249194,-0.7904794415036949,-0.785889850843727,-1.529669852938077,-0.8208292056470788,-1.7763568394002505e-15,0.6326943697641384,-0.320949209316795,-0.1431814130937344,-0.3213333357131333,0.2238498980373844,0.2238601254647625,-0.6387625983685953,0.7516283835227737,-1.2954015827019765,-1.2966545536974858,-0.0986309007084928,-0.2369340735744007,-0.6326943697641436,0,0,0.09196420212646933
-1.6624164672587392,-1.544474320780514,-0.7904807747785566,-1.02297342064601,0.7194763843239536,-0.7904197960249194,-0.7904794415036949,-0.785889850843727,-1.1983155880747465,-0.8208292056470788,-1.7763568394002505e-15,0.3759024226417571,1.1348086315726928,-0.1258805675696929,1.1344960671988549,-2.8412650166084816,-2.8412549520728905,-0.512949154208106,0.7516283835227737,-1.326196723424164,-1.3269450473934803,-0.0821924037828994,-1.4384931165540793,-0.3759024226417615,0,0,0.18456210196309328
1.6614915537224662,0.0558750553612939,-0.7904807747785566,-1.6953994178274194,-1.6211739871854325,-0.7904197960249194,-0.7904794415036949,-0.785889850843727,-1.543057904043666,-0.8208292056470788,-1.7763568394002505e-15,0.1042955554930861,1.0721953911043265,-0.2200740598672527,1.0648995259917118,1.0810348987002751,1.0810451716816991,-0.43552549626319,0.7516283835227737,-1.1507653889821925,-1.1512601839567116,-0.1758379395475496,-1.2979398476177972,-0.1042955554930881,0,0,0.23378665583278346
-1.0843455070880947,0.9703604131566128,-0.7904807747785566,-1.5757119426009547,-0.3100785550310008,-0.7904197960249194,-0.7904794415036949,-0.785889850843727,-1.4816960031430493,-0.8208292056470788,-1.7763568394002505e-15,-2.019176314941999,-0.7748952027124434,-0.2969667066407709,-0.7739143522180625,0.6644940305851448,0.6644941540074458,-0.7113472776919533,0.7516283835227737,-1.0036050033999335,-1.0028367648463383,-0.2543923961673929,0.2241492111068163,2.019176314941995,1,0,0.23462441120474717
-0.6507922869601114,0.0558750553612939,-0.0605075047678257,-0.026303172396542,-0.6682146230773954,-0.0575462757723952,-0.0599601655364128,-0.0802544941208989,-0.0647939278015345,-0.097388092430281,-1.7763568394002505e-15,0.6030645297115591,-1.6045206389182798,0.2508934016205465,-1.6078518547527738,0.5684607511807751,0.5684760606333583,-0.7960294035692055,-1.3304447010278462,-0.6933818235018279,-0.6938737291471936,0.2983183775111611,0.5892448974900857,-0.6030645297115611,1,1,0.5036875581828438
0.5053496333811774,-0.0584356143631209,1.1616899241123757,-0.0524168033550435,-0.5302045775874552,1.172634276080048,1.160744683229762,1.1507906872538185,0.9627389945524302,1.1169594904693358,-1.7763568394002505e-15,-0.2660774451641989,1.1191553214556018,0.7026377014149662,1.1165881852508177,-0.3331583136410016,-0.3331582432377151,-0.360521327629053,-1.3304447010278462,0.7337962555412072,0.7328085239341513,0.7544192963073351,-1.2927976548518356,0.2660774451641938,0,0,0.1605269670935122
1.227938333594483,0.9703604131566128,-0.7904807747785566,0.4023956025055213,0.0542679650624413,-0.7904197960249194,-0.7904794415036949,-0.785889850843727,-0.4675511318946737,-0.8208292056470788,-1.7763568394002505e-15,-0.0685451781469816,0.3834497459523111,-1.1716205636895412,0.3791090468453044,0.3706468803697177,0.3706571155984408,0.1403129597021215,0.7516283835227737,0.6510027624520462,0.6510241909549656,-1.1376247514728346,0.054456849830086,0.0685451781469768,0,0,0.07724719905238626
-0.7953100270027725,-0.4013676235363654,-0.7548040117613225,-1.0730245466498043,0.260592983069902,-0.7642457417301824,-0.7547863172707658,-0.7518630633816616,-1.1938529043728834,-0.7949920230321893,-1.7763568394002505e-15,-0.0290387247435371,-1.651480569269553,-0.4680528457118491,-1.6473305945018548,0.0492278236762125,0.0492329781122268,-0.4863347717895413,0.7516283835227737,-0.6161415525101108,-0.6151184455376077,-0.4269966138861223,1.1326032664266874,0.0290387247435333,1,0,0.4751210420989996
0.0717964132531941,-0.0584356143631209,1.840673953948806,-0.3048485692872231,-1.3630952021192442,1.853159687743108,1.841293585270944,1.8614718413569529,1.4123543775151317,1.7887262384563636,-1.7763568394002505e-15,0.4154088760452016,-0.1957227283800647,1.6561065214065924,-0.1971991540278786,-0.6290056297074573,-0.6290106387378969,0.6411472470332967,-1.3304447010278462,0.3321973302215276,0.3329740071470225,1.717284042457249,0.7109434596178414,-0.4154088760452049,0,0,0.12193499844777883
0.2163141532958551,-0.6299889629851951,1.6904284515871593,1.2467363368303983,-1.5859814255854974,1.6961153619747042,1.691382463492641,1.702464534167302,2.080641261869121,1.6337031427670443,-1.7763568394002505e-15,-0.1821262316818799,-2.0428133221968343,1.3081672947564225,-2.04944394369868,0.0508988483112456,0.0509040028360666,-0.0193733348092669,-1.3304447010278462,0.6320713234834882,0.6328498947373692,1.3647995510035442,1.8593665106825843,0.1821262316818766,1,1,0.6503848190786795
-1.228863247130756,1.7705351012275166,-0.7904807747785566,-0.3723087825966854,-0.771032106967401,-0.7904197960249194,-0.7904794415036949,-0.785889850843727,-0.8647299813604844,-0.8208292056470788,-1.7763568394002505e-15,0.5586197696326847,0.8530490494650503,-0.0912788765216097,0.8601798755402915,-0.3167772085066448,-0.3167720735215172,-0.6290846411254801,0.7516283835227737,-1.3940974845247258,-1.393584133524668,-0.0459468654797471,-1.2619444982560664,-0.5586197696326873,0,0,0.2022449425215441
1.227938333594483,-1.544474320780514,-0.7904807747785566,-0.6095075971364059,1.484742086565671,-0.7904197960249194,-0.7904794415036949,-0.785889850843727,-0.9863381122362522,-0.8208292056470788,-1.7763568394002505e-15,0.5635580763081146,0.6182493977086807,-1.1523974019961614,0.6229004397288045,0.1284749010649985,0.1284800597125048,0.5661430783991606,0.7516283835227737,0.6126350461424352,0.6116465491501729,-1.1171440012048826,-0.0415307484678629,-0.5635580763081178,0,0,0.20707429912701655
1.5169738136798052,-0.9729209721584398,-0.7904807747785566,0.7353443972264135,-1.2678682707311852,-0.7904197960249194,-0.7904794415036949,-0.785889850843727,-0.2968534802984123,-0.8208292056470788,-1.7763568394002505e-15,-0.093236711524131,-0.3522558295509769,-1.2331346811083554,-0.3567421022922062,-0.2139079192316765,-0.2139179699135399,0.6024354180608397,0.7516283835227737,0.7683776840571068,0.7691571163693446,-1.2002796782793992,0.8463545357881623,0.0932367115241288,0,0,0.18848279144027943
1.372456073637144,-0.8586103024340248,-0.7904807747785566,-0.5877462380043211,1.1969911417191457,-0.7904197960249194,-0.7904794415036949,-0.785889850843727,-0.9751814029815944,-0.8208292056470788,-1.7763568394002505e-15,-4.463638119280059,0.2582232650155808,-1.1581643505041754,0.263521808817067,-0.4479526423569028,-0.4479627054767889,0.3991983159554343,0.7516283835227737,0.6247511670823122,0.6237627466285705,-1.123611606552657,0.2172929540855344,4.4636381192800565,0,0,0.15090835732246777
-0.2172390668321281,-1.0872316418828545,1.5668031018216442,0.7244637176603704,-1.2733886725507833,1.5652450905010378,1.567646299485154,1.57243821705941,1.706891501838092,1.504517229692615,-1.7763568394002505e-15,0.2721979824577186,-2.074119942431019,1.3677590960058992,-2.0722357934507274,0.6401375806017544,0.6401478301522295,0.2564484466194964,-1.3304447010278462,0.3173045982329284,0.3178287602990253,1.425163867582772,1.9947775868529043,-0.2721979824577225,1,1,0.6497828710990883
-1.517898727216078,0.8560497434321979,-0.7904807747785566,-0.0763542984003363,-1.2292254579940023,-0.7904197960249194,-0.7904794415036949,-0.785889850843727,-0.7129987354971408,-0.8208292056470788,-1.7763568394002505e-15,-0.0043471913663822,-1.6358272591524616,-0.254675750915336,-1.6298297098708192,-0.5170216606050241,-0.5170114725503601,-0.7234447242458466,0.7516283835227737,-1.0828646278816303,-1.081592048455924,-0.2120834778507021,0.9132030417456616,0.0043471913663813,1,0,0.41273472814613554
1.0834205935518215,0.3988070645345384,-0.7904807747785566,0.2892365350186823,-0.5943792487402774,-0.7904197960249194,-0.7904794415036949,-0.785889850843727,-0.5255660200188932,-0.8208292056470788,-1.7763568394002505e-15,0.4154088760452016,0.9626222202846896,-1.308105011712536,0.9566382396694896,0.1069794478052304,0.1069896690216688,4.463940358063525,0.7516283835227737,0.9074606556794468,0.9084933873709192,-1.274522398000726,0.8806358208945724,-0.4154088760452049,1,1,0.6857012882236807
0.5053496333811774,-0.0584356143631209,1.1263010880160436,-1.7323937283519633,0.7374176902376451,1.1202861674905833,1.1274311006123618,1.1141763113915963,0.071317925105288,1.065285125239566,-1.7763568394002505e-15,-0.0882984048487011,0.3677964358352201,0.583454098916013,0.3620151595312692,0.1986072986263232,0.1985922061557923,-0.5081101755865489,-1.3304447010278462,0.903421948699488,0.9024352886317204,0.6343643720392728,-0.7751502497450413,0.0882984048486985,0,0,0.11554343353898955
-1.228863247130756,0.5131177342589534,-0.7904807747785566,-1.3298085844084009,1.608951127506617,-0.7904197960249194,-0.7904794415036949,-0.785889850843727,-1.3556251885654185,-0.8208292056470788,-1.7763568394002505e-15,0.0005911153090476,0.399103056069402,-0.2758212287780535,0.3929469556233329,-2.4777158842680302,-2.4777007367007786,0.2298340642009316,0.7516283835227737,-1.043234815640782,-1.0422144066511312,-0.2332379370090474,-0.506042161659721,-0.0005911153090491,0,0,0.14392175493815776
-0.3617568068747892,-0.5156782932607803,1.005790584031197,0.8463273288000438,0.8236739686688578,1.015589950311654,1.0060744782204027,0.9902308270240734,1.290746246639363,0.961936394780026,-1.7763568394002505e-15,0.4154088760452016,0.7278225685283201,1.2774102360470152,0.7213937904430068,0.3487716487838034,0.3487717554274245,0.0943426627973281,-1.3304447010278462,-0.6065496234327079,-0.6060312974288093,1.3348868762700878,-0.461476491021388,-0.4154088760452049,0,0,0.0773595251407415
-1.373380987173417,1.3132924223298572,-0.7904807747785566,-0.6203882767024474,1.1390269226133716,-0.7904197960249194,-0.7904794415036949,-0.785889850843727,-0.9919164668635808,-0.8208292056470788,-1.7763568394002505e-15,0.2672596757822887,0.946968910167596,-0.2854328096247432,0.9468703040614698,-0.4412685438167634,-0.4412583517362927,-0.6169871945715868,0.7516283835227737,-1.026575149348451,-1.027069159803134,-0.2421308943622373,-1.20709444208581,-0.2672596757822922,0,0,0.15164540991397446
0.6498673734238385,-1.2015423116072694,0.4533635235185579,-0.6704394027062418,0.8071127632100653,0.4659348101222609,0.4540208234177663,0.4297591795500559,0.043426151968644,0.4193555598674277,-1.7763568394002505e-15,0.2425681424051393,0.8530490494650503,0.0298270421466815,0.858958883589289,-0.0667311585732006,-0.0667260102996815,-0.9508767194590376,0.7516283835227737,0.6815454839879865,0.68131468465096,0.0743775423444724,-1.428208731022156,-0.2425681424051399,0,0,0.1546203538068929
0.3608318933385163,-0.9729209721584398,1.379598252886018,0.7396966690528296,-1.6011625305893913,1.3820267104379067,1.3796625118583938,1.3766871545875292,1.5551602559747488,1.3236569513884158,-1.7763568394002505e-15,-0.2463242184624738,1.1974218720410563,0.844889097945975,1.1922896862129737,0.4663257000030183,0.4663207491826225,6.501150357739126,-1.3304447010278462,0.8892864742696311,0.890319091153323,0.8983235152953155,0.6800903030220723,0.2463242184624721,1,1,2.536192034521497
0.7943851134664996,1.7705351012275166,-0.2001258862307215,1.6754351117324615,-0.8607386365358619,-0.1884165472460616,-0.2003531208526005,-0.2168791616491913,0.6882839468878532,-0.2265740055047105,-1.7763568394002505e-15,0.2820745958085783,-0.6496687217757131,-0.7890796459912878,-0.6542571410198167,0.6247438991153698,0.6247338930026288,-0.1185723965511905,0.7516283835227737,1.006408976688444,1.005422967198102,-0.7518590408337075,0.6063855400432904,-0.2820745958085834,0,0,0.1553162834715393
0.3608318933385163,-0.5156782932607803,1.4263471147706692,0.219600185796012,-1.3417036450683033,1.4343748190273808,1.4272533441689663,1.425463195930489,1.3275633871797332,1.3753313166181949,-1.7763568394002505e-15,0.4302237960714913,0.9000089798163232,1.3139342432644363,0.90332159114238,-1.3198477235191173,-1.3198527692635154,0.2903212969703972,-1.3304447010278462,0.1539893847308337,0.1542600943406545,1.37113241457324,-0.53518125400017,-0.4302237960714963,0,0,0.12435718336105657
-1.0843455070880947,1.7705351012275166,-0.7904807747785566,-1.423382428676364,0.735347539555296,-0.7904197960249194,-0.7904794415036949,-0.785889850843727,-1.4035990383604462,-0.8208292056470788,-1.7763568394002505e-15,-5.238952267322639,0.0390769233763048,-0.2508311185766601,0.0433362603196152,-2.972972140115345,-2.9729620825791674,-0.5589194511129002,0.7516283835227737,-1.0909420418415483,-1.090679196564723,-0.2077717409521858,-0.4511921054894646,5.238952267322633,1,1,0.6505654946001961
-0.2172390668321281,-0.5156782932607803,1.42252553927506,1.5426908210267467,0.4158542842460847,1.4343748190273808,1.4224942609379092,1.4214524339102463,2.003659968011984,1.3753313166181949,-1.7763568394002505e-15,0.5684963829835444,-0.3992157599022525,0.9583057519369144,-0.4047677856983047,-1.4196028305196993,-1.419597754142894,-0.1959960544961065,-1.3304447010278462,0.8299679655014826,0.8297381037613335,1.0125845431059963,0.2001523115323291,-0.5684963829835482,1,0,0.14824043017034114
0.3608318933385163,-0.74429963270961,1.4867332426362303,0.0977365746563386,-0.1886297149998531,1.4867229276168454,1.4867418845571814,1.4886003528943217,1.317522348850542,1.4270056818479648,-1.7763568394002505e-15,0.4549153294486462,0.8373957393479594,1.1601489497173998,0.8373880257882447,1.1693713373614525,1.1693562964809867,-0.249224819333236,-1.3304447010278462,0.5671995926178954,0.5662108086061809,1.2156404026704972,-0.7322986433620285,-0.4549153294486484,0,0,0.08786856880216602
0.0717964132531941,-0.8586103024340248,1.8296803806052704,-1.5213085447707435,-1.2257752068567536,1.8269856334483705,1.8293958771933003,1.8498276935562457,0.7797689627760456,1.762889055841474,-1.7763568394002505e-15,-0.0981750181995609,1.306995042860696,1.465797220642135,1.3005509725351956,-2.6829480917164386,-2.6829532099011404,0.1403129597021215,-1.3304447010278462,0.6181882682398789,0.6177046478893716,1.5243338162486464,-0.8162877918727339,0.0981750181995594,0,0,0.23160497178911169
-0.5062745469174503,-1.0872316418828545,0.6029546465145178,0.0324524972600858,-1.3141016359703157,0.5968050815959273,0.6039319451960684,0.5803568244391963,0.5309743463971816,0.5485414729418572,-1.7763568394002505e-15,0.4499770227732163,-0.0078830069749707,0.6757252750442349,-0.0087593962564917,0.0390750830906177,0.0390650458532263,-0.6508600449224877,-1.3304447010278462,-0.2440756719813819,-0.2425453730768743,0.7267972318012152,-0.4443358484681827,-0.449977022773218,0,0,0.16671724815194874
-1.0843455070880947,1.5419137617786869,-0.7904807747785566,-1.1165472649139732,1.0320691373586672,-0.7904197960249194,-0.7904794415036949,-0.785889850843727,-1.246289437869774,-0.8208292056470788,-1.7763568394002505e-15,-0.0191621113926773,0.5399828471232233,-0.2585203832540119,0.5419079736456385,-0.4183046143625684,-0.4182994847729916,-0.5177881328296641,0.7516283835227737,-1.0763017290391967,-1.0755339497167251,-0.2155867640807465,-0.8557112697451057,0.0191621113926725,0,0,0.13503295927423406
1.6614915537224662,-0.0584356143631209,-0.7904807747785566,1.5622760442456218,0.0694490700663346,-0.7904197960249194,-0.7904794415036949,-0.785889850843727,0.127101471378576,-0.8208292056470788,-1.7763568394002505e-15,0.0598507954142117,1.1348086315726928,-0.0643664501508783,1.136124056466858,0.9141603021924428,0.9141655025942388,-0.6556990235440449,0.7516283835227737,-1.4435716450292246,-1.4450779728078589,-0.0195374769763349,-1.519054136554143,-0.0598507954142143,0,0,0.26445064391039724
-1.228863247130756,0.2844963948101236,-0.7904807747785566,0.3001172145847247,-0.5005324178071181,-0.7904197960249194,-0.7904794415036949,-0.785889850843727,-0.5199876653915643,-0.8208292056470788,-1.7763568394002505e-15,-0.1080516315504262,0.0234236132592111,-0.1412590969243965,0.0286843569075851,-0.4224821759501547,-0.4224821102938754,-0.5419830259374497,0.7516283835227737,-1.2984306129369456,-1.299683603067085,-0.0970139993715491,-0.5043280974044009,0.1080516315504202,0,0,0.036386170068839936
1.0834205935518215,1.5419137617786869,-0.7904807747785566,-1.0316779642988436,-1.0146198372571456,-0.7904197960249194,-0.7904794415036949,-0.785889850843727,-1.2027782717766091,-0.8208292056470788,-1.7763568394002505e-15,0.1833084622999697,-1.541907398449916,-1.490725047799642,-1.5447672706176443,1.1889932175455775,1.188993368841746,0.921808007083618,0.7516283835227737,1.254032198397184,1.2538050155052578,-1.4595228593026897,2.101049570682776,-0.183308462299975,1,0,0.15336738481855564
-1.373380987173417,1.0846710828810275,-0.7904807747785566,-1.1296040803932237,1.5571973604478897,-0.7904197960249194,-0.7904794415036949,-0.785889850843727,-1.2529834634225685,-0.8208292056470788,-1.7763568394002505e-15,0.7018306632201677,0.0860368537275777,-0.1335698322470447,0.0815940081176936,-0.3926569180702839,-0.3926669782515471,-0.5976312800853583,0.7516283835227737,-1.3110515722493177,-1.311799800545483,-0.0902769104676175,-0.5694625391065801,-0.7018306632201696,0,0,0.15066957283862792
-1.517898727216078,-0.4013676235363654,-0.7904807747785566,-0.2199792686720937,-0.3728731257289233,-0.7904197960249194,-0.7904794415036949,-0.785889850843727,-0.786633016577881,-0.8208292056470788,-1.7763568394002505e-15,-0.1179282449012859,0.2582232650155808,-0.2412195377299702,0.2659637927190721,0.6029193046396061,0.6029194247895939,-0.6871523845841676,0.7516283835227737,-1.110630738368849,-1.1118825421519187,-0.1972618822620524,-0.6825907799577339,0.1179282449012811,0,0,0.033288845962879746
1.372456073637144,-0.6299889629851951,-0.7904807747785566,-0.7400757519289121,0.6780733706769709,-0.7904197960249194,-0.7904794415036949,-0.785889850843727,-1.0532783677641977,-0.8208292056470788,-1.7763568394002505e-15,0.0154060353353373,-1.557560708567007,-1.6291318119919749,-1.5569771901276694,-0.0224996428549209,-0.0225096833646256,0.9048715819081676,0.7516283835227737,1.5165481520945234,1.5173323106604109,-1.5996543085044683,2.1953231047254045,-0.0154060353353403,1,0,0.19828635599700128
0.2163141532958551,1.7705351012275166,1.6388895327456814,0.7853955232302071,-1.4521116814602557,1.6437672533852394,1.6390325479510124,1.6482545571840117,1.8006078595772157,1.5820287775372746,-1.7763568394002505e-15,0.2079999956771246,-1.8706269109088316,1.2774102360470152,-1.871993113486316,-0.45889025814986,-0.4588800670058753,-0.1379283110374199,-1.3304447010278462,0.6247511670823122,0.6237627466285705,1.3343479091577732,1.6571069285547642,-0.207999995677127,1,1,0.6865996121179373
-1.228863247130756,-1.2015423116072694,-0.7904807747785566,-0.2395644918909696,-1.5652799187620066,-0.7904197960249194,-0.7904794415036949,-0.785889850843727,-0.7966740549070728,-0.8208292056470788,-1.7763568394002505e-15,-0.0389153380943968,-2.0115067019626527,-0.1893170011578454,-2.013221182485606,1.3021418401815197,1.3021470612021169,-0.3847162207368395,0.7516283835227737,-1.2083169634466089,-1.2088121219791017,-0.1451168141456213,1.2902971779161747,0.0389153380943942,1,1,0.6067616336164171
-0.5062745469174503,-1.2015423116072694,0.4416108701108263,0.0629184000450034,-1.0242805404414412,0.4397607558275239,0.4421231153401231,0.4179856523293414,0.4093662155214133,0.3935183772525381,-1.7763568394002505e-15,0.6129411430624189,-1.8236669805575585,0.8525783626233269,-1.822746438129215,-2.243088834376048,-2.243078738051112,-0.3750382634937244,-1.3304447010278462,-0.8814341172561719,-0.88167479006236,0.9064080219800336,1.2765846638736102,-0.6129411430624219,1,1,1.0935379878533127
1.6614915537224662,1.1989817526054425,-0.7904807747785566,1.444764704932366,1.6386232872869546,-0.7904197960249194,-0.7904794415036949,-0.785889850843727,0.066855241403425,-0.8208292056470788,-1.7763568394002505e-15,0.4055322626943419,0.8060891191137748,-0.1700938394644658,0.8023862565261728,-2.1621960509072986,-2.162201141417269,-0.4887542611003203,0.7516283835227737,-1.2441604878937456,-1.2451607144142949,-0.1259834816584553,-1.1231052935751051,-0.405532262694344,0,0,0.3256121724697574
-0.7953100270027725,-1.430163651056099,-0.7904807747785566,0.3893387870262701,0.2633531839797008,-0.7904197960249194,-0.7904794415036949,-0.785889850843727,-0.4742451574474685,-0.8208292056470788,-1.7763568394002505e-15,0.7018306632201677,0.5712894673574079,-0.6487505656296169,0.5760957482737088,0.873524021294997,0.8735140284033739,0.0072410476092978,0.7516283835227737,-0.3374707708929351,-0.3364459035344576,-0.6099759485169065,-0.4837593263405545,-0.7018306632201696,0,0,0.17271665367778266
-1.373380987173417,-1.430163651056099,-0.7904807747785566,0.4981455826866923,0.6401206081672376,-0.7904197960249194,-0.7904794415036949,-0.785889850843727,-0.4184616111741805,-0.8208292056470788,-1.7763568394002505e-15,0.6672625164921531,-1.7923603603233766,-0.252753434745998,-1.7897796554521472,-0.4204820100991297,-0.4204768806252677,-0.6968303418272819,0.7516283835227737,-1.0874081732340843,-1.087650147195123,-0.2096581258452866,1.0537563106819436,-0.6672625164921567,1,0,0.4567597967988024
-0.9398277670454336,-0.8586103024340248,-0.7904807747785566,0.2827081272790567,-1.169191088205878,-0.7904197960249194,-0.7904794415036949,-0.785889850843727,-0.5289130327952906,-0.8208292056470788,-1.7763568394002505e-15,-0.261139138488769,1.2600351125094231,-0.2835104934554053,1.2610722327861146,0.4163215537273471,0.4163317913833932,-0.6169871945715868,0.7516283835227737,-1.028846922024678,-1.030098209172733,-0.2409182183595295,-1.4727744016604891,0.2611391384887635,0,0,0.17464605331535107
-0.5062745469174503,1.3132924223298572,0.6101266443624431,0.7897477950566247,1.4647306299696303,0.6229791358906549,0.6110705700426541,0.5876020719596361,0.9259218540120604,0.5743786555567375,-1.7763568394002505e-15,0.0549124887387818,0.6182493977086807,0.6776475912135728,0.6135395014377851,-1.669041235131314,-1.6690462994331747,0.3048382328350678,-1.3304447010278462,-0.2551821161762693,-0.2546615705552721,0.7285488749162374,-0.6963032940002977,-0.0549124887387838,0,0,0.178447888892746
-1.0843455070880947,-0.0584356143631209,-0.7904807747785566,0.1347308851808825,1.281177269468009,-0.7904197960249194,-0.7904794415036949,-0.785889850843727,-0.6047786557269622,-0.8208292056470788,-1.7763568394002505e-15,-3.643879211158611,0.9313156000505052,-0.0682110824895542,0.936695371136449,-0.5268199414195499,-0.5268249450194552,-0.8395802111632207,0.7516283835227737,-1.437766003745533,-1.4390198740686602,-0.0226365378721435,-1.4007837029370278,3.643879211158605,0,0,0.13003836645062758
1.6614915537224662,-0.9729209721584398,-0.7904807747785566,-0.931575712291255,0.0218356043723054,-0.7904197960249194,-0.7904794415036949,-0.785889850843727,-1.1514574092051844,-0.8208292056470788,-1.7763568394002505e-15,0.6623242098167231,0.8373957393479594,-0.2508311185766601,0.8337250499352375,-0.1497760192234303,-0.1497607479406631,-0.3822967314260606,0.7516283835227737,-1.0904372034690537,-1.090679196564723,-0.208041224508343,-1.0682552374048488,-0.6623242098167262,0,0,0.11504220851970398
0.3608318933385163,-0.74429963270961,1.424017524228825,0.7592818922717063,1.2038916439936431,1.4343748190273808,1.4248738025534378,1.42300498695034,1.6031341057697766,1.3753313166181949,-1.7763568394002505e-15,0.7018306632201677,0.4773696066548595,0.98137354596897,0.4702764458534912,0.5016197657793695,0.5016350716797692,-0.2056740117392208,-1.3304447010278462,0.8004349207105318,0.799447610065339,1.0362990960478362,-0.5248968684682466,-0.7018306632201696,0,0,0.15251534119337826
1.5169738136798052,1.0846710828810275,-0.7904807747785566,-1.6127062531254988,-0.4197965411955029,-0.7904197960249194,-0.7904794415036949,-0.785889850843727,-1.5006624088759677,-0.8208292056470788,-1.7763568394002505e-15,0.1783701556245398,-1.6984404996208282,-1.4522787244128823,-1.6925072966889476,0.4004974568046656,0.400492502485906,0.766960691193786,0.7516283835227737,1.181840311130416,1.1811078306348706,-1.4209867107722003,2.1576136911083523,-0.1783701556245444,1,0,0.225254237108142
-1.228863247130756,-0.4013676235363654,-0.7904807747785566,0.6678841839169513,0.7788207038846278,-0.7904197960249194,-0.7904794415036949,-0.785889850843727,-0.3314392789878512,-0.8208292056470788,-1.7763568394002505e-15,-0.1475580849538652,1.0565420809872357,-0.0816672956749199,1.0624575420897069,-0.6387279548567517,-0.6387127095587359,-0.5806948549099078,0.7516283835227737,-1.4092426356995724,-1.4087293803726657,-0.0378623587950291,-1.423066538256195,0.1475580849538635,0,0,0.11664622305595133
0.9389028535091608,1.4276030920542722,-0.6913553884643484,1.124872725690725,-1.643255594463823,-0.6857235788459901,-0.6905386936514935,-0.6913134948179867,-0.0134730652301095,-0.7174804751875389,-1.7763568394002505e-15,0.045035875387922,0.4460629864206776,-1.340784386591281,0.4426006282974348,-2.0102340833394035,-2.0102492931961096,0.5540456318452665,0.7516283835227737,1.1470064634282693,1.1477882875692769,-1.307264650073834,0.2275773396174573,-0.0450358753879229,0,0,0.2483993868612726
0.7943851134664996,-0.9729209721584398,-0.0398552919867562,0.0259240895204603,1.470251031789228,-0.0313722214776675,-0.0409238326121839,-0.059941925179666,-0.0212827617083698,-0.0715509098154006,-1.7763568394002505e-15,0.4450387160977864,0.4930229167719505,-0.5276446469613258,0.4951032821905422,0.3532277144772309,0.3532379487802324,-0.3290679665889311,0.7516283835227737,0.8128034608366563,0.8115638075437371,-0.4872261886872714,-0.5883172459151056,-0.4450387160977875,0,0,0.1583790937535534
0.0717964132531941,-0.6299889629851951,1.7478306095451892,1.4556453844984076,-1.2216349054920557,1.7484634705641688,1.748491462265328,1.7631434821509848,2.235719520508862,1.6853775079968143,-1.7763568394002505e-15,-0.1920028450327397,0.7278225685283201,1.373526044513913,0.7323827180020291,0.2160011459637365,0.2159911181288628,0.1306350024590072,-1.3304447010278462,0.6202076217298584,0.6207336972589711,1.4313619893743892,-0.3980561135745289,0.1920028450327374,0,0,0.13245141171970984
1.5169738136798052,-0.1727462840875357,-0.7904807747785566,0.028100225433669,1.2632359635543176,-0.7904197960249194,-0.7904794415036949,-0.785889850843727,-0.6594465310747842,-0.8208292056470788,-1.7763568394002505e-15,0.3018278225103034,0.0077703031421202,-1.434977878888841,0.0038575205705339,0.608185564095473,0.6081856845253315,0.68953703324887,0.7516283835227737,1.1490258169182488,1.1477882875692769,-1.4034702796219785,0.6955168813199569,-0.3018278225103051,0,0,0.07755151269882322
-1.228863247130756,-0.8586103024340248,-0.7904807747785566,-1.205768837355519,-1.248546864362594,-0.7904197960249194,-0.7904794415036949,-0.785889850843727,-1.2920319458138705,-0.8208292056470788,-1.7763568394002505e-15,-0.1920028450327397,0.5086762268890413,-0.0951235088602855,0.5121971695045774,0.2634481181767039,0.2634583477084797,-0.7331226814889609,0.7516283835227737,-1.3834958787023333,-1.38449698541587,-0.0516060201590497,-0.9962645386813872,0.1920028450327374,0,0,0.13010644112877426
-0.2172390668321281,-0.74429963270961,1.5734254210023926,-0.4550019472986061,-0.6288817601127624,1.5652450905010378,1.572405382716211,1.579424705739834,1.1077762148629786,1.504517229692615,-1.7763568394002505e-15,-0.0487919514452566,0.399103056069402,1.1466927365320343,0.3925399583063318,-0.5963446936590414,-0.5963497009537567,-0.1814791186314351,-1.3304447010278462,0.718903523552608,0.7176632770861539,1.2018967413064765,-0.3466341859149135,0.0487919514452551,0,0,0.07979349950009647
-0.2172390668321281,0.1701857250857087,1.4206409267018825,-1.6409960199972082,0.8209137677590594,1.4082007647326438,1.4201147193223802,1.4195117426101285,0.369202062204646,1.349494134003305,-1.7763568394002505e-15,0.3759024226417571,-0.0548429373262435,1.0025190238316877,-0.0539360984435844,0.0950037712541433,0.0949988007002979,-0.4548814107494194,-1.3304447010278462,0.7257188415812889,0.726750425194952,1.0571840716500245,-0.1409464752764523,-0.3759024226417615,0,0,0.062487070983173354
-1.6624164672587392,-0.1727462840875357,-0.7904807747785566,0.0411570409129194,0.1936581110072811,-0.7904197960249194,-0.7904794415036949,-0.785889850843727,-0.6527525055219898,-0.8208292056470788,-1.7763568394002505e-15,-0.1228665515767158,0.211263334664308,-0.1335698322470447,0.21142615224096,0.2891211330240619,0.2891212364976305,-0.4452034535063051,0.7516283835227737,-1.3123136681805547,-1.311799800545483,-0.0896032015772243,-0.6363110450640801,0.1228665515767114,0,0,0.020269366271209403
0.7943851134664996,0.1701857250857087,-0.0929647213058817,-0.6182121407892395,-0.9980586317983524,-0.0837203300671322,-0.0932737481538132,-0.1120818314428306,-0.396148192664865,-0.1232252750451706,-1.7763568394002505e-15,0.2178766090279844,0.6182493977086807,-0.9178748293369308,0.6147604933887877,0.0126171930358938,0.0126122181037146,0.3314526152536343,0.7516283835227737,1.447132875876477,1.447664175159623,-0.8820195984576671,-0.2523606518722853,-0.2178766090279879,0,0,0.12796982923429215
-1.0843455070880947,-0.6299889629851951,-0.7904807747785566,0.1412592929205081,-0.1327356465764276,-0.7904197960249194,-0.7904794415036949,-0.785889850843727,-0.6014316429505648,-0.8208292056470788,-1.7763568394002505e-15,0.2277532223788441,0.2425699548984898,-0.1720161556338038,0.238287975163015,-0.4143042826605149,-0.4142991528583452,-0.4210085603985186,0.7516283835227737,-1.2413838768450236,-1.2421316650446954,-0.1274656412173203,-0.6277407237874775,-0.2277532223788487,0,0,0.02340992960214941
-0.7953100270027725,1.6562244315031018,-0.6966427737390962,0.463327408075358,0.9672044159783956,-0.6857235788459901,-0.6976773184980792,-0.6964886716183009,-0.3570997102735633,-0.7174804751875389,-1.7763568394002505e-15,0.6376326764395683,0.0234236132592111,-0.4815090588972148,0.0254283783715782,0.119309584127383,0.1193046148652394,-0.1185723965511905,0.7516283835227737,-0.485388414033936,-0.4848693226448308,-0.4399318245816711,-0.1649433748509395,-0.6376326764395742,0,0,0.21673236468016532
-0.3617568068747892,1.0846710828810275,1.0902316973793975,-1.5191324088575355,0.3102765994462804,1.0941121131958464,1.089358434763904,1.0770444178493426,0.150530560813357,1.0394479426246763,-1.7763568394002505e-15,0.6820774365184427,1.244381802392332,1.4638749044727968,1.243164350838078,0.9244143169983424,0.924424581656358,5.327698042011493,-1.3304447010278462,-0.7733987055422669,-0.7726290127567794,1.5224474313555452,0.7023731383412394,-0.682077436518448,1,1,1.6328299775534372
-0.9398277670454336,0.8560497434321979,-0.7904807747785566,-0.8227689166308327,1.4709410820166768,-0.7904197960249194,-0.7904794415036949,-0.785889850843727,-1.0956738629318965,-0.8208292056470788,-1.7763568394002505e-15,0.0796040221159312,0.1486500941959414,-0.2931220743020951,0.1422366083508179,0.6083881125360865,0.6083983603992748,-0.2830976696841369,0.7516283835227737,-1.0091582254973774,-1.0088948635855373,-0.2514280770496629,-0.4289092701702981,-0.079604022115936,0,0,0.11877481338446612
0.5053496333811774,-0.74429963270961,1.1198096447084325,1.03347501733597,-0.8517679835790161,1.1202861674905833,1.1202924757657755,1.1075779609711955,1.4848729876704057,1.065285125239566,-1.7763568394002505e-15,0.1684935422736801,-1.557560708567007,0.8833354213327342,-1.5643031418336848,1.2066908875439022,1.2066859760693098,-0.4331060069524118,-1.3304447010278462,0.3440610319751573,0.3450902046254203,0.9365901802696476,1.060612567703226,-0.1684935422736836,1,0,0.42883637371026057
-0.6507922869601114,0.3988070645345384,-0.1040368201732992,-0.137286103970173,1.6731257986594397,-0.1098943843618599,-0.1051714562314563,-0.1229497027234902,-0.1596259564661243,-0.149062457660051,-1.7763568394002505e-15,0.6475092897904335,0.0703835436104867,0.3277860483940648,0.0624651342186544,0.4362219380173099,0.4362220493083702,-1.074270674308747,-1.3304447010278462,-0.919296995193288,-0.9180233824975536,0.3761991252406112,-0.8471409484685031,-0.6475092897904351,0,0,0.19111081728824406
-0.9398277670454336,-1.430163651056099,-0.7904807747785566,-1.473433554680158,0.0867003257525772,-0.7904197960249194,-0.7904794415036949,-0.785889850843727,-1.429259469646159,-0.8208292056470788,-1.7763568394002505e-15,0.6030645297115591,0.0703835436104867,-0.1816277364804936,0.0775240349476855,-0.2945981542598122,-0.2946132729411455,-0.8008683821907626,0.7516283835227737,-1.2206855035727335,-1.2209283194574994,-0.1385144670197682,-0.5934594386810673,-0.6030645297115611,0,0,0.13414302155601507
0.0717964132531941,1.6562244315031018,1.861771144698542,0.3828103792866453,-0.7703420567399509,1.853159687743108,1.8627094598107008,1.883854481018311,1.7838727956952294,1.7887262384563636,-1.7763568394002505e-15,0.4746685561503657,0.0234236132592111,1.3965938385459684,0.0299053488585874,-0.1652456563750464,-0.1652455770482446,5.859985690382789,-1.3304447010278462,0.8738889039085372,0.8751738443053255,1.4544028334258357,1.831941482597456,-0.47466855615037,1,1,2.071460929822275
0.6498673734238385,0.3988070645345384,0.5868045637693721,0.1782536034450512,-1.0739641568178198,0.5968050815959273,0.5872751538873682,0.5639256380981991,0.5912205763723324,0.5485414729418572,-1.7763568394002505e-15,0.0203443420107671,-0.0704962474433344,0.1874569680323939,-0.0722509777086221,-0.0934928712888393,-0.0934927881488236,-0.8710335722033425,0.7516283835227737,0.6257608438273021,0.6267917959981698,0.2336423240334171,-0.7237283220854258,-0.0203443420107709,0,0,0.09538342124123277
0.9389028535091608,1.0846710828810275,-0.7904807747785566,-0.9946836537743003,0.0929107777996247,-0.7904197960249194,-0.7904794415036949,-0.785889850843727,-1.1838118660436916,-0.8208292056470788,-1.7763568394002505e-15,0.588249609685264,0.4460629864206776,-1.2831149015111425,0.4426006282974348,0.2212927239746805,0.2212978875548752,0.4282321876847789,0.7516283835227737,0.8615203637824127,0.8600285974573285,-1.2499993943904149,0.1538725766386753,-0.5882496096852698,0,0,0.06699265473059399
0.7943851134664996,-0.8586103024340248,-0.1189828448855814,-1.5452460398160364,0.5925071424732083,-0.1098943843618599,-0.1194487059246279,-0.1375695771843776,-0.8937374254225939,-0.149062457660051,-1.7763568394002505e-15,0.6228177564132786,0.3834497459523111,-0.687196889016376,0.3868419958683201,-0.0170308349584405,-0.0170307477549452,0.0846647055542138,0.7516283835227737,0.9723323865450396,0.9721034241325082,-0.6489163223816315,-0.2780716157020933,-0.6228177564132827,0,0,0.13784523266956075
-0.6507922869601114,0.5131177342589534,-0.1115490952913815,-0.30920084111364,-1.079484558637417,-0.1098943843618599,-0.112310081078042,-0.1303243296639378,-0.254457985130714,-0.149062457660051,-1.7763568394002505e-15,0.2573830624314289,-2.0115067019626527,0.1278651667829173,-2.0046742388285885,0.1295129618231285,0.1295130568145148,-0.9411987622159234,0.7516283835227737,-0.5664149728193648,-0.5666536556240164,0.1748949087911329,0.9217733630222644,-0.2573830624314313,1,1,0.6778231658708385
0.7943851134664996,1.6562244315031018,-0.1777461119242393,-1.7062800973934618,1.4005559588168075,-0.1884165472460616,-0.1789372463128431,-0.195143419087872,-1.0265022655530196,-0.2265740055047105,-1.7763568394002505e-15,-0.0636068714715517,1.0721953911043265,-0.8736615574421579,1.0750744589167327,0.7381203887469984,0.738120516082081,0.312096700767404,0.7516283835227737,1.2000144925402318,1.1992821268524676,-0.8374200699136396,-0.672306394425811,0.0636068714715463,0,0,0.258306144184585
-1.6624164672587392,-0.6299889629851951,-0.7904807747785566,-0.9272234404648382,1.606880976824269,-0.7904197960249194,-0.7904794415036949,-0.785889850843727,-1.149226067354253,-0.8208292056470788,-1.7763568394002505e-15,-0.0882984048487011,-0.2270293486142494,-0.1527929939404242,-0.220804998413927,-0.6568813588464537,-0.6568914330695987,-0.5927923014638011,0.7516283835227737,-1.277732239664655,-1.278480257479889,-0.1080628251739971,-0.3020685152765806,0.0882984048486985,0,0,0.13884066700934683
1.6614915537224662,0.6274284039833682,-0.7904807747785566,0.7941000668830407,0.2847447410306417,-0.7904197960249194,-0.7904794415036949,-0.785889850843727,-0.2667303653108373,-0.8208292056470788,-1.7763568394002505e-15,0.2820745958085783,-0.2426826587313403,-0.118191302892341,-0.2505158025549882,1.2038298908202836,1.2038199154823597,-0.890389486689572,0.7516283835227737,-1.3410894554127633,-1.3420902942414774,-0.0742426388762601,-0.3826295352766444,-0.2820745958085834,0,0,0.2953048995724998
-1.517898727216078,-1.2015423116072694,-0.7904807747785566,-0.8292973243704583,0.4827891563087056,-0.7904197960249194,-0.7904794415036949,-0.785889850843727,-1.0990208757082938,-0.8208292056470788,-1.7763568394002505e-15,0.5438048496063951,-0.0704962474433344,-0.0624441339815403,-0.0775419428296331,0.234863469495573,0.2348787612195361,-0.9097454011758006,0.7516283835227737,-1.447862771195431,-1.4481070221774586,-0.0172468667489982,-0.5711766033619009,-0.5438048496063961,0,0,0.10411504499171309
1.5169738136798052,1.0846710828810275,-0.7904807747785566,-1.4429676518952397,-0.5847185455559816,-0.7904197960249194,-0.7904794415036949,-0.785889850843727,-1.413640076689638,-0.8208292056470788,-1.7763568394002505e-15,0.5635580763081146,-0.4618290003706162,-1.6291318119919749,-0.4544214583724066,-0.1579539125130737,-0.1579437053761934,0.6701811187626414,0.7516283835227737,1.514023960232049,1.514303261290811,-1.598306890723682,1.2011658366395075,-0.5635580763081178,0,0,0.07577920609439713
-1.517898727216078,1.0846710828810275,-0.7904807747785566,-1.2797574584046063,-0.5647070889599403,-0.7904197960249194,-0.7904794415036949,-0.785889850843727,-1.329964757279706,-0.8208292056470788,-1.7763568394002505e-15,0.0993572488176562,0.211263334664308,-0.2316079568832805,0.2146821307769666,0.9955847753177935,0.9955899800467924,-0.3290679665889311,0.7516283835227737,-1.1265331471024378,-1.127027788999916,-0.1887731502430985,-0.5420375110214519,-0.0993572488176578,0,0,0.06817895049226895
-0.072721326789467,0.6274284039833682,1.7119182699563078,-0.5964507816571547,-1.2844294761899784,1.722289416269441,1.7127983380323988,1.725235312088684,1.1535187228070751,1.659540325381934,-1.7763568394002505e-15,0.1042955554930861,-0.665322031892804,1.4446517427794174,-0.6644320739448375,1.3133073229701635,1.3133074808728529,0.3387110831859687,-1.3304447010278462,0.4414948378666698,0.4420197844526031,1.5043920330930085,0.8840639494052134,-0.1042955554930881,0,0,0.14582048638817693
-0.6507922869601114,-0.9729209721584398,-0.1154753714855012,1.3947135789285725,0.7229266354612018,-0.1098943843618599,-0.1146896226935707,-0.1342057122641734,0.6168810076580445,-0.149062457660051,-1.7763568394002505e-15,0.1734318489491099,1.1191553214556018,0.3047182543620093,1.1194371664698235,0.2865386404062809,0.2865488711651743,-1.1299189284566555,-1.3304447010278462,-0.9086953893708956,-0.908936234388755,0.3526193140768504,-1.7675934535756173,-0.1734318489491141,0,0,0.11667671643503867
-0.3617568068747892,-0.5156782932607803,1.100466190658736,-1.02297342064601,0.792621708433621,1.0941121131958464,1.101256142841547,1.0876535302899863,0.4138288992232762,1.0394479426246763,-1.7763568394002505e-15,0.6178794497378488,-0.0078830069749707,1.4235062649166998,-0.008352398939491,-0.4257229509999195,-0.4257330129384364,0.0943426627973281,-1.3304447010278462,-0.6827802176794354,-0.6817575316687957,1.482429123266191,0.2481461106813036,-0.6178794497378525,0,0,0.18027676197673767
-1.6624164672587392,1.7705351012275166,-0.7904807747785566,-0.1612235990154658,-0.7296290933204188,-0.7904197960249194,-0.7904794415036949,-0.785889850843727,-0.7565099015903055,-0.8208292056470788,-1.7763568394002505e-15,0.6722008231675829,-1.573214018684098,-0.0874342441829337,-1.5691871096376946,-0.2726216484535929,-0.2726266385444421,-0.8710335722033425,0.7516283835227737,-1.4004079641809115,-1.3996422322638673,-0.0425783210277813,0.7126575238731623,-0.6722008231675871,1,0,0.39139584427221413
1.227938333594483,-1.6587849905049288,-0.7904807747785566,1.4643499281512429,1.0458701419076613,-0.7904197960249194,-0.7904794415036949,-0.785889850843727,0.0768962797326172,-0.8208292056470788,-1.7763568394002505e-15,0.2277532223788441,0.0547302334933958,-1.1696982475202031,0.0526971986106345,0.7610336810910391,0.7610490007776756,0.5225922708051455,0.7516283835227737,0.6467116362858397,0.6479951415853662,-1.135334141245498,0.43669317876656,-0.2277532223788487,0,0,0.18328338303992905
-0.072721326789467,-0.1727462840875357,1.642684933066664,-0.5833939661779043,1.3529424931227785,1.6437672533852394,1.6437916311820695,1.652265319204255,1.10219786023565,1.5820287775372746,-1.7763568394002505e-15,0.025282648686197,-1.6045206389182798,1.4292732134247137,-1.5968629271937516,0.4005227753597391,0.4005127573310434,0.2685458931733888,-1.3304447010278462,0.327906204055321,0.3269159084078237,1.4874145690551006,1.6382522217462383,-0.0252826486862012,1,0,0.455899033549199
0.6498673734238385,-0.5156782932607803,0.574790158615366,-0.3287860643325159,-1.0304909924884884,0.5706310273011902,0.5753774458097252,0.5518933520374689,0.3212282124096184,0.5227042903269675,-1.7763568394002505e-15,0.4697302494749358,1.1191553214556018,-0.0066969650707396,1.1125182120808097,1.1826129416663496,1.1826130926234486,-0.7573175745967475,0.7516283835227737,0.9910114063273502,0.9902777203501052,0.0392099382659491,-1.5653338714477971,-0.4697302494749397,0,0,0.25605438811946774
1.5169738136798052,-1.3158529813316842,-0.7904807747785566,1.0247704736831362,-1.2464767136802448,-0.7904197960249194,-0.7904794415036949,-0.785889850843727,-0.1484692472114665,-0.8208292056470788,-1.7763568394002505e-15,0.1339253955456654,1.0252354607530534,-1.7771501570309975,1.0213508130726223,1.11007528137278,1.1100804921862355,0.9024520925973896,0.7516283835227737,1.7969858680154316,1.796004852663561,-1.74935242394983,0.1195912915322652,-0.1339253955456707,0,0,0.27367522215734114
1.0834205935518215,-0.74429963270961,-0.7904807747785566,1.7298385095626727,1.2197627992249866,-0.7904197960249194,-0.7904794415036949,-0.785889850843727,0.2130081326394398,-0.8208292056470788,-1.7763568394002505e-15,-0.0389153380943968,-0.0078830069749707,-1.5195597903397111,-0.0136433640605019,1.2199831289589569,1.2199832819020455,0.8008335415446869,0.7516283835227737,1.3072926466953945,1.3083279041580478,-1.4879533744772813,0.796646672383867,0.0389153380943942,0,0,0.12843831143546627
-1.373380987173417,1.1989817526054425,-0.7904807747785566,1.2315033854379391,-0.8138152210692823,-0.7904197960249194,-0.7904794415036949,-0.785889850843727,-0.042480509292219,-0.8208292056470788,-1.7763568394002505e-15,0.1240487821948056,0.9939288405188716,-0.1354921484163826,0.9912330116145605,-0.5150721318641497,-0.5150670074171652,-0.6000507693961372,0.7516283835227737,-1.3070128652693584,-1.3057417018062842,-0.0924327789168756,-1.3356492612348487,-0.1240487821948098,0,0,0.16840982545517166
0.3608318933385163,-1.2015423116072694,1.577325522021885,-0.4658826268646485,0.3944627271951438,1.5652450905010378,1.577164465947268,1.5835648471800852,1.1055448730120476,1.504517229692615,-1.7763568394002505e-15,0.2919512091594436,0.9313156000505052,1.3446913019738436,0.9346603845514444,0.7071557958886927,0.7071407304443496,0.0507918552033129,-1.3304447010278462,0.3819239099122736,0.3814387970606139,1.4029314741997974,-0.6106000812342721,-0.2919512091594443,0,0,0.1314018198300554
1.372456073637144,-1.430163651056099,-0.7904807747785566,1.1074636383850578,-0.8358968283476726,-0.7904197960249194,-0.7904794415036949,-0.785889850843727,-0.1060737520437673,-0.8208292056470788,-1.7763568394002505e-15,0.4154088760452016,0.6495560179428627,-1.631054128161313,0.6497622626508596,-2.8300235781546097,-2.830023640444174,1.483129527184259,0.7516283835227737,1.5185675055845034,1.5173323106604109,-1.6007322427290975,0.5018276204687393,-0.4154088760452049,0,0,0.14714051449538249
-1.0843455070880947,0.1701857250857087,-0.7904807747785566,-0.2003940454532177,-0.1134142402078359,-0.7904197960249194,-0.7904794415036949,-0.785889850843727,-0.7765919782486891,-0.8208292056470788,-1.7763568394002505e-15,-4.745121599779596,0.0860368537275777,-0.298889022810109,0.0832219973856972,0.4920493519605306,0.4920545299297547,-0.6919913632057247,0.7516283835227737,-0.9995662964199746,-0.9998077154767387,-0.2565482646166511,-0.4923296476171572,4.745121599779591,0,0,0.06999249467353683
0.5053496333811774,1.3132924223298572,1.0024925120281365,0.4720319517281915,0.9437427082451064,0.989415896016917,1.0013153949893456,0.9868669621038694,1.096619505608321,0.9360992121651364,-1.7763568394002505e-15,0.3413342759137479,0.8530490494650503,0.4950275551264669,0.8536679184682783,-0.4518263812835744,-0.4518313808980423,-0.6968303418272819,-1.3304447010278462,0.8617727829686599,0.8630576468269279,0.5450305731731389,-1.299653911873118,-0.3413342759137485,0,0,0.25124097148086916
1.0834205935518215,-1.2015423116072694,-0.7904807747785566,-1.4647290110273246,-0.6419927144343066,-0.7904197960249194,-0.7904794415036949,-0.785889850843727,-1.4247967859442958,-0.8208292056470788,-1.7763568394002505e-15,-0.1228665515767158,0.7278225685283201,-1.3734637614700262,0.7307547287340261,0.3531011217018489,0.3531062922868389,0.7185709049782129,0.7516283835227737,1.032660572058178,1.032684411524497,-1.3413543199277282,0.0527427855747652,0.1228665515767114,0,0,0.09682268116860134
-0.5062745469174503,-1.544474320780514,0.4143363381490084,0.1129695260487977,-1.243026462542996,0.4135867015327962,0.4135686159537798,0.3906865947076844,0.4104818864468788,0.3676811946376577,-1.7763568394002505e-15,-0.1129899382258561,0.6025960875915898,0.7968311937125261,0.6033645685127643,-0.3858968638649167,-0.3859018599756386,-0.3822967314260606,-1.3304447010278462,-0.8604833247976343,-0.8604714444751637,0.8492775080746929,-0.8060034063408105,0.1129899382258506,0,0,0.19639044775183176
-0.7953100270027725,1.0846710828810275,-0.7332356678682916,-1.6170585249519154,-0.1603376556744156,-0.7380716874354547,-0.7333704427310083,-0.7312917356004132,-1.4538042300064054,-0.7691548404173089,-1.7763568394002505e-15,-0.0142238047172474,-0.0548429373262435,-0.5564793895013951,-0.0474241413715712,-0.0987084936345555,-0.0987084107717169,-0.2734197124410226,0.7516283835227737,-0.4086529814147138,-0.4091430884048444,-0.5172736051988067,-0.0980948688934395,0.0142238047172422,0,0,0.15957320659487836
1.227938333594483,0.3988070645345384,-0.7904807747785566,0.163020652052592,0.1308635403093581,-0.7904197960249194,-0.7904794415036949,-0.785889850843727,-0.5902749336959074,-0.8208292056470788,-1.7763568394002505e-15,0.232691529054274,-0.4148690700193434,-1.6483549736853544,-0.4080237642343113,0.2237233052620059,0.2237183415488005,1.025846047447099,0.7516283835227737,1.553148934100403,1.553680903095604,-1.6191918663258704,1.27487059961829,-0.2326915290542791,0,0,0.017495343339404057
1.6614915537224662,0.9703604131566128,-0.7904807747785566,-1.625763068604749,1.0320691373586672,-0.7904197960249194,-0.7904794415036949,-0.785889850843727,-1.5073564344287618,-0.8208292056470788,-1.7763568394002505e-15,0.608002836386989,-0.2739892789655222,-0.2854328096247432,-0.2769706281600424,-1.7828481401992395,-1.782838019415376,-0.3798772421152824,0.7516283835227737,-1.026070310975956,-1.027069159803134,-0.2424003779183946,-0.1083792544253624,-0.6080028363869916,1,0,0.45761361941091766
0.3608318933385163,0.0558750553612939,1.5260221797520546,0.4459183207696908,-1.213354302762659,1.5390710362063105,1.5271940920211675,1.5297430084568189,1.529499824689036,1.4786800470777348,-1.7763568394002505e-15,0.3067661291857332,0.6025960875915898,1.3908268900379546,0.6029575711957638,-2.2545075027154526,-2.2544923432860657,0.3653254656045335,-1.3304447010278462,0.1953861312754142,0.1966667855150471,1.4487436787465329,-0.2112231097445933,-0.3067661291857356,0,0,0.07989272173924086
-0.9398277670454336,-0.1727462840875357,-0.7904807747785566,0.2391854090148879,0.9872158725744372,-0.7904197960249194,-0.7904794415036949,-0.785889850843727,-0.5512264513046057,-0.8208292056470788,-1.7763568394002505e-15,0.5339282362555298,-0.133109487911701,-0.210462479020563,-0.1320795833077449,-2.1912870706899543,-2.1912769716120803,-0.6048897480176944,0.7516283835227737,-1.1686871512057606,-1.1694344801743084,-0.1662712733039666,-0.3432060574042725,-0.5339282362555352,1,0,0.09184423386991936
-1.517898727216078,-1.430163651056099,-0.7904807747785566,0.1303786133544657,-1.4755733891935456,-0.7904197960249194,-0.7904794415036949,-0.785889850843727,-0.6070099975778936,-0.8208292056470788,-1.7763568394002505e-15,0.316642742536593,1.2130751821581502,-0.164326890956452,1.2089765762100078,-3.09136170365208,-3.09135165240757,-0.7887709356368694,0.7516283835227737,-1.2532475785986534,-1.2542478625230935,-0.1211327776476245,-1.5533354216605535,-0.3166427425365965,0,0,0.2388578246040112
1.372456073637144,-1.430163651056099,-0.7904807747785566,-0.9903313819478836,0.9244213018765146,-0.7904197960249194,-0.7904794415036949,-0.785889850843727,-1.1815805241927602,-0.8208292056470788,-1.7763568394002505e-15,-0.0636068714715517,0.2425699548984898,-1.2965711146965082,0.2468349188200329,0.3842176258906101,0.3842278618405327,0.3677449549153133,0.7516283835227737,0.8872671207796516,0.8872900417837236,-1.2637430557544356,0.3115664881281627,0.0636068714715463,0,0,0.14389743975565739
1.5169738136798052,-1.6587849905049288,-0.7904807747785566,-0.8858768581138783,1.2273533517269333,-0.7904197960249194,-0.7904794415036949,-0.785889850843727,-1.1280283197704035,-0.8208292056470788,-1.7763568394002505e-15,0.3413342759137479,0.5556361572403142,-1.5945301209438916,0.5581878663256716,0.1822261934919628,0.1822161638621629,0.909710560529724,0.7516283835227737,1.4509191636701888,1.4506932245292226,-1.5646214462040238,0.3938415723835473,-0.3413342759137485,0,0,0.19839416429763043
1.227938333594483,-1.544474320780514,-0.7904807747785566,-1.0142688769931765,-0.3142188563956987,-0.7904197960249194,-0.7904794415036949,-0.785889850843727,-1.1938529043728834,-0.8208292056470788,-1.7763568394002505e-15,0.4549153294486462,0.1799567144301261,-1.7809947893696734,0.1821223454168999,1.0913648691713993,1.0913548878566623,0.7693801805045641,0.7516283835227737,1.8027915092991225,1.80206295140276,-1.7524514848456387,0.7915044796179059,-0.4549153294486484,0,0,0.14816876667548284
1.0834205935518215,-0.6299889629851951,-0.7904807747785566,0.1347308851808825,1.2666862146915658,-0.7904197960249194,-0.7904794415036949,-0.785889850843727,-0.6047786557269622,-0.8208292056470788,-1.7763568394002505e-15,0.0845423287913611,-0.7435885824782588,-1.5791515915891878,-0.7360636017369847,-0.7688400093938098,-0.7688500895668602,0.8274479239632516,0.7516283835227737,1.4198716037617538,1.420402730833228,-1.548048207500352,1.4497051536609822,-0.0845423287913664,1,0,0.13982566395240634
1.0834205935518215,-1.3158529813316842,-0.7904807747785566,0.8746170956717542,1.5116540454362095,-0.7904197960249194,-0.7904794415036949,-0.785889850843727,-0.2254505410686036,-0.8208292056470788,-1.7763568394002505e-15,0.52405162290467,0.5086762268890413,-1.3350174380832671,0.5113831748705758,1.0167257688064963,1.0167360383702917,0.4693635059680142,0.7516283835227737,0.9602162656051624,0.9599872266541106,-1.3026834296191605,0.1418741268514317,-0.5240516229046744,0,0,0.1831731095509003
-1.373380987173417,0.1701857250857087,-0.7904807747785566,0.3849865151998533,0.2916452433051383,-0.7904197960249194,-0.7904794415036949,-0.785889850843727,-0.4764764992984,-0.8208292056470788,-1.7763568394002505e-15,-0.0389153380943968,1.1817685619239655,-0.1047350897069753,1.1874057184089637,-1.3938032228969592,-1.393793081437781,-0.7040888097596181,0.7516283835227737,-1.365574116478765,-1.3663226891982732,-0.0611726864026327,-1.5499072931499125,0.0389153380943942,0,0,0.08778876988867064
-1.6624164672587392,-0.5156782932607803,-0.7904807747785566,1.3076681424002334,0.9561636123392004,-0.7904197960249194,-0.7904794415036949,-0.785889850843727,-0.003432026900918,-0.8208292056470788,-1.7763568394002505e-15,0.1339253955456654,0.9000089798163232,-0.0701333986588921,0.896809634070367,0.614970936855921,0.6149710576463775,-0.5710168976667935,0.7516283835227737,-1.4332224583930793,-1.4329617753294617,-0.0250618898775589,-1.2893695263411946,-0.1339253955456707,0,0,0.1504273812038547
-1.0843455070880947,-1.3158529813316842,-0.7904807747785566,0.7179353099207464,-0.7158280887714246,-0.7904197960249194,-0.7904794415036949,-0.785889850843727,-0.3057788477021382,-0.8208292056470788,-1.7763568394002505e-15,0.4944217828520907,0.1486500941959414,-0.1873946849885075,0.1503765546908347,-0.6221696198368586,-0.6221847559265761,-0.7669955318398618,0.7516283835227737,-1.2108411553090834,-1.211841171348701,-0.1437693963648349,-0.6414532378300418,-0.4944217828520918,0,0,0.10955147666263898
1.6614915537224662,-1.6587849905049288,-0.7904807747785566,0.5656057959961547,1.086583105327194,-0.7904197960249194,-0.7904794415036949,-0.785889850843727,-0.3838758124847418,-0.8208292056470788,-1.7763568394002505e-15,0.0154060353353373,-0.11745617779461,-0.1162689867230031,-0.1174276798957148,1.2452763654801688,1.245281583478723,-0.6581185128548238,0.7516283835227737,-1.3463902583239595,-1.3451193436110769,-0.0714130615366088,-0.4306233344256189,-0.0154060353353403,0,0,0.3952373330702617
-1.228863247130756,0.3988070645345384,-0.7904807747785566,-0.1089963370984634,0.622179302253545,-0.7904197960249194,-0.7904794415036949,-0.785889850843727,-0.7297337993791274,-0.8208292056470788,-1.7763568394002505e-15,0.6425709831150036,-0.0078830069749707,-0.2431418538993082,-0.0148643560115042,1.037537621079207,1.037537764326454,-0.7331226814889609,0.7516283835227737,-1.1068444505751374,-1.1058244434127198,-0.1992830089332319,-0.4580483625107471,-0.6425709831150045,0,0,0.033429894507099246
0.2163141532958551,-1.2015423116072694,1.70280930918595,-0.4484735395589805,-1.6846586081108046,1.6961153619747042,1.7032801715702846,1.715531855588095,1.2215746492604864,1.6337031427670443,-1.7763568394002505e-15,0.2129383023525545,1.103502011338511,1.3216235079417882,1.0958313220837754,0.6042865066137244,0.6042764994138032,0.312096700767404,-1.3304447010278462,0.6691769438618621,0.6691984871725625,1.3789474377018005,-0.6860189084683748,-0.2129383023525576,0,0,0.277248797315706
